unix_time,sample_id,pressure_pa,temperature_c,height_m,kf_pressure_pa,kf_height_m
1783575339,20,98589.1,26.15,159.25,98589.27,159.24
1783575339,21,98589.43,26.15,159.22,98589.31,159.23
1783575339,22,98589.43,26.15,159.22,98589.31,159.23
1783575339,23,98589.52,26.15,159.21,98589.36,159.23
1783575339,24,98589.52,26.15,159.21,98589.4,159.23
1783575339,25,98589.27,26.16,159.24,98589.41,159.23
1783575339,26,98589.37,26.16,159.23,98589.4,159.23
1783575339,27,98589.37,26.16,159.23,98589.39,159.23
1783575339,28,98589.37,26.16,159.23,98589.38,159.23
1783575340,29,98589.79,26.16,159.2,98589.48,159.22
1783575340,30,98589.46,26.16,159.23,98589.48,159.22
1783575340,31,98589.46,26.16,159.23,98589.47,159.23
1783575340,32,98589.88,26.16,159.19,98589.57,159.22
1783575340,33,98589.23,26.16,159.25,98589.41,159.23
1783575340,34,98589.23,26.16,159.25,98589.37,159.23
1783575340,35,98589.23,26.16,159.25,98589.34,159.24
1783575341,36,98588.8,26.16,159.28,98589.2,159.25
1783575341,37,98589.13,26.16,159.25,98589.19,159.25
1783575341,38,98588.71,26.16,159.29,98589.07,159.26
1783575341,39,98588.71,26.16,159.29,98588.98,159.27
1783575341,40,98588.94,26.16,159.27,98588.97,159.27
1783575341,41,98588.41,26.14,159.31,98588.73,159.28
1783575341,42,98588.98,26.14,159.26,98588.8,159.27
1783575342,43,98588.88,26.14,159.27,98588.81,159.27
1783575342,44,98588.71,26.13,159.28,98588.8,159.27
1783575342,45,98588.94,26.13,159.26,98588.84,159.27
1783575342,46,98588.84,26.13,159.26,98588.84,159.27
1783575342,47,98588.74,26.12,159.27,98588.81,159.26
1783575342,48,98588.26,26.12,159.31,98588.68,159.27
1783575342,49,98587.71,26.1,159.35,98588.3,159.3
1783575342,50,98587.6,26.1,159.36,98588.13,159.31
1783575343,51,98587.6,26.1,159.36,98588.01,159.32
1783575343,52,98587.41,26.1,159.38,98587.87,159.34
1783575343,53,98587.66,26.09,159.35,98587.82,159.33
1783575343,54,98587.48,26.09,159.36,98587.74,159.34
1783575343,55,98587.38,26.09,159.37,98587.66,159.35
1783575343,56,98587.21,26.08,159.38,98587.56,159.35
1783575343,57,98587.63,26.07,159.34,98587.46,159.36
1783575344,58,98587.45,26.06,159.35,98587.47,159.35
1783575344,59,98587.6,26.06,159.34,98587.51,159.35
1783575344,60,98587.41,26.05,159.35,98587.5,159.34
1783575344,61,98587.54,26.05,159.34,98587.52,159.34
1783575344,62,98587.38,26.04,159.35,98587.5,159.34
1783575344,63,98587.18,26.04,159.36,98587.43,159.34
1783575344,64,98587.02,26.03,159.37,98587.34,159.34
1783575345,65,98587.12,26.02,159.36,98587.2,159.35
1783575345,66,98586.91,26.01,159.37,98587.14,159.35
1783575345,67,98587.18,26.01,159.35,98587.16,159.35
1783575345,68,98586.98,26.0,159.36,98587.14,159.35
1783575345,69,98586.79,26.0,159.38,98587.07,159.35
1783575345,70,98586.73,26.0,159.38,98587.0,159.36
1783575345,71,98586.85,25.99,159.37,98586.99,159.35
1783575345,72,98586.65,25.99,159.38,98586.93,159.36
1783575346,73,98586.37,25.97,159.4,98586.7,159.37
1783575346,74,98586.37,25.97,159.4,98586.64,159.37
1783575346,75,98586.16,25.96,159.41,98586.55,159.38
1783575346,76,98586.39,25.96,159.39,98586.54,159.38
1783575346,77,98586.23,25.96,159.41,98586.48,159.38
1783575346,78,98586.13,25.95,159.41,98586.42,159.38
1783575346,79,98585.94,25.95,159.43,98586.33,159.39
1783575346,80,98586.2,25.95,159.4,98586.32,159.39
1783575347,81,98586.2,25.93,159.39,98586.27,159.39
1783575347,82,98586.74,25.93,159.34,98586.41,159.37
1783575347,83,98586.91,25.92,159.32,98586.56,159.36
1783575347,84,98587.04,25.92,159.31,98586.71,159.34
1783575347,85,98587.27,25.91,159.29,98586.88,159.32
1783575347,86,98587.1,25.91,159.3,98586.97,159.31
1783575347,87,98586.91,25.9,159.31,98586.98,159.31
1783575347,88,98587.1,25.9,159.3,98587.04,159.3
1783575348,89,98586.9,25.89,159.31,98587.06,159.29
1783575348,90,98586.8,25.88,159.31,98587.04,159.29
1783575348,91,98587.03,25.88,159.29,98587.07,159.29
1783575348,92,98586.84,25.88,159.31,98587.05,159.29
1783575348,93,98587.1,25.87,159.28,98587.09,159.28
1783575348,94,98587.23,25.87,159.27,98587.16,159.28
1783575348,95,98587.03,25.86,159.28,98587.16,159.27
1783575348,96,98587.29,25.86,159.26,98587.23,159.26
1783575349,97,98587.16,25.85,159.27,98587.27,159.26
1783575349,98,98587.29,25.84,159.25,98587.31,159.25
1783575349,99,98587.09,25.84,159.27,98587.3,159.25
1783575349,100,98587.35,25.84,159.24,98587.34,159.24
1783575349,101,98587.58,25.83,159.22,98587.45,159.23
1783575349,102,98587.38,25.83,159.23,98587.47,159.23
1783575349,103,98587.61,25.83,159.21,98587.54,159.22
1783575350,104,98587.45,25.82,159.22,98587.55,159.21
1783575350,105,98587.87,25.81,159.18,98587.89,159.18
1783575350,106,98587.7,25.8,159.19,98587.89,159.17
1783575350,107,98587.93,25.8,159.17,98587.95,159.17
1783575350,108,98587.73,25.79,159.18,98587.94,159.16
1783575350,109,98587.96,25.79,159.16,98587.98,159.16
1783575350,110,98587.9,25.79,159.17,98588.01,159.16
1783575351,111,98587.7,25.78,159.18,98587.98,159.15
1783575351,112,98587.6,25.78,159.19,98587.94,159.16
1783575351,113,98587.79,25.77,159.17,98587.91,159.16
1783575351,114,98587.7,25.77,159.17,98587.91,159.16
1783575351,115,98587.96,25.76,159.15,98587.97,159.14
1783575351,116,98588.18,25.76,159.13,98588.07,159.14
1783575351,117,98587.99,25.76,159.14,98588.09,159.13
1783575351,118,98588.21,25.75,159.12,98588.18,159.12
1783575352,119,98588.05,25.75,159.13,98588.2,159.12
1783575352,120,98587.85,25.74,159.14,98588.16,159.12
1783575352,121,98588.79,25.73,159.06,98588.61,159.07
1783575352,122,98589.02,25.73,159.04,98588.77,159.06
1783575352,123,98588.86,25.73,159.05,98588.84,159.05
1783575352,124,98588.76,25.72,159.05,98588.88,159.04
1783575352,125,98588.99,25.72,159.03,98588.95,159.04
1783575353,126,98589.21,25.72,159.01,98589.07,159.03
1783575353,127,98589.05,25.71,159.02,98589.13,159.02
1783575353,128,98589.27,25.71,159.0,98589.22,159.01
1783575353,129,98589.7,25.7,158.96,98589.59,158.97
1783575353,130,98589.53,25.69,158.97,98589.64,158.96
1783575353,131,98589.01,25.69,159.02,98589.54,158.97
1783575353,132,98589.24,25.68,158.99,98589.52,158.96
1783575354,133,98589.4,25.68,158.98,98589.55,158.96
1783575354,134,98589.21,25.67,158.99,98589.53,158.96
1783575354,135,98589.43,25.67,158.97,98589.56,158.96
1783575354,136,98589.27,25.67,158.98,98589.55,158.96
1783575354,137,98589.37,25.65,158.96,98589.63,158.94
1783575354,138,98589.59,25.65,158.94,98589.67,158.94
1783575354,139,98589.39,25.64,158.96,98589.67,158.93
1783575354,140,98589.65,25.64,158.93,98589.73,158.93
1783575355,141,98589.46,25.64,158.95,98589.73,158.93
1783575355,142,98589.26,25.63,158.96,98589.68,158.92
1783575355,143,98589.52,25.63,158.94,98589.7,158.92
1783575355,144,98588.99,25.62,158.98,98589.59,158.93
1783575355,145,98589.29,25.61,158.95,98589.53,158.93
1783575355,146,98589.09,25.61,158.97,98589.49,158.93
1783575355,147,98589.32,25.61,158.95,98589.52,158.93
1783575356,148,98589.57,25.6,158.92,98589.6,158.92
1783575356,149,98589.05,25.6,158.96,98589.53,158.92
1783575356,150,98589.28,25.6,158.94,98589.54,158.92
1783575356,151,98589.22,25.59,158.94,98589.53,158.92
1783575356,152,98589.45,25.59,158.92,98589.58,158.91
1783575356,153,98589.21,25.58,158.94,98589.48,158.91
1783575356,154,98589.44,25.57,158.91,98589.54,158.9
1783575357,155,98588.95,25.57,158.96,98589.46,158.91
1783575357,156,98588.85,25.57,158.97,98589.38,158.92
1783575357,157,98588.76,25.56,158.97,98589.3,158.92
1783575357,158,98588.98,25.56,158.95,98589.3,158.92
1783575357,159,98588.88,25.56,158.96,98589.27,158.92
1783575357,160,98588.4,25.55,159.0,98589.13,158.93
1783575357,161,98589.01,25.54,158.94,98589.03,158.93
1783575357,162,98588.49,25.54,158.98,98588.97,158.94
1783575358,163,98588.71,25.54,158.96,98588.98,158.94
1783575358,164,98588.94,25.53,158.94,98589.05,158.93
1783575358,165,98588.45,25.53,158.98,98588.98,158.93
1783575358,166,98588.68,25.53,158.96,98588.98,158.93
1783575358,167,98588.59,25.52,158.96,98588.96,158.93
1783575358,168,98588.41,25.52,158.98,98588.91,158.93
1783575358,169,98588.12,25.51,159.0,98588.66,158.95
1783575359,170,98588.02,25.51,159.01,98588.58,158.96
1783575359,171,98588.28,25.51,158.98,98588.58,158.96
1783575359,172,98588.28,25.51,158.98,98588.58,158.96
1783575359,173,98588.18,25.5,158.99,98588.56,158.95
1783575359,174,98588.09,25.5,159.0,98588.52,158.96
1783575359,175,98587.89,25.5,159.01,98588.45,158.96
1783575359,176,98588.15,25.49,158.99,98588.46,158.96
1783575359,177,98588.34,25.48,158.96,98588.66,158.94
1783575360,178,98588.57,25.48,158.94,98588.72,158.93
1783575360,179,98588.47,25.48,158.95,98588.73,158.93
1783575360,180,98588.37,25.47,158.96,98588.73,158.92
1783575360,181,98588.63,25.47,158.93,98588.79,158.92
1783575360,182,98588.53,25.47,158.94,98588.8,158.92
1783575360,183,98588.11,25.47,158.98,98588.72,158.92
1783575360,184,98588.43,25.47,158.95,98588.73,158.92
1783575361,185,98588.17,25.46,158.97,98588.69,158.92
1783575361,186,98588.07,25.46,158.98,98588.62,158.93
1783575361,187,98588.4,25.46,158.95,98588.65,158.93
1783575361,188,98588.3,25.45,158.95,98588.65,158.92
1783575361,189,98588.3,25.45,158.95,98588.65,158.92
1783575361,190,98588.2,25.45,158.96,98588.63,158.92
1783575361,191,98587.77,25.45,159.0,98588.5,158.93
1783575361,192,98588.1,25.45,158.97,98588.48,158.93
1783575362,193,98587.94,25.44,158.98,98588.34,158.94
1783575362,194,98588.27,25.44,158.95,98588.41,158.94
1783575362,195,98588.16,25.44,158.96,98588.44,158.93
1783575362,196,98588.07,25.44,158.97,98588.44,158.93
1783575362,197,98587.65,25.44,159.0,98588.33,158.94
1783575362,198,98588.29,25.44,158.95,98588.41,158.94
1783575362,199,98588.23,25.43,158.95,98588.45,158.93
1783575362,200,98588.13,25.43,158.95,98588.45,158.93
1783575363,201,98587.57,25.42,159.0,98588.27,158.94
1783575363,202,98587.48,25.41,159.0,98588.17,158.94
1783575363,203,98587.7,25.41,158.98,98588.15,158.94
1783575363,204,98587.21,25.41,159.03,98588.01,158.96
1783575363,205,98587.44,25.4,159.0,98587.96,158.95
1783575363,206,98587.66,25.4,158.98,98587.98,158.95
1783575363,207,98587.18,25.4,159.02,98587.87,158.96
1783575363,208,98587.09,25.39,159.03,98587.77,158.97
1783575364,209,98586.95,25.38,159.03,98587.45,158.99
1783575364,210,98586.85,25.38,159.04,98587.39,158.99
1783575364,211,98586.75,25.38,159.05,98587.33,159.0
1783575364,212,98586.68,25.37,159.05,98587.27,159.0
1783575364,213,98586.91,25.37,159.03,98587.27,159.0
1783575364,214,98586.8,25.37,159.04,98587.25,159.0
1783575364,215,98586.62,25.36,159.05,98587.2,159.0
1783575365,216,98586.55,25.36,159.06,98587.13,159.01
1783575365,217,98586.48,25.35,159.06,98586.91,159.02
1783575365,218,98586.74,25.35,159.04,98586.97,159.02
1783575365,219,98586.96,25.35,159.02,98587.06,159.01
1783575365,220,98586.77,25.34,159.03,98587.09,159.0
1783575365,221,98586.66,25.34,159.04,98587.08,159.0
1783575365,222,98586.6,25.34,159.04,98587.06,159.0
1783575365,223,98586.18,25.33,159.07,98586.95,159.01
1783575366,224,98586.41,25.33,159.05,98586.92,159.01
1783575366,225,98586.7,25.32,159.02,98586.95,159.0
1783575366,226,98586.92,25.32,159.0,98587.04,158.99
1783575366,227,98586.82,25.32,159.01,98587.09,158.99
1783575366,228,98586.73,25.31,159.02,98587.1,158.98
1783575366,229,98586.98,25.31,158.99,98587.17,158.98
1783575366,230,98587.21,25.31,158.97,98587.28,158.97
1783575367,231,98587.12,25.31,158.98,98587.34,158.96
1783575367,232,98587.02,25.3,158.98,98587.38,158.95
1783575367,233,98587.4,25.3,158.95,98587.6,158.93
1783575367,234,98586.98,25.29,158.98,98587.55,158.93
1783575367,235,98587.21,25.29,158.96,98587.57,158.93
1783575367,236,98587.1,25.29,158.97,98587.56,158.93
1783575367,237,98587.04,25.29,158.98,98587.54,158.93
1783575368,238,98587.27,25.28,158.95,98587.59,158.92
1783575368,239,98587.07,25.28,158.97,98587.56,158.93
1783575368,240,98587.29,25.28,158.95,98587.6,158.92
1783575368,241,98587.26,25.27,158.95,98587.73,158.91
1783575368,242,98587.52,25.26,158.92,98587.79,158.9
1783575368,243,98587.32,25.26,158.94,98587.78,158.9
1783575368,244,98587.23,25.26,158.95,98587.75,158.9
1783575368,245,98587.13,25.25,158.95,98587.71,158.9
1783575369,246,98587.38,25.25,158.93,98587.74,158.89
1783575369,247,98587.29,25.25,158.93,98587.74,158.89
1783575369,248,98587.09,25.24,158.95,98587.7,158.89
1783575369,249,98587.66,25.23,158.89,98587.84,158.88
1783575369,250,98587.15,25.23,158.94,98587.78,158.88
1783575369,251,98587.41,25.23,158.91,98587.8,158.88
1783575369,252,98587.3,25.22,158.92,98587.8,158.87
1783575370,253,98587.21,25.22,158.92,98587.77,158.88
1783575370,254,98587.43,25.22,158.91,98587.8,158.87
1783575370,255,98586.95,25.21,158.94,98587.71,158.88
1783575370,256,98587.17,25.21,158.92,98587.7,158.88
1783575370,257,98586.71,25.2,158.96,98587.48,158.89
1783575370,258,98586.62,25.2,158.97,98587.38,158.9
1783575370,259,98586.84,25.19,158.94,98587.38,158.89
1783575371,260,98586.74,25.19,158.95,98587.34,158.9
1783575371,261,98587.0,25.19,158.93,98587.37,158.9
1783575371,262,98586.9,25.19,158.94,98587.37,158.9
1783575371,263,98586.8,25.18,158.94,98587.34,158.89
1783575371,264,98587.02,25.18,158.92,98587.38,158.89
1783575371,265,98587.74,25.17,158.85,98587.86,158.84
1783575371,266,98587.87,25.17,158.84,98587.98,158.83
1783575371,267,98588.1,25.17,158.82,98588.13,158.82
1783575372,268,98588.02,25.16,158.82,98588.23,158.8
1783575372,269,98588.59,25.16,158.77,98588.45,158.78
1783575372,270,98588.8,25.16,158.75,98588.66,158.77
1783575372,271,98588.71,25.16,158.76,98588.79,158.75
1783575372,272,98588.97,25.15,158.73,98588.95,158.73
1783575372,273,98589.54,25.14,158.68,98589.41,158.69
1783575372,274,98589.8,25.14,158.65,98589.63,158.67
1783575373,275,98589.71,25.14,158.66,98589.77,158.66
1783575373,276,98589.61,25.14,158.67,98589.86,158.65
1783575373,277,98589.51,25.13,158.67,98589.91,158.64
1783575373,278,98589.41,25.13,158.68,98589.91,158.64
1783575373,279,98589.66,25.13,158.66,98589.97,158.63
1783575373,280,98589.24,25.13,158.7,98589.91,158.64
1783575373,281,98589.6,25.12,158.66,98589.95,158.63
1783575373,282,98589.53,25.12,158.67,98589.97,158.63
1783575374,283,98589.43,25.11,158.67,98589.97,158.62
1783575374,284,98589.34,25.11,158.68,98589.94,158.62
1783575374,285,98589.66,25.11,158.65,98590.0,158.62
1783575374,286,98589.55,25.11,158.66,98590.02,158.62
1783575374,287,98589.46,25.11,158.67,98590.01,158.62
1783575374,288,98589.4,25.1,158.67,98589.99,158.61
1783575374,289,98589.95,25.1,158.62,98590.17,158.6
1783575375,290,98589.85,25.1,158.63,98590.22,158.59
1783575375,291,98589.85,25.1,158.63,98590.26,158.59
1783575375,292,98589.75,25.1,158.64,98590.26,158.59
1783575375,293,98589.75,25.1,158.64,98590.26,158.59
1783575375,294,98589.33,25.09,158.67,98590.16,158.59
1783575375,295,98589.65,25.09,158.64,98590.16,158.59
1783575375,296,98589.65,25.09,158.64,98590.16,158.59
1783575376,297,98590.24,25.09,158.59,98590.44,158.57
1783575376,298,98589.81,25.09,158.63,98590.41,158.57
1783575376,299,98589.81,25.09,158.63,98590.4,158.57
1783575376,300,98590.13,25.09,158.6,98590.46,158.57
1783575376,301,98590.46,25.09,158.57,98590.59,158.56
1783575376,302,98590.37,25.09,158.58,98590.66,158.55
1783575376,303,98590.37,25.09,158.58,98590.72,158.55
1783575376,304,98590.27,25.08,158.58,98590.74,158.54
1783575377,305,98590.1,25.08,158.59,98590.74,158.54
1783575377,306,98590.42,25.08,158.57,98590.8,158.53
1783575377,307,98590.32,25.08,158.58,98590.81,158.53
1783575377,308,98589.9,25.07,158.61,98590.72,158.53
1783575377,309,98590.23,25.07,158.58,98590.73,158.53
1783575377,310,98589.8,25.07,158.62,98590.63,158.54
1783575377,311,98589.71,25.07,158.62,98590.54,158.55
1783575377,312,98589.71,25.07,158.62,98590.47,158.56
1783575378,313,98589.22,25.06,158.66,98590.17,158.58
1783575378,314,98589.54,25.06,158.63,98590.15,158.58
1783575378,315,98589.54,25.06,158.63,98590.13,158.58
1783575378,316,98589.12,25.06,158.67,98590.02,158.59
1783575378,317,98589.12,25.06,158.67,98589.93,158.6
1783575378,318,98589.45,25.06,158.64,98589.95,158.6
1783575378,319,98589.45,25.06,158.64,98589.95,158.6
1783575378,320,98589.02,25.06,158.68,98589.86,158.61
1783575379,321,98588.91,25.06,158.69,98589.66,158.62
1783575379,322,98589.24,25.06,158.66,98589.69,158.62
1783575379,323,98588.85,25.05,158.69,98589.63,158.62
1783575379,324,98589.18,25.05,158.66,98589.65,158.62
1783575379,325,98588.85,25.05,158.69,98589.59,158.62
1783575379,326,98588.43,25.05,158.73,98589.44,158.64
1783575379,327,98588.76,25.05,158.7,98589.41,158.64
1783575379,328,98588.76,25.05,158.7,98589.38,158.64
1783575380,329,98588.55,25.05,158.72,98589.26,158.65
1783575380,330,98588.55,25.05,158.72,98589.22,158.66
1783575380,331,98588.55,25.05,158.72,98589.19,158.66
1783575380,332,98588.49,25.04,158.72,98589.15,158.66
1783575380,333,98588.82,25.04,158.69,98589.2,158.65
1783575380,334,98588.82,25.04,158.69,98589.24,158.65
1783575380,335,98588.82,25.04,158.69,98589.27,158.65
1783575381,336,98588.4,25.04,158.72,98589.2,158.65
1783575381,337,98588.2,25.04,158.74,98589.03,158.67
1783575381,338,98588.2,25.04,158.74,98588.96,158.67
1783575381,339,98588.2,25.04,158.74,98588.91,158.68
1783575381,340,98587.77,25.03,158.77,98588.77,158.69
1783575381,341,98587.77,25.03,158.77,98588.66,158.7
1783575381,342,98587.77,25.03,158.77,98588.58,158.7
1783575382,343,98587.77,25.03,158.77,98588.52,158.71
1783575382,344,98587.38,25.03,158.81,98588.38,158.72
1783575382,345,98587.61,25.03,158.79,98588.27,158.73
1783575382,346,98587.61,25.03,158.79,98588.25,158.73
1783575382,347,98587.51,25.03,158.8,98588.2,158.74
1783575382,348,98587.84,25.03,158.77,98588.25,158.73
1783575382,349,98587.41,25.02,158.8,98588.19,158.73
1783575382,350,98587.41,25.02,158.8,98588.13,158.74
1783575383,351,98587.74,25.02,158.77,98588.17,158.73
1783575383,352,98587.31,25.02,158.81,98588.1,158.74
1783575383,353,98587.9,25.02,158.76,98588.26,158.73
1783575383,354,98588.23,25.02,158.73,98588.39,158.71
1783575383,355,98587.8,25.02,158.77,98588.38,158.71
1783575383,356,98588.12,25.02,158.74,98588.45,158.71
1783575383,357,98587.7,25.01,158.77,98588.41,158.71
1783575384,358,98588.02,25.01,158.74,98588.45,158.7
1783575384,359,98588.02,25.01,158.74,98588.48,158.7
1783575384,360,98587.92,25.01,158.75,98588.48,158.7
1783575384,361,98587.83,25.01,158.76,98588.45,158.7
1783575384,362,98587.76,25.01,158.76,98588.41,158.71
1783575384,363,98588.09,25.01,158.74,98588.47,158.7
1783575384,364,98588.09,25.01,158.74,98588.52,158.7
1783575385,365,98587.99,25.0,158.74,98588.53,158.69
1783575385,366,98588.3,25.0,158.71,98588.62,158.68
1783575385,367,98587.88,25.0,158.75,98588.58,158.69
1783575385,368,98587.88,25.0,158.75,98588.55,158.69
1783575385,369,98587.69,25.0,158.77,98588.4,158.7
1783575385,370,98587.69,25.0,158.77,98588.37,158.71
1783575385,371,98587.69,25.0,158.77,98588.34,158.71
1783575385,372,98587.63,24.99,158.77,98588.31,158.7
1783575386,373,98587.63,24.99,158.77,98588.29,158.71
1783575386,374,98587.63,24.99,158.77,98588.27,158.71
1783575386,375,98587.52,24.99,158.77,98588.23,158.71
1783575386,376,98587.52,24.99,158.77,98588.2,158.72
1783575386,377,98587.75,24.99,158.75,98588.25,158.71
1783575386,378,98587.65,24.99,158.76,98588.24,158.71
1783575386,379,98587.65,24.99,158.76,98588.24,158.71
1783575387,380,98587.65,24.99,158.76,98588.24,158.71
1783575387,381,98587.65,24.99,158.76,98588.24,158.71
1783575387,382,98587.65,24.99,158.76,98588.24,158.71
1783575387,383,98587.65,24.99,158.76,98588.24,158.71
1783575387,384,98587.55,24.98,158.77,98588.22,158.71
1783575387,385,98587.49,24.98,158.77,98588.29,158.7
1783575387,386,98587.81,24.98,158.74,98588.31,158.7
1783575387,387,98587.81,24.98,158.74,98588.33,158.7
1783575388,388,98587.49,24.98,158.77,98588.27,158.7
1783575388,389,98587.07,24.98,158.81,98588.11,158.72
1783575388,390,98587.39,24.98,158.78,98588.08,158.72
1783575388,391,98587.71,24.98,158.75,98588.13,158.72
1783575388,392,98587.29,24.98,158.79,98588.07,158.72
1783575388,393,98587.41,24.97,158.77,98588.05,158.72
1783575388,394,98587.41,24.97,158.77,98588.04,158.72
1783575389,395,98587.74,24.97,158.74,98588.11,158.71
1783575389,396,98587.35,24.97,158.78,98588.07,158.72
1783575389,397,98587.68,24.97,158.75,98588.12,158.71
1783575389,398,98587.68,24.97,158.75,98588.16,158.71
1783575389,399,98587.58,24.97,158.76,98588.16,158.71
1783575389,400,98587.58,24.97,158.76,98588.16,158.71
1783575389,401,98587.22,24.96,158.79,98588.06,158.71
1783575390,402,98587.45,24.95,158.76,98588.05,158.71
1783575390,403,98587.34,24.95,158.77,98588.02,158.71
1783575390,404,98587.57,24.95,158.75,98588.05,158.71
1783575390,405,98587.15,24.95,158.79,98587.98,158.71
1783575390,406,98587.15,24.95,158.79,98587.92,158.72
1783575390,407,98587.4,24.94,158.76,98587.95,158.71
1783575390,408,98587.3,24.94,158.77,98587.94,158.71
1783575390,409,98587.27,24.93,158.77,98587.95,158.7
1783575391,410,98587.16,24.93,158.77,98587.91,158.71
1783575391,411,98587.49,24.93,158.75,98587.95,158.7
1783575391,412,98587.4,24.93,158.75,98587.96,158.7
1783575391,413,98587.62,24.92,158.73,98588.03,158.69
1783575391,414,98587.55,24.92,158.73,98588.06,158.69
1783575391,415,98587.13,24.92,158.77,98587.98,158.7
1783575391,416,98587.03,24.92,158.78,98587.9,158.7
1783575392,417,98587.41,24.91,158.74,98587.98,158.69
1783575392,418,98587.32,24.91,158.75,98587.97,158.69
1783575392,419,98587.54,24.9,158.73,98588.02,158.68
1783575392,420,98587.77,24.9,158.7,98588.11,158.67
1783575392,421,98587.67,24.9,158.71,98588.16,158.67
1783575392,422,98587.93,24.9,158.69,98588.25,158.66
1783575392,423,98587.84,24.89,158.69,98588.3,158.65
1783575392,424,98588.38,24.89,158.65,98588.48,158.64
1783575393,425,98588.02,24.88,158.67,98588.67,158.61
1783575393,426,98587.91,24.88,158.68,98588.64,158.62
1783575393,427,98587.82,24.88,158.69,98588.59,158.62
1783575393,428,98587.73,24.87,158.69,98588.54,158.62
1783575393,429,98587.73,24.87,158.69,98588.49,158.63
1783575393,430,98587.98,24.87,158.67,98588.52,158.62
1783575393,431,98588.21,24.87,158.65,98588.6,158.62
1783575393,432,98587.78,24.87,158.69,98588.55,158.62
1783575394,433,98588.49,24.86,158.62,98588.7,158.6
1783575394,434,98588.4,24.86,158.63,98588.78,158.59
1783575394,435,98588.62,24.85,158.6,98588.91,158.58
1783575394,436,98588.52,24.85,158.61,98588.97,158.57
1783575394,437,98588.42,24.85,158.62,98588.99,158.57
1783575394,438,98588.03,24.85,158.66,98588.91,158.58
1783575394,439,98587.61,24.84,158.69,98588.75,158.59
1783575394,440,98587.84,24.84,158.67,98588.69,158.59
1783575395,441,98587.15,24.83,158.72,98588.16,158.63
1783575395,442,98587.05,24.83,158.73,98588.05,158.64
1783575395,443,98586.95,24.83,158.74,98587.94,158.65
1783575395,444,98587.27,24.83,158.71,98587.94,158.65
1783575395,445,98587.53,24.82,158.68,98588.0,158.64
1783575395,446,98587.43,24.82,158.69,98588.02,158.64
1783575395,447,98587.34,24.82,158.7,98588.02,158.64
1783575396,448,98587.66,24.82,158.67,98588.09,158.63
1783575396,449,98588.04,24.81,158.63,98588.4,158.6
1783575396,450,98587.95,24.81,158.64,98588.45,158.6
1783575396,451,98588.27,24.81,158.61,98588.57,158.59
1783575396,452,98588.17,24.81,158.62,98588.63,158.58
1783575396,453,98588.17,24.81,158.62,98588.68,158.58
1783575396,454,98588.4,24.8,158.6,98588.78,158.56
1783575396,455,98587.98,24.8,158.63,98588.75,158.57
1783575397,456,98587.91,24.8,158.64,98588.71,158.57
1783575397,457,98587.29,24.79,158.69,98588.42,158.59
1783575397,458,98587.51,24.79,158.67,98588.36,158.59
1783575397,459,98587.45,24.79,158.68,98588.3,158.6
1783575397,460,98587.77,24.79,158.65,98588.34,158.6
1783575397,461,98587.67,24.78,158.65,98588.34,158.59
1783575397,462,98587.57,24.78,158.66,98588.32,158.59
1783575398,463,98587.48,24.78,158.67,98588.28,158.6
1783575398,464,98587.48,24.78,158.67,98588.25,158.6
1783575398,465,98587.54,24.77,158.66,98588.2,158.6
1783575398,466,98587.43,24.77,158.67,98588.18,158.6
1783575398,467,98587.43,24.77,158.67,98588.16,158.6
1783575398,468,98587.34,24.77,158.67,98588.13,158.6
1783575398,469,98587.24,24.76,158.68,98588.09,158.6
1783575399,470,98587.17,24.76,158.68,98588.03,158.61
1783575399,471,98587.07,24.76,158.69,98587.96,158.61
1783575399,472,98586.98,24.76,158.7,98587.89,158.62
1783575399,473,98586.38,24.75,158.75,98587.5,158.65
1783575399,474,98586.71,24.75,158.72,98587.48,158.65
1783575399,475,98586.29,24.75,158.76,98587.35,158.66
1783575399,476,98586.29,24.75,158.76,98587.26,158.67
1783575399,477,98586.2,24.74,158.76,98587.17,158.67
1783575400,478,98586.09,24.74,158.77,98587.08,158.68
1783575400,479,98586.41,24.74,158.74,98587.09,158.68
1783575400,480,98586.32,24.74,158.75,98587.07,158.68
1783575400,481,98585.73,24.73,158.8,98586.75,158.7
1783575400,482,98586.05,24.73,158.77,98586.75,158.7
1783575400,483,98585.63,24.73,158.8,98586.65,158.71
1783575400,484,98585.52,24.73,158.81,98586.55,158.72
1783575401,485,98585.46,24.72,158.81,98586.46,158.72
1783575401,486,98585.46,24.72,158.81,98586.39,158.73
1783575401,487,98585.04,24.72,158.85,98586.23,158.74
1783575401,488,98584.95,24.72,158.86,98586.09,158.76
1783575401,489,98585.33,24.71,158.82,98585.95,158.76
1783575401,490,98585.55,24.71,158.8,98586.03,158.76
1783575401,491,98585.45,24.71,158.81,98586.06,158.75
1783575401,492,98585.35,24.7,158.81,98586.06,158.75
1783575402,493,98585.68,24.7,158.78,98586.15,158.74
1783575402,494,98585.62,24.7,158.79,98586.2,158.74
1783575402,495,98585.51,24.7,158.8,98586.2,158.74
1783575402,496,98585.84,24.7,158.77,98586.29,158.73
1783575402,497,98585.54,24.69,158.79,98586.28,158.72
1783575402,498,98585.87,24.69,158.76,98586.36,158.72
1783575402,499,98585.8,24.69,158.77,98586.4,158.71
1783575403,500,98585.8,24.69,158.77,98586.43,158.71
1783575403,501,98586.12,24.69,158.74,98586.53,158.7
1783575403,502,98585.7,24.69,158.78,98586.51,158.7
1783575403,503,98585.7,24.69,158.78,98586.48,158.71
1783575403,504,98585.6,24.68,158.78,98586.45,158.7
1783575403,505,98585.4,24.68,158.8,98586.33,158.72
1783575403,506,98585.73,24.68,158.77,98586.36,158.71
1783575404,507,98585.34,24.68,158.8,98586.29,158.72
1783575404,508,98585.34,24.68,158.8,98586.23,158.72
1783575404,509,98585.24,24.67,158.81,98586.18,158.72
1783575404,510,98585.24,24.67,158.81,98586.13,158.73
1783575404,511,98584.82,24.67,158.84,98585.99,158.74
1783575404,512,98584.71,24.67,158.85,98585.86,158.75
1783575404,513,98584.88,24.66,158.83,98585.73,158.76
1783575404,514,98584.77,24.66,158.84,98585.67,158.76
1783575405,515,98584.68,24.66,158.85,98585.61,158.77
1783575405,516,98585.0,24.66,158.82,98585.64,158.77
1783575405,517,98584.58,24.66,158.86,98585.56,158.77
1783575405,518,98584.58,24.66,158.86,98585.5,158.78
1783575405,519,98584.48,24.65,158.86,98585.43,158.78
1783575405,520,98584.48,24.65,158.86,98585.38,158.78
1783575405,521,98584.32,24.65,158.88,98585.16,158.8
1783575406,522,98584.63,24.65,158.85,98585.22,158.8
1783575406,523,98584.63,24.65,158.85,98585.26,158.79
1783575406,524,98584.87,24.65,158.83,98585.34,158.79
1783575406,525,98584.87,24.65,158.83,98585.41,158.78
1783575406,526,98584.76,24.64,158.83,98585.44,158.77
1783575406,527,98585.09,24.64,158.8,98585.54,158.76
1783575406,528,98584.66,24.64,158.84,98585.51,158.77
1783575407,529,98584.5,24.64,158.86,98585.41,158.77
1783575407,530,98584.5,24.64,158.86,98585.38,158.78
1783575407,531,98584.82,24.64,158.83,98585.42,158.77
1783575407,532,98584.82,24.64,158.83,98585.46,158.77
1783575407,533,98584.73,24.63,158.83,98585.47,158.76
1783575407,534,98585.05,24.63,158.8,98585.55,158.76
1783575407,535,98584.95,24.63,158.81,98585.59,158.75
1783575407,536,98585.27,24.63,158.78,98585.7,158.74
1783575408,537,98585.44,24.63,158.77,98586.02,158.72
1783575408,538,98585.76,24.63,158.74,98586.14,158.71
1783575408,539,98585.66,24.62,158.74,98586.21,158.69
1783575408,540,98585.98,24.62,158.71,98586.34,158.68
1783575408,541,98585.56,24.62,158.75,98586.34,158.68
1783575408,542,98585.88,24.62,158.72,98586.41,158.68
1783575408,543,98585.88,24.62,158.72,98586.47,158.67
1783575408,544,98585.88,24.62,158.72,98586.51,158.67
1783575409,545,98585.88,24.62,158.72,98586.68,158.65
1783575409,546,98586.21,24.62,158.69,98586.75,158.65
1783575409,547,98586.21,24.62,158.69,98586.8,158.64
1783575409,548,98585.88,24.62,158.72,98586.77,158.64
1783575409,549,98586.21,24.62,158.69,98586.81,158.64
1783575409,550,98586.53,24.62,158.67,98586.93,158.63
1783575409,551,98586.53,24.62,158.67,98587.02,158.62
1783575409,552,98586.44,24.62,158.67,98587.06,158.62
1783575410,553,98586.66,24.62,158.65,98587.38,158.59
1783575410,554,98586.66,24.62,158.65,98587.38,158.59
1783575410,555,98586.27,24.61,158.68,98587.3,158.59
1783575410,556,98586.59,24.61,158.65,98587.32,158.59
1783575410,557,98586.91,24.61,158.63,98587.41,158.58
1783575410,558,98586.49,24.61,158.66,98587.37,158.59
1783575410,559,98586.49,24.61,158.66,98587.34,158.59
1783575410,560,98586.16,24.61,158.69,98587.24,158.6
1783575411,561,98585.95,24.61,158.71,98587.05,158.61
1783575411,562,98585.95,24.61,158.71,98586.97,158.62
1783575411,563,98586.34,24.62,158.68,98586.99,158.62
1783575411,564,98585.95,24.61,158.71,98586.93,158.62
1783575411,565,98585.95,24.61,158.71,98586.88,158.63
1783575411,566,98585.95,24.61,158.71,98586.84,158.63
1783575411,567,98586.27,24.61,158.68,98586.88,158.63
1783575412,568,98586.16,24.61,158.69,98586.89,158.63
1783575412,569,98586.4,24.61,158.67,98587.12,158.61
1783575412,570,98586.4,24.61,158.67,98587.13,158.61
1783575412,571,98586.4,24.61,158.67,98587.13,158.61
1783575412,572,98586.4,24.61,158.67,98587.14,158.61
1783575412,573,98586.4,24.61,158.67,98587.15,158.61
1783575412,574,98586.07,24.61,158.7,98587.07,158.61
1783575413,575,98586.07,24.61,158.7,98587.02,158.62
1783575413,576,98586.16,24.61,158.69,98586.99,158.62
1783575413,577,98586.27,24.61,158.68,98586.88,158.63
1783575413,578,98586.27,24.61,158.68,98586.91,158.63
1783575413,579,98586.27,24.61,158.68,98586.95,158.62
1783575413,580,98586.27,24.61,158.68,98586.97,158.62
1783575413,581,98586.27,24.61,158.68,98586.98,158.62
1783575413,582,98586.27,24.61,158.68,98587.0,158.62
1783575414,583,98586.27,24.61,158.68,98587.01,158.62
1783575414,584,98586.27,24.61,158.68,98587.02,158.62
1783575414,585,98585.85,24.61,158.72,98587.01,158.62
1783575414,586,98585.85,24.61,158.72,98586.91,158.63
1783575414,587,98585.85,24.61,158.72,98586.84,158.63
1783575414,588,98585.85,24.61,158.72,98586.79,158.64
1783575414,589,98585.85,24.61,158.72,98586.75,158.64
1783575415,590,98585.95,24.61,158.71,98586.74,158.64
1783575415,591,98585.62,24.61,158.74,98586.66,158.65
1783575415,592,98585.62,24.61,158.74,98586.59,158.66
1783575415,593,98585.37,24.62,158.77,98586.21,158.69
1783575415,594,98585.04,24.62,158.8,98586.11,158.7
1783575415,595,98585.04,24.62,158.8,98586.03,158.71
1783575415,596,98585.04,24.62,158.8,98585.98,158.71
1783575416,597,98585.04,24.62,158.8,98585.93,158.72
1783575416,598,98585.04,24.62,158.8,98585.9,158.72
1783575416,599,98585.04,24.62,158.8,98585.88,158.72
1783575416,600,98585.04,24.62,158.8,98585.86,158.72
1783575416,601,98585.69,24.62,158.74,98586.17,158.7
1783575416,602,98586.01,24.62,158.71,98586.32,158.68
1783575416,603,98586.34,24.62,158.68,98586.52,158.67
1783575416,604,98586.34,24.62,158.68,98586.66,158.65
1783575417,605,98586.34,24.62,158.68,98586.77,158.64
1783575417,606,98586.01,24.62,158.71,98586.77,158.64
1783575417,607,98586.01,24.62,158.71,98586.77,158.64
1783575417,608,98586.01,24.62,158.71,98586.77,158.64
1783575417,609,98586.44,24.62,158.67,98587.02,158.62
1783575417,610,98586.44,24.62,158.67,98587.06,158.62
1783575417,611,98586.76,24.62,158.65,98587.17,158.61
1783575418,612,98586.76,24.62,158.65,98587.26,158.6
1783575418,613,98586.76,24.62,158.65,98587.32,158.6
1783575418,614,98586.76,24.62,158.65,98587.37,158.59
1783575418,615,98586.76,24.62,158.65,98587.41,158.59
1783575418,616,98586.66,24.62,158.65,98587.41,158.59
1783575418,617,98586.98,24.62,158.63,98587.49,158.58
1783575418,618,98586.98,24.62,158.63,98587.55,158.58
1783575418,619,98587.09,24.62,158.62,98587.63,158.57
1783575419,620,98587.09,24.62,158.62,98587.68,158.56
1783575419,621,98587.09,24.62,158.62,98587.72,158.56
1783575419,622,98586.76,24.62,158.65,98587.67,158.56
1783575419,623,98586.76,24.62,158.65,98587.63,158.57
1783575419,624,98586.76,24.62,158.65,98587.6,158.57
1783575419,625,98587.18,24.62,158.61,98587.83,158.55
1783575419,626,98587.18,24.62,158.61,98587.85,158.55
1783575420,627,98586.76,24.62,158.65,98587.77,158.56
1783575420,628,98586.76,24.62,158.65,98587.7,158.56
1783575420,629,98587.18,24.62,158.61,98587.76,158.56
1783575420,630,98586.86,24.62,158.64,98587.73,158.56
1783575420,631,98586.86,24.62,158.64,98587.7,158.56
1783575420,632,98586.53,24.62,158.67,98587.6,158.57
1783575420,633,98586.63,24.62,158.66,98587.44,158.59
1783575421,634,98586.3,24.62,158.69,98587.34,158.59
1783575421,635,98586.3,24.62,158.69,98587.27,158.6
1783575421,636,98586.3,24.62,158.69,98587.22,158.6
1783575421,637,98586.73,24.63,158.65,98587.28,158.6
1783575421,638,98586.73,24.63,158.65,98587.33,158.6
1783575421,639,98586.41,24.63,158.68,98587.29,158.6
1783575421,640,98586.41,24.63,158.68,98587.26,158.61
1783575421,641,98586.15,24.63,158.7,98586.93,158.64
1783575422,642,98586.15,24.63,158.7,98586.92,158.64
1783575422,643,98585.82,24.63,158.73,98586.84,158.64
1783575422,644,98585.82,24.63,158.73,98586.77,158.65
1783575422,645,98585.92,24.63,158.72,98586.75,158.65
1783575422,646,98585.92,24.63,158.72,98586.73,158.65
1783575422,647,98585.27,24.63,158.78,98586.56,158.67
1783575422,648,98585.7,24.63,158.74,98586.54,158.67
1783575423,649,98586.02,24.63,158.72,98586.63,158.66
1783575423,650,98586.45,24.64,158.68,98586.76,158.66
1783575423,651,98586.77,24.64,158.65,98586.95,158.64
1783575423,652,98586.77,24.64,158.65,98587.09,158.63
1783575423,653,98586.77,24.64,158.65,98587.2,158.62
1783575423,654,98586.77,24.64,158.65,98587.27,158.61
1783575423,655,98586.45,24.64,158.68,98587.26,158.61
1783575423,656,98587.2,24.64,158.62,98587.43,158.6
1783575424,657,98586.93,24.64,158.64,98587.58,158.58
1783575424,658,98586.93,24.64,158.64,98587.6,158.58
1783575424,659,98586.93,24.64,158.64,98587.62,158.58
1783575424,660,98586.62,24.64,158.67,98587.55,158.59
1783575424,661,98586.71,24.64,158.66,98587.53,158.59
1783575424,662,98587.03,24.64,158.63,98587.59,158.58
1783575424,663,98587.03,24.64,158.63,98587.64,158.58
1783575424,664,98586.71,24.64,158.66,98587.59,158.58
1783575425,665,98586.71,24.64,158.66,98587.51,158.59
1783575425,666,98587.13,24.65,158.63,98587.59,158.59
1783575425,667,98586.48,24.65,158.69,98587.5,158.6
1783575425,668,98586.48,24.65,158.69,98587.43,158.6
1783575425,669,98586.48,24.65,158.69,98587.38,158.61
1783575425,670,98586.16,24.65,158.71,98587.27,158.62
1783575425,671,98586.91,24.65,158.65,98587.36,158.61
1783575425,672,98586.59,24.65,158.68,98587.35,158.61
1783575426,673,98586.59,24.65,158.68,98587.29,158.61
1783575426,674,98586.26,24.65,158.71,98587.22,158.62
1783575426,675,98586.26,24.65,158.71,98587.16,158.63
1783575426,676,98586.26,24.65,158.71,98587.13,158.63
1783575426,677,98586.26,24.65,158.71,98587.09,158.63
1783575426,678,98586.26,24.65,158.71,98587.07,158.63
1783575426,679,98586.26,24.65,158.71,98587.05,158.63
1783575427,680,98586.26,24.65,158.71,98587.04,158.64
1783575427,681,98586.36,24.65,158.7,98587.12,158.63
1783575427,682,98586.36,24.65,158.7,98587.12,158.63
1783575427,683,98586.36,24.65,158.7,98587.12,158.63
1783575427,684,98586.36,24.65,158.7,98587.12,158.63
1783575427,685,98586.03,24.65,158.73,98587.03,158.64
1783575427,686,98586.03,24.65,158.73,98586.97,158.64
1783575427,687,98586.03,24.65,158.73,98586.92,158.65
1783575428,688,98586.1,24.65,158.72,98586.91,158.65
1783575428,689,98585.71,24.65,158.75,98586.64,158.67
1783575428,690,98585.71,24.65,158.75,98586.59,158.68
1783575428,691,98585.71,24.65,158.75,98586.56,158.68
1783575428,692,98585.71,24.65,158.75,98586.54,158.68
1783575428,693,98585.71,24.65,158.75,98586.52,158.68
1783575428,694,98585.71,24.65,158.75,98586.5,158.68
1783575429,695,98585.71,24.65,158.75,98586.49,158.68
1783575429,696,98585.71,24.65,158.75,98586.48,158.69
1783575429,697,98586.03,24.65,158.73,98586.64,158.67
1783575429,698,98586.36,24.65,158.7,98586.76,158.66
1783575429,699,98585.94,24.65,158.73,98586.74,158.66
1783575429,700,98586.26,24.65,158.71,98586.8,158.66
1783575429,701,98586.26,24.65,158.71,98586.85,158.65
1783575430,702,98586.59,24.65,158.68,98586.97,158.64
1783575430,703,98586.59,24.65,158.68,98587.05,158.63
1783575430,704,98586.16,24.65,158.71,98587.02,158.64
1783575430,705,98586.16,24.65,158.71,98586.95,158.65
1783575430,706,98586.48,24.65,158.69,98587.02,158.64
1783575430,707,98586.06,24.64,158.72,98586.97,158.64
1783575430,708,98586.38,24.64,158.69,98587.01,158.63
1783575430,709,98586.38,24.64,158.69,98587.04,158.63
1783575431,710,98586.71,24.64,158.66,98587.14,158.62
1783575431,711,98586.71,24.64,158.66,98587.22,158.62
1783575431,712,98586.71,24.64,158.66,98587.28,158.61
1783575431,713,98586.38,24.64,158.69,98587.29,158.61
1783575431,714,98586.38,24.64,158.69,98587.25,158.61
1783575431,715,98586.38,24.64,158.69,98587.22,158.62
1783575431,716,98586.38,24.64,158.69,98587.2,158.62
1783575432,717,98586.06,24.64,158.72,98587.1,158.63
1783575432,718,98585.74,24.64,158.75,98586.95,158.64
1783575432,719,98585.41,24.64,158.77,98586.76,158.66
1783575432,720,98585.41,24.64,158.77,98586.61,158.67
1783575432,721,98585.19,24.65,158.8,98586.18,158.71
1783575432,722,98585.19,24.65,158.8,98586.12,158.72
1783575432,723,98585.19,24.65,158.8,98586.07,158.72
1783575433,724,98584.87,24.65,158.83,98585.95,158.73
1783575433,725,98585.19,24.65,158.8,98585.95,158.73
1783575433,726,98584.87,24.65,158.83,98585.86,158.74
1783575433,727,98585.29,24.65,158.79,98585.9,158.74
1783575433,728,98584.96,24.65,158.82,98585.85,158.74
1783575433,729,98585.06,24.65,158.81,98585.91,158.74
1783575433,730,98585.06,24.65,158.81,98585.89,158.74
1783575433,731,98585.06,24.65,158.81,98585.87,158.74
1783575434,732,98585.38,24.65,158.78,98585.93,158.73
1783575434,733,98585.77,24.65,158.75,98586.08,158.72
1783575434,734,98585.77,24.65,158.75,98586.19,158.71
1783575434,735,98585.77,24.65,158.75,98586.27,158.7
1783575434,736,98586.1,24.65,158.72,98586.41,158.69
1783575434,737,98585.77,24.65,158.75,98586.48,158.69
1783575434,738,98585.77,24.65,158.75,98586.48,158.69
1783575435,739,98585.88,24.66,158.74,98586.52,158.69
1783575435,740,98585.88,24.66,158.74,98586.54,158.69
1783575435,741,98585.88,24.66,158.74,98586.55,158.68
1783575435,742,98585.88,24.66,158.74,98586.57,158.68
1783575435,743,98585.88,24.66,158.74,98586.58,158.68
1783575435,744,98585.55,24.66,158.77,98586.51,158.69
1783575435,745,98585.55,24.66,158.77,98586.36,158.7
1783575435,746,98585.55,24.66,158.77,98586.34,158.7
1783575436,747,98585.23,24.66,158.8,98586.25,158.71
1783575436,748,98585.23,24.66,158.8,98586.18,158.72
1783575436,749,98585.23,24.66,158.8,98586.13,158.72
1783575436,750,98585.33,24.66,158.79,98586.11,158.72
1783575436,751,98585.33,24.66,158.79,98586.1,158.72
1783575436,752,98585.33,24.66,158.79,98586.09,158.73
1783575436,753,98584.68,24.66,158.85,98585.81,158.75
1783575437,754,98584.68,24.66,158.85,98585.72,158.76
1783575437,755,98585.1,24.66,158.81,98585.75,158.76
1783575437,756,98584.77,24.66,158.84,98585.7,158.76
1783575437,757,98585.1,24.66,158.81,98585.73,158.76
1783575437,758,98584.77,24.66,158.84,98585.68,158.76
1783575437,759,98585.2,24.66,158.8,98585.74,158.76
1783575437,760,98585.2,24.66,158.8,98585.79,158.75
1783575438,761,98585.52,24.66,158.78,98586.03,158.73
1783575438,762,98585.2,24.66,158.8,98586.01,158.73
1783575438,763,98585.2,24.66,158.8,98585.99,158.73
1783575438,764,98585.2,24.66,158.8,98585.98,158.74
1783575438,765,98585.52,24.66,158.78,98586.05,158.73
1783575438,766,98585.2,24.66,158.8,98586.02,158.73
1783575438,767,98585.2,24.66,158.8,98586.0,158.73
1783575438,768,98585.2,24.66,158.8,98585.98,158.74
1783575439,769,98585.52,24.66,158.78,98586.18,158.72
1783575439,770,98585.85,24.66,158.75,98586.28,158.71
1783575439,771,98586.16,24.66,158.72,98586.44,158.69
1783575439,772,98586.16,24.66,158.72,98586.55,158.68
1783575439,773,98586.16,24.66,158.72,98586.64,158.68
1783575439,774,98586.16,24.66,158.72,98586.7,158.67
1783575439,775,98585.74,24.66,158.76,98586.65,158.68
1783575439,776,98585.42,24.66,158.78,98586.53,158.69
1783575440,777,98585.74,24.66,158.76,98586.42,158.7
1783575440,778,98586.07,24.66,158.73,98586.52,158.69
1783575440,779,98586.4,24.66,158.7,98586.67,158.67
1783575440,780,98586.4,24.66,158.7,98586.79,158.66
1783575440,781,98586.3,24.66,158.71,98586.85,158.66
1783575440,782,98586.3,24.66,158.71,98586.9,158.65
1783575440,783,98586.62,24.66,158.68,98587.02,158.64
1783575440,784,98586.2,24.66,158.72,98587.0,158.65
1783575441,785,98585.77,24.65,158.75,98586.72,158.66
1783575441,786,98585.38,24.65,158.78,98586.57,158.68
1783575441,787,98585.38,24.65,158.78,98586.46,158.69
1783575441,788,98585.38,24.65,158.78,98586.38,158.7
1783575441,789,98585.29,24.65,158.79,98586.29,158.7
1783575441,790,98585.61,24.65,158.76,98586.3,158.7
1783575441,791,98585.51,24.65,158.77,98586.29,158.7
1783575441,792,98585.84,24.65,158.74,98586.36,158.7
1783575442,793,98585.63,24.64,158.76,98586.37,158.69
1783575442,794,98585.9,24.64,158.73,98586.44,158.68
1783575442,795,98585.9,24.64,158.73,98586.49,158.68
1783575442,796,98586.54,24.64,158.68,98586.69,158.66
1783575442,797,98586.12,24.64,158.71,98586.73,158.66
1783575442,798,98586.45,24.64,158.68,98586.85,158.65
1783575442,799,98586.35,24.63,158.69,98586.92,158.64
1783575443,800,98586.35,24.63,158.69,98586.97,158.63
1783575443,801,98586.41,24.63,158.68,98587.09,158.62
1783575443,802,98586.73,24.63,158.65,98587.19,158.61
1783575443,803,98586.63,24.62,158.66,98587.23,158.6
1783575443,804,98586.53,24.62,158.67,98587.25,158.6
1783575443,805,98586.53,24.62,158.67,98587.26,158.6
1783575443,806,98586.44,24.62,158.67,98587.24,158.6
1783575444,807,98586.66,24.62,158.65,98587.29,158.6
1783575444,808,98586.66,24.62,158.65,98587.32,158.6
1783575444,809,98586.07,24.61,158.7,98587.25,158.6
1783575444,810,98586.4,24.61,158.67,98587.23,158.6
1783575444,811,98586.4,24.61,158.67,98587.21,158.6
1783575444,812,98585.98,24.61,158.71,98587.09,158.61
1783575444,813,98585.98,24.61,158.71,98587.01,158.62
1783575444,814,98585.9,24.6,158.71,98586.93,158.62
1783575445,815,98586.23,24.6,158.68,98586.95,158.62
1783575445,816,98585.8,24.6,158.72,98586.85,158.63
1783575445,817,98585.93,24.6,158.71,98586.87,158.63
1783575445,818,98586.26,24.6,158.68,98586.91,158.62
1783575445,819,98586.26,24.6,158.68,98586.94,158.62
1783575445,820,98586.16,24.59,158.68,98586.94,158.61
1783575445,821,98586.48,24.59,158.65,98587.02,158.61
1783575446,822,98586.48,24.59,158.65,98587.08,158.6
1783575446,823,98586.48,24.59,158.65,98587.13,158.6
1783575446,824,98586.09,24.59,158.69,98587.06,158.6
1783575446,825,98586.97,24.59,158.61,98587.31,158.58
1783575446,826,98586.87,24.59,158.62,98587.39,158.57
1783575446,827,98587.2,24.59,158.59,98587.53,158.56
1783575446,828,98586.77,24.58,158.62,98587.54,158.55
1783575447,829,98586.77,24.58,158.62,98587.54,158.55
1783575447,830,98587.09,24.58,158.59,98587.63,158.55
1783575447,831,98586.66,24.58,158.63,98587.58,158.55
1783575447,832,98586.66,24.58,158.63,98587.55,158.55
1783575447,833,98586.51,24.58,158.65,98587.48,158.56
1783575447,834,98586.83,24.58,158.62,98587.51,158.56
1783575447,835,98587.15,24.58,158.59,98587.61,158.55
1783575447,836,98586.4,24.57,158.65,98587.5,158.55
1783575448,837,98586.73,24.57,158.62,98587.5,158.55
1783575448,838,98586.6,24.57,158.63,98587.47,158.56
1783575448,839,98586.6,24.57,158.63,98587.45,158.56
1783575448,840,98586.6,24.57,158.63,98587.43,158.56
1783575448,841,98586.76,24.57,158.62,98587.48,158.55
1783575448,842,98586.34,24.56,158.65,98587.4,158.56
1783575448,843,98586.66,24.56,158.62,98587.41,158.56
1783575449,844,98586.23,24.56,158.66,98587.31,158.56
1783575449,845,98586.23,24.56,158.66,98587.24,158.57
1783575449,846,98586.13,24.56,158.67,98587.16,158.58
1783575449,847,98586.78,24.56,158.61,98587.27,158.57
1783575449,848,98586.36,24.56,158.65,98587.23,158.57
1783575449,849,98586.62,24.55,158.62,98587.42,158.55
1783575449,850,98586.52,24.55,158.63,98587.4,158.55
1783575449,851,98586.52,24.55,158.63,98587.38,158.55
1783575450,852,98586.74,24.55,158.61,98587.42,158.55
1783575450,853,98586.74,24.55,158.61,98587.45,158.55
1783575450,854,98586.97,24.55,158.59,98587.53,158.54
1783575450,855,98587.62,24.55,158.53,98587.75,158.52
1783575450,856,98587.2,24.54,158.56,98587.81,158.51
1783575450,857,98587.35,24.54,158.55,98588.07,158.49
1783575450,858,98587.68,24.54,158.52,98588.17,158.48
1783575451,859,98587.26,24.54,158.56,98588.14,158.48
1783575451,860,98587.26,24.54,158.56,98588.12,158.48
1783575451,861,98587.15,24.53,158.56,98588.09,158.48
1783575451,862,98587.48,24.53,158.53,98588.13,158.48
1783575451,863,98587.8,24.53,158.5,98588.25,158.47
1783575451,864,98587.48,24.53,158.53,98588.26,158.46
1783575451,865,98587.05,24.53,158.57,98587.99,158.49
1783575452,866,98587.38,24.53,158.54,98588.04,158.48
1783575452,867,98586.99,24.53,158.58,98587.98,158.49
1783575452,868,98587.31,24.53,158.55,98588.01,158.49
1783575452,869,98587.31,24.53,158.55,98588.03,158.48
1783575452,870,98587.63,24.53,158.52,98588.13,158.48
1783575452,871,98587.63,24.53,158.52,98588.21,158.47
1783575452,872,98587.31,24.53,158.55,98588.19,158.47
1783575452,873,98587.21,24.53,158.56,98588.13,158.48
1783575453,874,98586.79,24.52,158.59,98588.01,158.48
1783575453,875,98586.79,24.52,158.59,98587.91,158.49
1783575453,876,98587.12,24.52,158.56,98587.91,158.49
1783575453,877,98587.45,24.52,158.53,98588.0,158.48
1783575453,878,98587.02,24.52,158.57,98587.96,158.49
1783575453,879,98587.02,24.52,158.57,98587.93,158.49
1783575453,880,98587.66,24.52,158.51,98588.06,158.48
1783575454,881,98587.57,24.52,158.52,98588.18,158.47
1783575454,882,98587.57,24.52,158.52,98588.23,158.46
1783575454,883,98587.57,24.52,158.52,98588.27,158.46
1783575454,884,98587.17,24.52,158.56,98588.2,158.47
1783575454,885,98587.5,24.52,158.53,98588.23,158.46
1783575454,886,98587.82,24.52,158.5,98588.33,158.45
1783575454,887,98587.82,24.52,158.5,98588.41,158.45
1783575454,888,98587.73,24.51,158.5,98588.44,158.44
1783575455,889,98587.63,24.51,158.51,98588.51,158.43
1783575455,890,98587.63,24.51,158.51,98588.49,158.43
1783575455,891,98587.95,24.51,158.48,98588.56,158.43
1783575455,892,98587.95,24.51,158.48,98588.61,158.42
1783575455,893,98587.63,24.51,158.51,98588.57,158.43
1783575455,894,98587.63,24.51,158.51,98588.54,158.43
1783575455,895,98587.3,24.51,158.54,98588.44,158.44
1783575455,896,98587.63,24.51,158.51,98588.44,158.44
1783575456,897,98588.27,24.51,158.45,98588.8,158.41
1783575456,898,98588.27,24.51,158.45,98588.87,158.4
1783575456,899,98588.6,24.51,158.42,98589.0,158.39
1783575456,900,98588.6,24.51,158.42,98589.1,158.38
1783575456,901,98588.17,24.51,158.46,98589.07,158.38
1783575456,902,98588.17,24.51,158.46,98589.05,158.38
1783575456,903,98588.17,24.51,158.46,98589.03,158.39
1783575456,904,98588.17,24.51,158.46,98589.02,158.39
1783575457,905,98588.17,24.51,158.46,98589.14,158.38
1783575457,906,98588.17,24.51,158.46,98589.1,158.38
1783575457,907,98587.85,24.51,158.49,98588.99,158.39
1783575457,908,98588.6,24.51,158.42,98589.09,158.38
1783575457,909,98588.6,24.51,158.42,98589.17,158.37
1783575457,910,98588.6,24.51,158.42,98589.23,158.37
1783575457,911,98588.17,24.51,158.46,98589.17,158.37
1783575458,912,98588.5,24.51,158.43,98589.2,158.37
1783575458,913,98587.85,24.51,158.49,98588.91,158.4
1783575458,914,98587.85,24.51,158.49,98588.85,158.4
1783575458,915,98588.27,24.51,158.45,98588.91,158.4
1783575458,916,98587.95,24.51,158.48,98588.88,158.4
1783575458,917,98587.95,24.51,158.48,98588.85,158.4
1783575458,918,98587.63,24.51,158.51,98588.75,158.41
1783575458,919,98587.3,24.51,158.54,98588.59,158.42
1783575459,920,98586.98,24.51,158.57,98588.39,158.44
1783575459,921,98587.08,24.51,158.56,98588.12,158.47
1783575459,922,98587.08,24.51,158.56,98588.06,158.47
1783575459,923,98586.76,24.51,158.59,98587.94,158.48
1783575459,924,98587.08,24.51,158.56,98587.93,158.48
1783575459,925,98586.76,24.51,158.59,98587.84,158.49
1783575459,926,98586.76,24.51,158.59,98587.77,158.5
1783575460,927,98586.76,24.51,158.59,98587.73,158.5
1783575460,928,98586.43,24.51,158.62,98587.61,158.51
1783575460,929,98586.2,24.52,158.64,98587.32,158.54
1783575460,930,98586.2,24.52,158.64,98587.24,158.55
1783575460,931,98586.2,24.52,158.64,98587.19,158.55
1783575460,932,98586.2,24.52,158.64,98587.15,158.56
1783575460,933,98586.59,24.52,158.61,98587.21,158.55
1783575460,934,98586.59,24.52,158.61,98587.26,158.55
1783575461,935,98586.91,24.52,158.58,98587.38,158.54
1783575461,936,98587.24,24.52,158.55,98587.55,158.52
1783575461,937,98587.57,24.52,158.52,98587.97,158.48
1783575461,938,98587.57,24.52,158.52,98588.07,158.48
1783575461,939,98587.57,24.52,158.52,98588.15,158.47
1783575461,940,98587.24,24.52,158.55,98588.13,158.47
1783575461,941,98587.24,24.52,158.55,98588.11,158.47
1783575462,942,98587.24,24.52,158.55,98588.09,158.47
1783575462,943,98586.91,24.52,158.58,98588.0,158.48
1783575462,944,98586.91,24.52,158.58,98587.93,158.49
1783575462,945,98587.02,24.52,158.57,98587.96,158.49
1783575462,946,98587.02,24.52,158.57,98587.93,158.49
1783575462,947,98586.7,24.52,158.6,98587.83,158.5
1783575462,948,98586.7,24.52,158.6,98587.75,158.5
1783575463,949,98586.7,24.52,158.6,98587.69,158.51
1783575463,950,98587.02,24.52,158.57,98587.72,158.51
1783575463,951,98586.7,24.52,158.6,98587.66,158.51
1783575463,952,98587.02,24.52,158.57,98587.7,158.51
1783575463,953,98587.45,24.52,158.53,98587.89,158.49
1783575463,954,98587.45,24.52,158.53,98587.98,158.48
1783575463,955,98587.77,24.52,158.5,98588.13,158.47
1783575463,956,98587.45,24.52,158.53,98588.16,158.47
1783575464,957,98587.45,24.52,158.53,98588.19,158.47
1783575464,958,98587.45,24.52,158.53,98588.2,158.46
1783575464,959,98587.12,24.52,158.56,98588.13,158.47
1783575464,960,98586.79,24.52,158.59,98588.0,158.48
1783575464,961,98585.82,24.52,158.68,98587.23,158.55
1783575464,962,98585.49,24.52,158.7,98587.0,158.57
1783575464,963,98585.59,24.53,158.7,98586.84,158.59
1783575465,964,98585.59,24.53,158.7,98586.73,158.6
1783575465,965,98585.59,24.53,158.7,98586.65,158.61
1783575465,966,98585.27,24.53,158.73,98586.51,158.62
1783575465,967,98585.37,24.53,158.72,98586.42,158.63
1783575465,968,98585.37,24.53,158.72,98586.36,158.63
1783575465,969,98584.72,24.53,158.78,98585.87,158.68
1783575465,970,98584.4,24.53,158.81,98585.7,158.69
1783575466,971,98584.4,24.53,158.81,98585.58,158.7
1783575466,972,98584.4,24.53,158.81,98585.48,158.71
1783575466,973,98584.46,24.53,158.8,98585.43,158.71
1783575466,974,98584.46,24.53,158.8,98585.39,158.72
1783575466,975,98584.46,24.53,158.8,98585.36,158.72
1783575466,976,98584.46,24.53,158.8,98585.34,158.72
1783575466,977,98584.56,24.53,158.79,98585.4,158.72
1783575466,978,98584.24,24.53,158.82,98585.31,158.72
1783575467,979,98584.66,24.54,158.79,98585.34,158.73
1783575467,980,98584.34,24.54,158.82,98585.29,158.73
1783575467,981,98584.34,24.54,158.82,98585.25,158.74
1783575467,982,98584.34,24.54,158.82,98585.22,158.74
1783575467,983,98584.66,24.54,158.79,98585.28,158.73
1783575467,984,98584.66,24.54,158.79,98585.33,158.73
1783575467,985,98584.56,24.53,158.79,98585.26,158.73
1783575468,986,98584.24,24.53,158.82,98585.2,158.74
1783575468,987,98584.24,24.53,158.82,98585.16,158.74
1783575468,988,98584.56,24.53,158.79,98585.21,158.73
1783575468,989,98584.56,24.53,158.79,98585.25,158.73
1783575468,990,98584.56,24.53,158.79,98585.28,158.73
1783575468,991,98584.88,24.53,158.76,98585.38,158.72
1783575468,992,98584.88,24.53,158.76,98585.46,158.71
1783575469,993,98584.79,24.53,158.77,98585.6,158.7
1783575469,994,98584.79,24.53,158.77,98585.6,158.7
1783575469,995,98584.79,24.53,158.77,98585.6,158.7
1783575469,996,98584.79,24.53,158.77,98585.6,158.7
1783575469,997,98584.72,24.53,158.78,98585.59,158.7
1783575469,998,98584.72,24.53,158.78,98585.57,158.7
1783575469,999,98584.72,24.53,158.78,98585.56,158.7
1783575469,1000,98584.72,24.53,158.78,98585.55,158.7
1783575470,1001,98584.46,24.53,158.8,98585.54,158.71
1783575470,1002,98584.79,24.53,158.77,98585.55,158.7
1783575470,1003,98584.46,24.53,158.8,98585.48,158.71
1783575470,1004,98584.46,24.53,158.8,98585.43,158.71
1783575470,1005,98584.46,24.53,158.8,98585.39,158.72
1783575470,1006,98584.46,24.53,158.8,98585.36,158.72
1783575470,1007,98584.46,24.53,158.8,98585.34,158.72
1783575470,1008,98584.46,24.53,158.8,98585.32,158.72
1783575471,1009,98584.72,24.53,158.78,98585.39,158.72
1783575471,1010,98584.72,24.53,158.78,98585.42,158.72
1783575471,1011,98584.72,24.53,158.78,98585.45,158.71
1783575471,1012,98584.72,24.53,158.78,98585.46,158.71
1783575471,1013,98584.4,24.53,158.81,98585.4,158.72
1783575471,1014,98584.4,24.53,158.81,98585.35,158.72
1783575471,1015,98584.72,24.53,158.78,98585.39,158.72
1783575471,1016,98585.04,24.53,158.75,98585.5,158.71
1783575472,1017,98584.62,24.53,158.79,98585.55,158.7
1783575472,1018,98584.95,24.53,158.76,98585.6,158.7
1783575472,1019,98585.27,24.53,158.73,98585.72,158.69
1783575472,1020,98585.16,24.52,158.73,98585.79,158.68
1783575472,1021,98585.16,24.52,158.73,98585.84,158.67
1783575472,1022,98585.16,24.52,158.73,98585.87,158.67
1783575472,1023,98585.16,24.52,158.73,98585.89,158.67
1783575472,1024,98585.82,24.52,158.68,98586.08,158.65
1783575473,1025,98586.04,24.52,158.66,98586.67,158.6
1783575473,1026,98586.37,24.52,158.63,98586.8,158.59
1783575473,1027,98586.7,24.52,158.6,98586.98,158.57
1783575473,1028,98586.59,24.52,158.61,98587.09,158.56
1783575473,1029,98586.59,24.52,158.61,98587.16,158.56
1783575473,1030,98586.52,24.52,158.61,98587.2,158.55
1783575473,1031,98586.85,24.52,158.58,98587.32,158.54
1783575474,1032,98586.76,24.51,158.59,98587.38,158.53
1783575474,1033,98587.52,24.51,158.52,98587.92,158.48
1783575474,1034,98587.43,24.51,158.53,98588.0,158.48
1783575474,1035,98587.76,24.51,158.5,98588.14,158.46
1783575474,1036,98588.08,24.51,158.47,98588.33,158.45
1783575474,1037,98587.68,24.5,158.5,98588.38,158.44
1783575474,1038,98588.01,24.5,158.47,98588.48,158.43
1783575474,1039,98588.01,24.5,158.47,98588.57,158.42
1783575475,1040,98588.01,24.5,158.47,98588.63,158.42
1783575475,1041,98588.23,24.5,158.45,98588.78,158.4
1783575475,1042,98588.23,24.5,158.45,98588.85,158.4
1783575475,1043,98588.23,24.5,158.45,98588.9,158.39
1783575475,1044,98588.23,24.5,158.45,98588.94,158.39
1783575475,1045,98587.91,24.5,158.48,98588.89,158.39
1783575475,1046,98587.91,24.5,158.48,98588.85,158.4
1783575476,1047,98587.91,24.5,158.48,98588.82,158.4
1783575476,1048,98587.59,24.5,158.51,98588.72,158.41
1783575476,1049,98588.01,24.5,158.47,98588.8,158.4
1783575476,1050,98588.34,24.5,158.44,98588.88,158.39
1783575476,1051,98588.01,24.5,158.47,98588.87,158.39
1783575476,1052,98587.68,24.5,158.5,98588.77,158.4
1783575476,1053,98587.68,24.5,158.5,98588.7,158.41
1783575477,1054,98587.68,24.5,158.5,98588.66,158.41
1783575477,1055,98587.68,24.5,158.5,98588.62,158.42
1783575477,1056,98587.59,24.5,158.51,98588.56,158.42
1783575477,1057,98587.59,24.5,158.51,98588.45,158.43
1783575477,1058,98587.91,24.5,158.48,98588.52,158.43
1783575477,1059,98587.91,24.5,158.48,98588.58,158.42
1783575477,1060,98587.91,24.5,158.48,98588.62,158.42
1783575477,1061,98587.91,24.5,158.48,98588.65,158.41
1783575478,1062,98587.59,24.5,158.51,98588.59,158.42
1783575478,1063,98587.59,24.5,158.51,98588.54,158.42
1783575478,1064,98587.59,24.5,158.51,98588.51,158.43
1783575478,1065,98588.01,24.5,158.47,98588.63,158.42
1783575478,1066,98588.01,24.5,158.47,98588.67,158.41
1783575478,1067,98588.01,24.5,158.47,98588.71,158.41
1783575478,1068,98588.01,24.5,158.47,98588.74,158.41
1783575479,1069,98588.01,24.5,158.47,98588.77,158.4
1783575479,1070,98587.68,24.5,158.5,98588.7,158.41
1783575479,1071,98587.68,24.5,158.5,98588.66,158.41
1783575479,1072,98587.68,24.5,158.5,98588.62,158.42
1783575479,1073,98588.08,24.51,158.47,98588.62,158.42
1783575479,1074,98588.08,24.51,158.47,98588.69,158.42
1783575479,1075,98588.08,24.51,158.47,98588.73,158.41
1783575480,1076,98587.76,24.51,158.5,98588.7,158.42
1783575480,1077,98587.76,24.51,158.5,98588.66,158.42
1783575480,1078,98587.43,24.51,158.53,98588.56,158.43
1783575480,1079,98587.1,24.51,158.56,98588.4,158.44
1783575480,1080,98587.1,24.51,158.56,98588.28,158.45
1783575480,1081,98586.55,24.51,158.6,98587.73,158.5
1783575480,1082,98586.55,24.51,158.6,98587.64,158.51
1783575480,1083,98586.55,24.51,158.6,98587.57,158.51
1783575481,1084,98586.98,24.51,158.57,98587.63,158.51
1783575481,1085,98586.65,24.51,158.6,98587.59,158.51
1783575481,1086,98586.65,24.51,158.6,98587.55,158.52
1783575481,1087,98586.98,24.51,158.57,98587.61,158.51
1783575481,1088,98586.98,24.51,158.57,98587.66,158.51
1783575481,1089,98586.65,24.51,158.6,98587.48,158.52
1783575481,1090,98586.34,24.51,158.62,98587.4,158.53
1783575482,1091,98586.76,24.51,158.59,98587.44,158.53
1783575482,1092,98586.76,24.51,158.59,98587.47,158.52
1783575482,1093,98586.43,24.51,158.62,98587.41,158.53
1783575482,1094,98586.43,24.51,158.62,98587.38,158.53
1783575482,1095,98586.43,24.51,158.62,98587.34,158.54
1783575482,1096,98586.1,24.51,158.65,98587.23,158.54
1783575482,1097,98585.88,24.52,158.67,98586.94,158.58
1783575482,1098,98585.55,24.52,158.7,98586.8,158.59
1783575483,1099,98585.55,24.52,158.7,98586.69,158.6
1783575483,1100,98585.23,24.52,158.73,98586.52,158.61
1783575483,1101,98585.23,24.52,158.73,98586.41,158.62
1783575483,1102,98585.23,24.52,158.73,98586.31,158.63
1783575483,1103,98585.23,24.52,158.73,98586.24,158.64
1783575483,1104,98585.55,24.52,158.7,98586.27,158.64
1783575483,1105,98585.55,24.52,158.7,98586.34,158.63
1783575484,1106,98585.55,24.52,158.7,98586.34,158.63
1783575484,1107,98585.23,24.52,158.73,98586.27,158.64
1783575484,1108,98585.23,24.52,158.73,98586.21,158.64
1783575484,1109,98584.91,24.52,158.76,98586.09,158.65
1783575484,1110,98584.91,24.52,158.76,98585.99,158.66
1783575484,1111,98584.91,24.52,158.76,98585.92,158.67
1783575484,1112,98584.59,24.52,158.78,98585.79,158.68
1783575485,1113,98584.98,24.52,158.75,98585.65,158.69
1783575485,1114,98584.98,24.52,158.75,98585.68,158.69
1783575485,1115,98585.62,24.52,158.69,98585.87,158.67
1783575485,1116,98585.62,24.52,158.69,98586.01,158.66
1783575485,1117,98585.72,24.52,158.68,98586.14,158.65
1783575485,1118,98585.72,24.52,158.68,98586.23,158.64
1783575485,1119,98585.72,24.52,158.68,98586.3,158.63
1783575485,1120,98585.72,24.52,158.68,98586.36,158.63
1783575486,1121,98585.16,24.52,158.73,98586.27,158.64
1783575486,1122,98585.16,24.52,158.73,98586.2,158.64
1783575486,1123,98584.85,24.52,158.76,98586.07,158.65
1783575486,1124,98584.95,24.53,158.76,98585.98,158.67
1783575486,1125,98584.62,24.53,158.79,98585.84,158.68
1783575486,1126,98584.3,24.53,158.81,98585.66,158.69
1783575486,1127,98584.72,24.53,158.78,98585.63,158.7
1783575486,1128,98584.4,24.53,158.81,98585.52,158.71
1783575487,1129,98584.13,24.53,158.83,98585.16,158.74
1783575487,1130,98584.24,24.53,158.82,98585.13,158.74
1783575487,1131,98584.24,24.53,158.82,98585.11,158.74
1783575487,1132,98584.24,24.53,158.82,98585.09,158.74
1783575487,1133,98584.24,24.53,158.82,98585.09,158.75
1783575487,1134,98584.24,24.53,158.82,98585.08,158.75
1783575487,1135,98584.24,24.53,158.82,98585.07,158.75
1783575487,1136,98584.66,24.54,158.79,98585.16,158.74
1783575488,1137,98584.66,24.54,158.79,98585.45,158.72
1783575488,1138,98584.66,24.54,158.79,98585.45,158.72
1783575488,1139,98584.66,24.54,158.79,98585.45,158.72
1783575488,1140,98584.76,24.54,158.78,98585.47,158.72
1783575488,1141,98584.44,24.54,158.81,98585.41,158.72
1783575488,1142,98584.44,24.54,158.81,98585.37,158.73
1783575488,1143,98584.11,24.54,158.84,98585.25,158.74
1783575488,1144,98584.53,24.54,158.8,98585.27,158.73
1783575489,1145,98584.21,24.54,158.83,98585.03,158.76
1783575489,1146,98584.21,24.54,158.83,98585.02,158.76
1783575489,1147,98584.21,24.54,158.83,98585.02,158.76
1783575489,1148,98584.86,24.54,158.77,98585.18,158.74
1783575489,1149,98584.86,24.54,158.77,98585.3,158.73
1783575489,1150,98584.53,24.54,158.8,98585.3,158.73
1783575489,1151,98584.53,24.54,158.8,98585.31,158.73
1783575490,1152,98584.53,24.54,158.8,98585.31,158.73
1783575490,1153,98584.86,24.54,158.77,98585.4,158.72
1783575490,1154,98584.53,24.54,158.8,98585.38,158.72
1783575490,1155,98584.21,24.54,158.83,98585.29,158.73
1783575490,1156,98584.21,24.54,158.83,98585.22,158.74
1783575490,1157,98584.21,24.54,158.83,98585.16,158.74
1783575490,1158,98584.21,24.54,158.83,98585.13,158.75
1783575491,1159,98583.88,24.54,158.86,98585.02,158.76
1783575491,1160,98584.21,24.54,158.83,98585.02,158.76
1783575491,1161,98583.79,24.54,158.87,98584.86,158.77
1783575491,1162,98583.79,24.54,158.87,98584.79,158.78
1783575491,1163,98583.46,24.54,158.89,98584.66,158.79
1783575491,1164,98583.79,24.54,158.87,98584.64,158.79
1783575491,1165,98583.79,24.54,158.87,98584.63,158.79
1783575491,1166,98583.46,24.54,158.89,98584.53,158.8
1783575492,1167,98583.79,24.54,158.87,98584.55,158.8
1783575492,1168,98583.79,24.54,158.87,98584.55,158.8
1783575492,1169,98583.79,24.54,158.87,98584.57,158.8
1783575492,1170,98583.79,24.54,158.87,98584.57,158.8
1783575492,1171,98583.46,24.54,158.89,98584.49,158.8
1783575492,1172,98583.46,24.54,158.89,98584.44,158.81
1783575492,1173,98583.46,24.54,158.89,98584.39,158.81
1783575493,1174,98583.46,24.54,158.89,98584.36,158.81
1783575493,1175,98583.46,24.54,158.89,98584.34,158.82
1783575493,1176,98583.46,24.54,158.89,98584.32,158.82
1783575493,1177,98583.04,24.54,158.93,98584.04,158.84
1783575493,1178,98583.04,24.54,158.93,98583.99,158.85
1783575493,1179,98583.04,24.54,158.93,98583.95,158.85
1783575493,1180,98583.04,24.54,158.93,98583.92,158.85
1783575493,1181,98583.04,24.54,158.93,98583.9,158.86
1783575494,1182,98583.04,24.54,158.93,98583.88,158.86
1783575494,1183,98582.71,24.54,158.96,98583.79,158.87
1783575494,1184,98582.71,24.54,158.96,98583.72,158.87
1783575494,1185,98582.71,24.54,158.96,98583.57,158.88
1783575494,1186,98582.71,24.54,158.96,98583.55,158.89
1783575494,1187,98582.39,24.54,158.99,98583.46,158.89
1783575494,1188,98582.39,24.54,158.99,98583.39,158.9
1783575495,1189,98582.39,24.54,158.99,98583.34,158.9
1783575495,1190,98582.07,24.54,159.02,98583.23,158.91
1783575495,1191,98582.07,24.54,159.02,98583.14,158.92
1783575495,1192,98582.07,24.54,159.02,98583.07,158.93
1783575495,1193,98582.29,24.53,158.99,98583.1,158.92
1783575495,1194,98582.29,24.53,158.99,98583.1,158.92
1783575495,1195,98582.2,24.53,159.0,98583.08,158.92
1783575496,1196,98582.2,24.53,159.0,98583.06,158.92
1783575496,1197,98581.8,24.53,159.04,98582.95,158.93
1783575496,1198,98582.13,24.53,159.01,98582.95,158.93
1783575496,1199,98582.02,24.53,159.02,98582.91,158.94
1783575496,1200,98582.02,24.53,159.02,98582.89,158.94
1783575496,1201,98582.38,24.52,158.98,98583.04,158.92
1783575496,1202,98582.38,24.52,158.98,98583.08,158.92
1783575496,1203,98583.02,24.52,158.92,98583.27,158.9
1783575497,1204,98582.96,24.52,158.93,98583.39,158.89
1783575497,1205,98583.28,24.52,158.9,98583.56,158.87
1783575497,1206,98582.86,24.51,158.93,98583.59,158.87
1783575497,1207,98582.86,24.51,158.93,98583.61,158.87
1783575497,1208,98583.19,24.51,158.9,98583.7,158.86
1783575497,1209,98584.16,24.51,158.82,98584.34,158.8
1783575497,1210,98584.48,24.51,158.79,98584.58,158.78
1783575498,1211,98584.48,24.51,158.79,98584.76,158.76
1783575498,1212,98584.06,24.51,158.82,98584.79,158.76
1783575498,1213,98584.38,24.51,158.8,98584.89,158.75
1783575498,1214,98584.38,24.51,158.8,98584.97,158.74
1783575498,1215,98584.38,24.51,158.8,98585.02,158.74
1783575498,1216,98584.38,24.51,158.8,98585.06,158.74
1783575498,1217,98584.38,24.51,158.8,98585.26,158.72
1783575499,1218,98583.96,24.51,158.83,98585.14,158.73
1783575499,1219,98584.28,24.51,158.81,98585.13,158.73
1783575499,1220,98584.28,24.51,158.81,98585.13,158.73
1783575499,1221,98583.86,24.51,158.84,98585.02,158.74
1783575499,1222,98583.86,24.51,158.84,98584.93,158.75
1783575499,1223,98584.19,24.51,158.81,98584.95,158.75
1783575499,1224,98584.51,24.51,158.79,98585.04,158.74
1783575499,1225,98584.51,24.51,158.79,98585.23,158.72
1783575500,1226,98584.51,24.51,158.79,98585.26,158.72
1783575500,1227,98584.84,24.51,158.76,98585.35,158.71
1783575500,1228,98584.51,24.51,158.79,98585.34,158.71
1783575500,1229,98584.51,24.51,158.79,98585.34,158.71
1783575500,1230,98584.19,24.51,158.81,98585.25,158.72
1783575500,1231,98584.19,24.51,158.81,98585.19,158.73
1783575500,1232,98584.19,24.51,158.81,98585.14,158.73
1783575501,1233,98584.19,24.51,158.81,98585.09,158.73
1783575501,1234,98584.19,24.51,158.81,98585.07,158.74
1783575501,1235,98584.19,24.51,158.81,98585.05,158.74
1783575501,1236,98584.19,24.51,158.81,98585.04,158.74
1783575501,1237,98584.19,24.51,158.81,98585.03,158.74
1783575501,1238,98584.19,24.51,158.81,98585.02,158.74
1783575501,1239,98583.86,24.51,158.84,98584.94,158.75
1783575501,1240,98584.19,24.51,158.81,98584.95,158.75
1783575502,1241,98584.19,24.51,158.81,98584.88,158.75
1783575502,1242,98584.51,24.51,158.79,98584.98,158.74
1783575502,1243,98584.51,24.51,158.79,98585.07,158.74
1783575502,1244,98584.12,24.5,158.81,98585.05,158.73
1783575502,1245,98584.45,24.5,158.79,98585.1,158.73
1783575502,1246,98584.45,24.5,158.79,98585.14,158.72
1783575502,1247,98584.45,24.5,158.79,98585.17,158.72
1783575502,1248,98584.12,24.5,158.81,98585.12,158.73
1783575503,1249,98584.77,24.5,158.76,98585.3,158.71
1783575503,1250,98584.77,24.5,158.76,98585.37,158.7
1783575503,1251,98584.45,24.5,158.79,98585.34,158.71
1783575503,1252,98584.45,24.5,158.79,98585.33,158.71
1783575503,1253,98584.77,24.5,158.76,98585.39,158.7
1783575503,1254,98585.16,24.51,158.73,98585.53,158.7
1783575503,1255,98585.16,24.51,158.73,98585.64,158.69
1783575503,1256,98585.16,24.51,158.73,98585.72,158.68
1783575504,1257,98584.84,24.51,158.76,98585.8,158.67
1783575504,1258,98584.84,24.51,158.76,98585.77,158.67
1783575504,1259,98584.93,24.51,158.75,98585.76,158.68
1783575504,1260,98584.93,24.51,158.75,98585.76,158.68
1783575504,1261,98585.26,24.51,158.72,98585.84,158.67
1783575504,1262,98585.26,24.51,158.72,98585.89,158.66
1783575504,1263,98585.59,24.51,158.69,98586.02,158.65
1783575504,1264,98585.48,24.51,158.7,98586.09,158.65
1783575505,1265,98585.74,24.5,158.67,98586.39,158.61
1783575505,1266,98586.07,24.5,158.64,98586.52,158.6
1783575505,1267,98585.64,24.5,158.68,98586.5,158.6
1783575505,1268,98585.64,24.5,158.68,98586.49,158.6
1783575505,1269,98585.64,24.5,158.68,98586.48,158.61
1783575505,1270,98585.54,24.5,158.69,98586.45,158.61
1783575505,1271,98585.87,24.5,158.66,98586.51,158.6
1783575506,1272,98585.54,24.5,158.69,98586.47,158.61
1783575506,1273,98585.38,24.49,158.7,98586.38,158.61
1783575506,1274,98585.7,24.49,158.67,98586.42,158.61
1783575506,1275,98585.7,24.49,158.67,98586.45,158.6
1783575506,1276,98585.6,24.49,158.68,98586.45,158.6
1783575506,1277,98585.93,24.49,158.65,98586.52,158.6
1783575506,1278,98585.83,24.49,158.66,98586.55,158.59
1783575507,1279,98586.15,24.49,158.63,98586.66,158.59
1783575507,1280,98586.05,24.49,158.64,98586.71,158.58
1783575507,1281,98586.86,24.48,158.56,98587.34,158.52
1783575507,1282,98586.86,24.48,158.56,98587.42,158.51
1783575507,1283,98587.09,24.48,158.54,98587.55,158.5
1783575507,1284,98587.09,24.48,158.54,98587.64,158.49
1783575507,1285,98587.09,24.48,158.54,98587.71,158.49
1783575507,1286,98586.98,24.48,158.55,98587.73,158.48
1783575508,1287,98587.3,24.48,158.52,98587.84,158.48
1783575508,1288,98587.63,24.48,158.49,98587.99,158.46
1783575508,1289,98587.54,24.47,158.5,98588.27,158.43
1783575508,1290,98587.54,24.47,158.5,98588.29,158.43
1783575508,1291,98587.54,24.47,158.5,98588.31,158.43
1783575508,1292,98587.54,24.47,158.5,98588.33,158.43
1783575508,1293,98587.54,24.47,158.5,98588.34,158.43
1783575509,1294,98587.54,24.47,158.5,98588.34,158.43
1783575509,1295,98587.86,24.47,158.47,98588.43,158.42
1783575509,1296,98587.86,24.47,158.47,98588.49,158.41
1783575509,1297,98588.18,24.47,158.44,98588.77,158.39
1783575509,1298,98588.18,24.47,158.44,98588.83,158.38
1783575509,1299,98588.51,24.47,158.41,98588.95,158.37
1783575509,1300,98588.18,24.47,158.44,98588.97,158.37
1783575510,1301,98588.18,24.47,158.44,98588.98,158.37
1783575510,1302,98587.86,24.47,158.47,98588.91,158.38
1783575510,1303,98587.86,24.47,158.47,98588.85,158.38
1783575510,1304,98587.54,24.47,158.5,98588.73,158.39
1783575510,1305,98587.54,24.47,158.5,98588.49,158.41
1783575510,1306,98587.21,24.47,158.53,98588.38,158.42
1783575510,1307,98587.21,24.47,158.53,98588.3,158.43
1783575510,1308,98587.54,24.47,158.5,98588.31,158.43
1783575511,1309,98587.54,24.47,158.5,98588.33,158.43
1783575511,1310,98587.54,24.47,158.5,98588.34,158.43
1783575511,1311,98587.54,24.47,158.5,98588.34,158.43
1783575511,1312,98587.54,24.47,158.5,98588.35,158.42
1783575511,1313,98587.86,24.47,158.47,98588.51,158.41
1783575511,1314,98588.18,24.47,158.44,98588.63,158.4
1783575511,1315,98587.76,24.47,158.48,98588.63,158.4
1783575512,1316,98587.76,24.47,158.48,98588.62,158.4
1783575512,1317,98588.09,24.47,158.45,98588.7,158.39
1783575512,1318,98588.09,24.47,158.45,98588.75,158.39
1783575512,1319,98588.41,24.47,158.42,98588.88,158.38
1783575512,1320,98588.02,24.47,158.45,98588.87,158.38
1783575512,1321,98588.24,24.47,158.43,98588.98,158.37
1783575512,1322,98587.82,24.46,158.47,98588.91,158.37
1783575513,1323,98588.15,24.46,158.44,98588.93,158.37
1783575513,1324,98588.04,24.46,158.45,98588.92,158.37
1783575513,1325,98588.04,24.46,158.45,98588.91,158.37
1783575513,1326,98588.04,24.46,158.45,98588.91,158.37
1783575513,1327,98587.62,24.46,158.48,98588.8,158.38
1783575513,1328,98587.62,24.46,158.48,98588.71,158.39
1783575513,1329,98587.55,24.46,158.49,98588.5,158.41
1783575513,1330,98587.13,24.45,158.52,98588.37,158.41
1783575514,1331,98587.46,24.45,158.49,98588.35,158.41
1783575514,1332,98587.46,24.45,158.49,98588.34,158.41
1783575514,1333,98587.77,24.45,158.46,98588.41,158.41
1783575514,1334,98587.35,24.45,158.5,98588.36,158.41
1783575514,1335,98587.68,24.45,158.47,98588.4,158.41
1783575514,1336,98587.35,24.45,158.5,98588.35,158.41
1783575514,1337,98587.68,24.45,158.47,98588.46,158.4
1783575515,1338,98587.59,24.45,158.48,98588.45,158.41
1783575515,1339,98587.59,24.45,158.48,98588.45,158.41
1783575515,1340,98587.59,24.45,158.48,98588.45,158.41
1783575515,1341,98587.59,24.45,158.48,98588.45,158.41
1783575515,1342,98587.91,24.45,158.45,98588.52,158.4
1783575515,1343,98587.8,24.45,158.46,98588.55,158.4
1783575515,1344,98588.13,24.45,158.43,98588.66,158.39
1783575515,1345,98587.96,24.44,158.44,98588.77,158.37
1783575516,1346,98587.54,24.44,158.48,98588.68,158.38
1783575516,1347,98587.87,24.44,158.45,98588.69,158.38
1783575516,1348,98587.45,24.44,158.49,98588.59,158.39
1783575516,1349,98587.77,24.44,158.46,98588.6,158.39
1783575516,1350,98587.66,24.43,158.46,98588.58,158.38
1783575516,1351,98587.66,24.43,158.46,98588.56,158.38
1783575516,1352,98587.99,24.43,158.44,98588.63,158.38
1783575517,1353,98587.5,24.43,158.48,98588.47,158.39
1783575517,1354,98587.09,24.43,158.52,98588.34,158.4
1783575517,1355,98587.09,24.43,158.52,98588.23,158.41
1783575517,1356,98587.73,24.43,158.46,98588.32,158.41
1783575517,1357,98587.3,24.42,158.49,98588.29,158.4
1783575517,1358,98587.3,24.42,158.49,98588.26,158.41
1783575517,1359,98587.21,24.42,158.5,98588.21,158.41
1783575517,1360,98586.82,24.42,158.53,98588.08,158.42
1783575518,1361,98586.62,24.41,158.55,98587.87,158.44
1783575518,1362,98586.95,24.41,158.52,98587.85,158.44
1783575518,1363,98586.52,24.41,158.55,98587.73,158.45
1783575518,1364,98586.84,24.41,158.53,98587.73,158.45
1783575518,1365,98586.84,24.41,158.53,98587.72,158.45
1783575518,1366,98586.74,24.41,158.53,98587.7,158.45
1783575518,1367,98586.74,24.41,158.53,98587.67,158.45
1783575518,1368,98587.07,24.41,158.51,98587.73,158.45
1783575519,1369,98586.58,24.4,158.54,98587.58,158.46
1783575519,1370,98586.58,24.4,158.54,98587.55,158.46
1783575519,1371,98586.15,24.4,158.58,98587.41,158.47
1783575519,1372,98586.15,24.4,158.58,98587.31,158.48
1783575519,1373,98586.48,24.4,158.55,98587.32,158.48
1783575519,1374,98586.05,24.4,158.59,98587.22,158.49
1783575519,1375,98586.05,24.4,158.59,98587.15,158.49
1783575519,1376,98585.63,24.4,158.63,98586.98,158.51
1783575520,1377,98585.63,24.4,158.63,98586.77,158.53
1783575520,1378,98585.96,24.4,158.6,98586.78,158.53
1783575520,1379,98585.63,24.4,158.63,98586.71,158.53
1783575520,1380,98585.96,24.4,158.6,98586.74,158.53
1783575520,1381,98585.63,24.4,158.63,98586.68,158.54
1783575520,1382,98585.96,24.4,158.6,98586.72,158.53
1783575520,1383,98586.27,24.4,158.57,98586.82,158.52
1783575521,1384,98586.27,24.4,158.57,98586.9,158.52
1783575521,1385,98586.6,24.4,158.54,98587.29,158.48
1783575521,1386,98586.6,24.4,158.54,98587.34,158.48
1783575521,1387,98586.6,24.4,158.54,98587.37,158.47
1783575521,1388,98586.6,24.4,158.54,98587.39,158.47
1783575521,1389,98586.93,24.4,158.51,98587.49,158.46
1783575521,1390,98586.6,24.4,158.54,98587.48,158.46
1783575521,1391,98586.6,24.4,158.54,98587.48,158.46
1783575522,1392,98586.6,24.4,158.54,98587.48,158.46
1783575522,1393,98586.54,24.39,158.54,98587.34,158.47
1783575522,1394,98586.54,24.39,158.54,98587.35,158.47
1783575522,1395,98586.54,24.39,158.54,98587.37,158.47
1783575522,1396,98586.54,24.39,158.54,98587.38,158.47
1783575522,1397,98586.54,24.39,158.54,98587.38,158.47
1783575522,1398,98586.21,24.39,158.57,98587.31,158.47
1783575523,1399,98586.21,24.39,158.57,98587.26,158.48
1783575523,1400,98586.21,24.39,158.57,98587.22,158.48
1783575523,1401,98586.12,24.39,158.58,98587.03,158.5
1783575523,1402,98586.12,24.39,158.58,98587.02,158.5
1783575523,1403,98586.44,24.39,158.55,98587.09,158.49
1783575523,1404,98586.01,24.39,158.59,98587.04,158.5
1783575523,1405,98586.01,24.39,158.59,98587.0,158.5
1783575524,1406,98586.34,24.39,158.56,98587.05,158.5
1783575524,1407,98585.59,24.39,158.63,98586.91,158.51
1783575524,1408,98585.91,24.39,158.6,98586.88,158.51
1783575524,1409,98585.91,24.39,158.6,98586.73,158.53
1783575524,1410,98586.24,24.39,158.57,98586.83,158.52
1783575524,1411,98586.24,24.39,158.57,98586.9,158.51
1783575524,1412,98585.85,24.38,158.6,98586.87,158.51
1783575524,1413,98585.85,24.38,158.6,98586.84,158.51
1783575525,1414,98585.85,24.38,158.6,98586.81,158.51
1783575525,1415,98585.85,24.38,158.6,98586.8,158.51
1783575525,1416,98585.85,24.38,158.6,98586.78,158.52
1783575525,1417,98586.17,24.38,158.57,98586.89,158.51
1783575525,1418,98585.85,24.38,158.6,98586.85,158.51
1783575525,1419,98585.85,24.38,158.6,98586.82,158.51
1783575525,1420,98585.85,24.38,158.6,98586.8,158.51
1783575526,1421,98585.85,24.38,158.6,98586.78,158.52
1783575526,1422,98585.52,24.38,158.63,98586.69,158.52
1783575526,1423,98585.52,24.38,158.63,98586.62,158.53
1783575526,1424,98585.59,24.39,158.63,98586.57,158.54
1783575526,1425,98584.95,24.39,158.68,98586.23,158.57
1783575526,1426,98584.95,24.39,158.68,98586.13,158.58
1783575526,1427,98584.95,24.39,158.68,98586.05,158.58
1783575526,1428,98584.95,24.39,158.68,98586.0,158.59
1783575527,1429,98584.62,24.39,158.71,98585.88,158.6
1783575527,1430,98584.62,24.39,158.71,98585.78,158.61
1783575527,1431,98584.62,24.39,158.71,98585.71,158.62
1783575527,1432,98585.37,24.39,158.65,98585.84,158.6
1783575527,1433,98585.37,24.39,158.65,98586.11,158.58
1783575527,1434,98585.37,24.39,158.65,98586.14,158.58
1783575527,1435,98585.37,24.39,158.65,98586.16,158.58
1783575528,1436,98585.37,24.39,158.65,98586.18,158.57
1783575528,1437,98585.37,24.39,158.65,98586.2,158.57
1783575528,1438,98585.37,24.39,158.65,98586.2,158.57
1783575528,1439,98585.37,24.39,158.65,98586.21,158.57
1783575528,1440,98585.37,24.39,158.65,98586.22,158.57
1783575528,1441,98585.7,24.39,158.62,98586.45,158.55
1783575528,1442,98585.27,24.39,158.65,98586.38,158.56
1783575529,1443,98585.7,24.39,158.62,98586.42,158.55
1783575529,1444,98586.01,24.39,158.59,98586.54,158.54
1783575529,1445,98586.01,24.39,158.59,98586.63,158.53
1783575529,1446,98585.59,24.39,158.63,98586.59,158.54
1783575529,1447,98585.59,24.39,158.63,98586.55,158.54
1783575529,1448,98585.59,24.39,158.63,98586.53,158.54
1783575529,1449,98585.52,24.38,158.63,98586.45,158.54
1783575529,1450,98585.42,24.38,158.64,98586.41,158.55
1783575530,1451,98585.42,24.38,158.64,98586.39,158.55
1783575530,1452,98585.42,24.38,158.64,98586.37,158.55
1783575530,1453,98585.1,24.38,158.66,98586.27,158.56
1783575530,1454,98585.42,24.38,158.64,98586.28,158.56
1783575530,1455,98585.42,24.38,158.64,98586.29,158.56
1783575530,1456,98585.1,24.38,158.66,98586.21,158.57
1783575530,1457,98584.77,24.38,158.69,98585.84,158.6
1783575531,1458,98584.77,24.38,158.69,98585.79,158.6
1783575531,1459,98584.77,24.38,158.69,98585.76,158.61
1783575531,1460,98584.77,24.38,158.69,98585.73,158.61
1783575531,1461,98584.77,24.38,158.69,98585.72,158.61
1783575531,1462,98584.77,24.38,158.69,98585.7,158.61
1783575531,1463,98584.35,24.38,158.73,98585.59,158.62
1783575531,1464,98584.35,24.38,158.73,98585.5,158.63
1783575532,1465,98585.0,24.38,158.67,98585.68,158.61
1783575532,1466,98585.0,24.38,158.67,98585.73,158.61
1783575532,1467,98585.33,24.38,158.64,98585.84,158.6
1783575532,1468,98585.33,24.38,158.64,98585.94,158.59
1783575532,1469,98585.65,24.38,158.62,98586.09,158.58
1783575532,1470,98585.65,24.38,158.62,98586.2,158.57
1783575532,1471,98585.23,24.38,158.65,98586.17,158.57
1783575532,1472,98585.23,24.38,158.65,98586.16,158.57
1783575533,1473,98584.73,24.37,158.69,98585.98,158.58
1783575533,1474,98585.06,24.37,158.66,98585.97,158.58
1783575533,1475,98585.06,24.37,158.66,98585.96,158.58
1783575533,1476,98584.63,24.37,158.7,98585.85,158.59
1783575533,1477,98584.96,24.37,158.67,98585.85,158.59
1783575533,1478,98584.96,24.37,158.67,98585.85,158.59
1783575533,1479,98585.29,24.37,158.64,98585.93,158.59
1783575533,1480,98584.87,24.37,158.68,98585.88,158.59
1783575534,1481,98584.76,24.36,158.68,98585.8,158.59
1783575534,1482,98585.09,24.36,158.65,98585.84,158.59
1783575534,1483,98584.99,24.36,158.66,98585.85,158.59
1783575534,1484,98584.99,24.36,158.66,98585.86,158.59
1783575534,1485,98584.91,24.36,158.67,98585.84,158.59
1783575534,1486,98584.91,24.36,158.67,98585.84,158.59
1783575534,1487,98585.24,24.36,158.64,98585.91,158.58
1783575534,1488,98585.15,24.36,158.65,98585.94,158.58
1783575535,1489,98585.37,24.35,158.62,98586.09,158.56
1783575535,1490,98585.37,24.35,158.62,98586.13,158.56
1783575535,1491,98584.95,24.35,158.66,98586.06,158.56
1783575535,1492,98584.95,24.35,158.66,98586.01,158.57
1783575535,1493,98585.27,24.35,158.63,98586.05,158.56
1783575535,1494,98584.85,24.35,158.67,98585.98,158.57
1783575535,1495,98585.17,24.35,158.64,98586.0,158.57
1783575535,1496,98585.17,24.35,158.64,98586.02,158.57
1783575536,1497,98584.68,24.34,158.68,98585.76,158.58
1783575536,1498,98584.68,24.34,158.68,98585.71,158.59
1783575536,1499,98584.59,24.34,158.69,98585.66,158.59
1783575536,1500,98584.59,24.34,158.69,98585.62,158.6
1783575536,1501,98584.26,24.34,158.72,98585.5,158.61
1783575536,1502,98584.16,24.34,158.73,98585.39,158.62
1783575536,1503,98584.16,24.34,158.73,98585.31,158.62
1783575537,1504,98584.16,24.34,158.73,98585.25,158.63
1783575537,1505,98583.67,24.33,158.76,98584.88,158.66
1783575537,1506,98583.99,24.33,158.74,98584.88,158.66
1783575537,1507,98583.99,24.33,158.74,98584.88,158.66
1783575537,1508,98583.9,24.33,158.74,98584.87,158.66
1783575537,1509,98583.9,24.33,158.74,98584.85,158.66
1783575537,1510,98583.9,24.33,158.74,98584.84,158.66
1783575537,1511,98583.8,24.33,158.75,98584.81,158.66
1783575538,1512,98583.8,24.33,158.75,98584.79,158.66
1783575538,1513,98584.12,24.33,158.72,98584.91,158.65
1783575538,1514,98584.12,24.33,158.72,98584.94,158.65
1783575538,1515,98584.12,24.33,158.72,98584.96,158.65
1783575538,1516,98584.12,24.33,158.72,98584.98,158.65
1783575538,1517,98584.12,24.33,158.72,98584.98,158.65
1783575538,1518,98583.7,24.33,158.76,98584.89,158.66
1783575539,1519,98583.7,24.33,158.76,98584.82,158.66
1783575539,1520,98584.02,24.33,158.73,98584.84,158.66
1783575539,1521,98584.02,24.33,158.73,98584.9,158.66
1783575539,1522,98583.7,24.33,158.76,98584.83,158.66
1783575539,1523,98584.02,24.33,158.73,98584.85,158.66
1783575539,1524,98584.45,24.33,158.69,98584.98,158.65
1783575539,1525,98584.45,24.33,158.69,98585.07,158.64
1783575540,1526,98584.77,24.33,158.67,98585.22,158.63
1783575540,1527,98585.09,24.33,158.64,98585.41,158.61
1783575540,1528,98585.09,24.33,158.64,98585.56,158.6
1783575540,1529,98584.99,24.33,158.65,98585.76,158.58
1783575540,1530,98585.41,24.33,158.61,98585.9,158.57
1783575540,1531,98585.41,24.33,158.61,98586.0,158.56
1783575540,1532,98585.41,24.33,158.61,98586.08,158.55
1783575540,1533,98585.41,24.33,158.61,98586.14,158.55
1783575541,1534,98585.41,24.33,158.61,98586.19,158.54
1783575541,1535,98585.09,24.33,158.64,98586.14,158.55
1783575541,1536,98585.09,24.33,158.64,98586.11,158.55
1783575541,1537,98585.41,24.33,158.61,98586.26,158.53
1783575541,1538,98585.74,24.33,158.58,98586.35,158.53
1783575541,1539,98585.41,24.33,158.61,98586.34,158.53
1783575541,1540,98585.41,24.33,158.61,98586.34,158.53
1783575542,1541,98585.41,24.33,158.61,98586.34,158.53
1783575542,1542,98585.09,24.33,158.64,98586.25,158.54
1783575542,1543,98585.52,24.33,158.6,98586.29,158.53
1783575542,1544,98585.84,24.33,158.57,98586.4,158.52
1783575542,1545,98585.84,24.33,158.57,98586.63,158.5
1783575542,1546,98585.84,24.33,158.57,98586.66,158.5
1783575542,1547,98585.84,24.33,158.57,98586.68,158.5
1783575543,1548,98585.84,24.33,158.57,98586.7,158.5
1783575543,1549,98585.84,24.33,158.57,98586.7,158.5
1783575543,1550,98585.84,24.33,158.57,98586.71,158.5
1783575543,1551,98585.84,24.33,158.57,98586.72,158.49
1783575543,1552,98585.84,24.33,158.57,98586.73,158.49
1783575543,1553,98585.2,24.33,158.63,98586.47,158.52
1783575543,1554,98585.2,24.33,158.63,98586.38,158.52
1783575543,1555,98585.52,24.33,158.6,98586.38,158.52
1783575544,1556,98585.95,24.33,158.56,98586.5,158.51
1783575544,1557,98585.95,24.33,158.56,98586.59,158.51
1783575544,1558,98585.95,24.33,158.56,98586.65,158.5
1783575544,1559,98585.62,24.33,158.59,98586.62,158.5
1783575544,1560,98585.62,24.33,158.59,98586.59,158.51
1783575544,1561,98584.87,24.33,158.66,98586.03,158.55
1783575544,1562,98584.87,24.33,158.66,98585.97,158.56
1783575545,1563,98584.87,24.33,158.66,98585.92,158.56
1783575545,1564,98585.2,24.33,158.63,98585.97,158.56
1783575545,1565,98584.77,24.33,158.67,98585.9,158.57
1783575545,1566,98585.09,24.33,158.64,98585.92,158.56
1783575545,1567,98585.09,24.33,158.64,98585.94,158.56
1783575545,1568,98585.09,24.33,158.64,98585.95,158.56
1783575545,1569,98584.9,24.32,158.65,98585.96,158.56
1783575546,1570,98584.9,24.32,158.65,98585.92,158.56
1783575546,1571,98585.22,24.32,158.62,98585.97,158.56
1783575546,1572,98585.22,24.32,158.62,98586.01,158.55
1783575546,1573,98585.22,24.32,158.62,98586.04,158.55
1783575546,1574,98584.83,24.32,158.66,98585.96,158.56
1783575546,1575,98584.83,24.32,158.66,98585.91,158.56
1783575546,1576,98584.83,24.32,158.66,98585.87,158.56
1783575546,1577,98584.9,24.32,158.65,98585.83,158.57
1783575547,1578,98584.57,24.32,158.68,98585.74,158.58
1783575547,1579,98584.57,24.32,158.68,98585.68,158.58
1783575547,1580,98584.24,24.32,158.71,98585.55,158.59
1783575547,1581,98584.24,24.32,158.71,98585.45,158.6
1783575547,1582,98583.93,24.32,158.74,98585.3,158.61
1783575547,1583,98583.93,24.32,158.74,98585.18,158.63
1783575547,1584,98583.93,24.32,158.74,98585.09,158.63
1783575548,1585,98584.51,24.32,158.68,98585.23,158.62
1783575548,1586,98584.83,24.32,158.66,98585.36,158.61
1783575548,1587,98584.51,24.32,158.68,98585.38,158.61
1783575548,1588,98584.51,24.32,158.68,98585.38,158.61
1783575548,1589,98584.09,24.32,158.72,98585.29,158.62
1783575548,1590,98584.09,24.32,158.72,98585.22,158.62
1783575548,1591,98584.4,24.32,158.69,98585.24,158.62
1783575548,1592,98584.4,24.32,158.69,98585.26,158.62
1783575549,1593,98584.52,24.31,158.68,98585.17,158.62
1783575549,1594,98584.43,24.31,158.69,98585.21,158.62
1783575549,1595,98584.37,24.31,158.69,98585.23,158.62
1783575549,1596,98584.7,24.31,158.66,98585.32,158.61
1783575549,1597,98584.59,24.31,158.67,98585.37,158.6
1783575549,1598,98584.49,24.3,158.67,98585.38,158.6
1783575549,1599,98584.49,24.3,158.67,98585.39,158.6
1783575549,1600,98584.39,24.3,158.68,98585.38,158.6
1783575550,1601,98584.87,24.3,158.64,98585.63,158.57
1783575550,1602,98585.2,24.3,158.61,98585.75,158.56
1783575550,1603,98584.77,24.29,158.64,98585.73,158.56
1783575550,1604,98584.77,24.29,158.64,98585.73,158.56
1783575550,1605,98584.77,24.29,158.64,98585.72,158.56
1783575550,1606,98584.77,24.29,158.64,98585.71,158.56
1783575550,1607,98584.68,24.29,158.65,98585.69,158.56
1783575550,1608,98584.68,24.29,158.65,98585.66,158.57
1783575551,1609,98584.02,24.29,158.71,98585.32,158.6
1783575551,1610,98583.6,24.29,158.75,98585.13,158.61
1783575551,1611,98583.6,24.29,158.75,98584.98,158.63
1783575551,1612,98583.6,24.29,158.75,98584.87,158.64
1783575551,1613,98583.93,24.29,158.72,98584.87,158.64
1783575551,1614,98583.93,24.29,158.72,98584.87,158.64
1783575551,1615,98584.25,24.29,158.69,98584.95,158.63
1783575551,1616,98583.86,24.29,158.73,98584.91,158.63
1783575552,1617,98584.51,24.29,158.67,98585.23,158.6
1783575552,1618,98584.41,24.28,158.67,98585.26,158.6
1783575552,1619,98584.41,24.28,158.67,98585.27,158.6
1783575552,1620,98584.73,24.28,158.64,98585.37,158.59
1783575552,1621,98585.05,24.28,158.61,98585.52,158.57
1783575552,1622,98585.05,24.28,158.61,98585.64,158.56
1783575552,1623,98585.05,24.28,158.61,98585.73,158.56
1783575553,1624,98585.38,24.28,158.59,98585.88,158.54
1783575553,1625,98584.96,24.28,158.62,98585.87,158.54
1783575553,1626,98584.86,24.28,158.63,98585.85,158.54
1783575553,1627,98585.18,24.28,158.6,98585.91,158.54
1783575553,1628,98585.18,24.28,158.6,98585.96,158.53
1783575553,1629,98584.76,24.28,158.64,98585.89,158.54
1783575553,1630,98584.76,24.28,158.64,98585.84,158.55
1783575554,1631,98585.41,24.28,158.58,98585.97,158.53
1783575554,1632,98585.02,24.27,158.61,98585.97,158.53
1783575554,1633,98584.49,24.27,158.66,98585.73,158.55
1783575554,1634,98584.49,24.27,158.66,98585.66,158.56
1783575554,1635,98584.4,24.27,158.67,98585.58,158.56
1783575554,1636,98584.72,24.27,158.64,98585.59,158.56
1783575554,1637,98584.62,24.26,158.64,98585.59,158.56
1783575554,1638,98584.62,24.26,158.64,98585.58,158.56
1783575555,1639,98584.95,24.26,158.61,98585.66,158.55
1783575555,1640,98584.55,24.26,158.65,98585.62,158.55
1783575555,1641,98584.77,24.26,158.63,98585.65,158.55
1783575555,1642,98584.77,24.26,158.63,98585.66,158.55
1783575555,1643,98584.77,24.26,158.63,98585.67,158.55
1783575555,1644,98584.35,24.26,158.67,98585.58,158.56
1783575555,1645,98584.35,24.26,158.67,98585.51,158.56
1783575556,1646,98584.35,24.26,158.67,98585.45,158.57
1783575556,1647,98584.35,24.26,158.67,98585.41,158.57
1783575556,1648,98583.93,24.25,158.7,98585.29,158.58
1783575556,1649,98583.84,24.25,158.71,98584.95,158.61
1783575556,1650,98583.84,24.25,158.71,98584.91,158.61
1783575556,1651,98583.45,24.25,158.74,98584.78,158.62
1783575556,1652,98583.12,24.25,158.77,98584.6,158.64
1783575557,1653,98582.8,24.25,158.8,98584.39,158.66
1783575557,1654,98582.8,24.25,158.8,98584.23,158.67
1783575557,1655,98582.8,24.25,158.8,98584.11,158.68
1783575557,1656,98582.8,24.25,158.8,98584.02,158.69
1783575557,1657,98582.47,24.25,158.83,98583.75,158.71
1783575557,1658,98582.47,24.25,158.83,98583.66,158.72
1783575557,1659,98582.47,24.25,158.83,98583.6,158.73
1783575557,1660,98582.15,24.25,158.86,98583.48,158.74
1783575558,1661,98582.15,24.25,158.86,98583.38,158.75
1783575558,1662,98582.15,24.25,158.86,98583.31,158.75
1783575558,1663,98582.15,24.25,158.86,98583.26,158.76
1783575558,1664,98582.47,24.25,158.83,98583.3,158.75
1783575558,1665,98582.7,24.25,158.81,98583.46,158.74
1783575558,1666,98582.59,24.24,158.81,98583.48,158.73
1783575558,1667,98582.59,24.24,158.81,98583.5,158.73
1783575559,1668,98582.92,24.24,158.78,98583.59,158.72
1783575559,1669,98582.82,24.24,158.79,98583.64,158.72
1783575559,1670,98582.82,24.24,158.79,98583.67,158.72
1783575559,1671,98583.14,24.24,158.76,98583.77,158.71
1783575559,1672,98582.82,24.24,158.79,98583.77,158.71
1783575559,1673,98583.47,24.24,158.73,98584.09,158.68
1783575559,1674,98583.47,24.24,158.73,98584.17,158.67
1783575560,1675,98583.47,24.24,158.73,98584.23,158.67
1783575560,1676,98583.47,24.24,158.73,98584.28,158.66
1783575560,1677,98583.79,24.24,158.71,98584.4,158.65
1783575560,1678,98583.79,24.24,158.71,98584.48,158.64
1783575560,1679,98583.79,24.24,158.71,98584.55,158.64
1783575560,1680,98583.79,24.24,158.71,98584.59,158.63
1783575560,1681,98583.37,24.24,158.74,98584.41,158.65
1783575560,1682,98583.37,24.24,158.74,98584.38,158.65
1783575561,1683,98583.37,24.24,158.74,98584.37,158.65
1783575561,1684,98583.37,24.24,158.74,98584.36,158.65
1783575561,1685,98583.37,24.24,158.74,98584.35,158.66
1783575561,1686,98583.37,24.24,158.74,98584.34,158.66
1783575561,1687,98583.05,24.24,158.77,98584.26,158.66
1783575561,1688,98583.05,24.24,158.77,98584.2,158.67
1783575561,1689,98583.47,24.24,158.73,98584.34,158.66
1783575562,1690,98583.14,24.24,158.76,98584.28,158.66
1783575562,1691,98583.89,24.24,158.7,98584.42,158.65
1783575562,1692,98583.57,24.24,158.72,98584.45,158.65
1783575562,1693,98583.57,24.24,158.72,98584.46,158.65
1783575562,1694,98583.57,24.24,158.72,98584.48,158.64
1783575562,1695,98583.24,24.24,158.75,98584.41,158.65
1783575562,1696,98583.66,24.25,158.72,98584.45,158.65
1783575563,1697,98583.66,24.25,158.72,98584.56,158.64
1783575563,1698,98583.66,24.25,158.72,98584.57,158.64
1783575563,1699,98583.66,24.25,158.72,98584.58,158.64
1783575563,1700,98583.66,24.25,158.72,98584.59,158.64
1783575563,1701,98583.66,24.25,158.72,98584.59,158.64
1783575563,1702,98583.66,24.25,158.72,98584.59,158.64
1783575563,1703,98583.66,24.25,158.72,98584.59,158.64
1783575563,1704,98584.09,24.25,158.68,98584.7,158.63
1783575564,1705,98583.66,24.25,158.72,98584.82,158.62
1783575564,1706,98583.66,24.25,158.72,98584.77,158.62
1783575564,1707,98583.66,24.25,158.72,98584.73,158.63
1783575564,1708,98583.66,24.25,158.72,98584.7,158.63
1783575564,1709,98583.66,24.25,158.72,98584.67,158.63
1783575564,1710,98583.99,24.25,158.69,98584.73,158.63
1783575564,1711,98583.66,24.25,158.72,98584.7,158.63
1783575564,1712,98583.66,24.25,158.72,98584.68,158.63
1783575565,1713,98583.89,24.24,158.7,98584.71,158.62
1783575565,1714,98583.89,24.24,158.7,98584.74,158.62
1783575565,1715,98583.47,24.24,158.73,98584.66,158.63
1783575565,1716,98583.47,24.24,158.73,98584.6,158.63
1783575565,1717,98583.47,24.24,158.73,98584.55,158.64
1783575565,1718,98583.47,24.24,158.73,98584.52,158.64
1783575565,1719,98583.14,24.24,158.76,98584.41,158.65
1783575565,1720,98583.14,24.24,158.76,98584.34,158.66
1783575566,1721,98582.82,24.24,158.79,98584.09,158.68
1783575566,1722,98583.14,24.24,158.76,98584.09,158.68
1783575566,1723,98583.14,24.24,158.76,98584.09,158.68
1783575566,1724,98583.14,24.24,158.76,98584.09,158.68
1783575566,1725,98583.14,24.24,158.76,98584.09,158.68
1783575566,1726,98582.82,24.24,158.79,98584.02,158.68
1783575566,1727,98582.82,24.24,158.79,98583.95,158.69
1783575566,1728,98583.14,24.24,158.76,98583.98,158.69
1783575567,1729,98583.14,24.24,158.76,98583.95,158.69
1783575567,1730,98583.14,24.24,158.76,98583.98,158.69
1783575567,1731,98583.14,24.24,158.76,98584.01,158.69
1783575567,1732,98582.72,24.24,158.8,98583.92,158.69
1783575567,1733,98582.72,24.24,158.8,98583.86,158.7
1783575567,1734,98583.14,24.24,158.76,98583.91,158.69
1783575567,1735,98582.82,24.24,158.79,98583.88,158.7
1783575568,1736,98583.14,24.24,158.76,98583.94,158.69
1783575568,1737,98582.82,24.24,158.79,98583.83,158.7
1783575568,1738,98582.82,24.24,158.79,98583.81,158.7
1783575568,1739,98582.82,24.24,158.79,98583.8,158.7
1783575568,1740,98582.82,24.24,158.79,98583.8,158.7
1783575568,1741,98582.82,24.24,158.79,98583.79,158.71
1783575568,1742,98582.82,24.24,158.79,98583.79,158.71
1783575568,1743,98582.82,24.24,158.79,98583.79,158.71
1783575569,1744,98583.24,24.24,158.75,98583.89,158.7
1783575569,1745,98582.92,24.24,158.78,98583.98,158.69
1783575569,1746,98583.24,24.24,158.75,98584.03,158.68
1783575569,1747,98583.24,24.24,158.75,98584.07,158.68
1783575569,1748,98583.24,24.24,158.75,98584.1,158.68
1783575569,1749,98582.92,24.24,158.78,98584.05,158.68
1783575569,1750,98582.92,24.24,158.78,98584.01,158.69
1783575570,1751,98582.92,24.24,158.78,98583.98,158.69
1783575570,1752,98582.92,24.24,158.78,98583.95,158.69
1783575570,1753,98583.34,24.25,158.75,98584.18,158.68
1783575570,1754,98583.34,24.25,158.75,98584.2,158.67
1783575570,1755,98583.34,24.25,158.75,98584.23,158.67
1783575570,1756,98583.34,24.25,158.75,98584.24,158.67
1783575570,1757,98583.34,24.25,158.75,98584.25,158.67
1783575571,1758,98583.34,24.25,158.75,98584.26,158.67
1783575571,1759,98583.34,24.25,158.75,98584.27,158.67
1783575571,1760,98583.34,24.25,158.75,98584.27,158.67
1783575571,1761,98583.24,24.24,158.75,98584.09,158.68
1783575571,1762,98583.24,24.24,158.75,98584.11,158.68
1783575571,1763,98583.57,24.24,158.72,98584.21,158.67
1783575571,1764,98583.57,24.24,158.72,98584.29,158.66
1783575571,1765,98583.14,24.24,158.76,98584.24,158.66
1783575572,1766,98583.47,24.24,158.73,98584.29,158.66
1783575572,1767,98583.47,24.24,158.73,98584.32,158.66
1783575572,1768,98583.47,24.24,158.73,98584.34,158.66
1783575572,1769,98584.02,24.24,158.68,98584.5,158.64
1783575572,1770,98583.95,24.24,158.69,98584.6,158.63
1783575572,1771,98584.27,24.24,158.66,98584.76,158.62
1783575572,1772,98584.27,24.24,158.66,98584.88,158.61
1783575573,1773,98584.27,24.24,158.66,98584.96,158.6
1783575573,1774,98584.27,24.24,158.66,98585.02,158.6
1783575573,1775,98584.27,24.24,158.66,98585.07,158.59
1783575573,1776,98583.85,24.23,158.69,98585.01,158.59
1783575573,1777,98584.08,24.23,158.67,98585.03,158.59
1783575573,1778,98584.08,24.23,158.67,98585.03,158.59
1783575573,1779,98584.08,24.23,158.67,98585.03,158.59
1783575574,1780,98584.08,24.23,158.67,98585.03,158.59
1783575574,1781,98583.98,24.23,158.68,98585.01,158.59
1783575574,1782,98584.3,24.23,158.65,98585.07,158.59
1783575574,1783,98584.3,24.23,158.65,98585.12,158.58
1783575574,1784,98583.88,24.23,158.69,98585.05,158.59
1783575574,1785,98583.48,24.22,158.72,98584.84,158.6
1783575574,1786,98583.81,24.22,158.69,98584.83,158.6
1783575574,1787,98583.71,24.22,158.7,98584.79,158.61
1783575575,1788,98583.71,24.22,158.7,98584.76,158.61
1783575575,1789,98584.04,24.22,158.67,98584.82,158.6
1783575575,1790,98584.04,24.22,158.67,98584.87,158.6
1783575575,1791,98583.62,24.22,158.71,98584.8,158.61
1783575575,1792,98583.62,24.22,158.71,98584.74,158.61
1783575575,1793,98583.29,24.22,158.74,98584.45,158.64
1783575575,1794,98582.96,24.22,158.77,98584.31,158.65
1783575576,1795,98583.38,24.22,158.73,98584.32,158.65
1783575576,1796,98583.06,24.22,158.76,98584.25,158.65
1783575576,1797,98583.38,24.22,158.73,98584.27,158.65
1783575576,1798,98583.06,24.22,158.76,98584.21,158.66
1783575576,1799,98583.38,24.22,158.73,98584.24,158.65
1783575576,1800,98583.38,24.22,158.73,98584.27,158.65
1783575576,1801,98583.06,24.22,158.76,98584.13,158.66
1783575577,1802,98583.06,24.22,158.76,98584.11,158.67
1783575577,1803,98583.48,24.22,158.72,98584.2,158.66
1783575577,1804,98583.16,24.22,158.75,98584.18,158.66
1783575577,1805,98582.84,24.22,158.78,98584.09,158.67
1783575577,1806,98582.84,24.22,158.78,98584.02,158.67
1783575577,1807,98582.84,24.22,158.78,98583.96,158.68
1783575577,1808,98583.23,24.23,158.75,98584.01,158.68
1783575577,1809,98583.01,24.23,158.77,98583.9,158.69
1783575578,1810,98583.01,24.23,158.77,98583.91,158.69
1783575578,1811,98583.01,24.23,158.77,98583.92,158.69
1783575578,1812,98583.01,24.23,158.77,98583.93,158.69
1783575578,1813,98583.33,24.23,158.74,98584.02,158.68
1783575578,1814,98583.01,24.23,158.77,98584.0,158.68
1783575578,1815,98583.01,24.23,158.77,98583.99,158.68
1783575578,1816,98583.01,24.23,158.77,98583.98,158.68
1783575579,1817,98583.01,24.23,158.77,98584.0,158.68
1783575579,1818,98583.43,24.23,158.73,98584.09,158.67
1783575579,1819,98583.43,24.23,158.73,98584.16,158.67
1783575579,1820,98583.43,24.23,158.73,98584.22,158.66
1783575579,1821,98583.43,24.23,158.73,98584.26,158.66
1783575579,1822,98583.43,24.23,158.73,98584.29,158.66
1783575579,1823,98583.85,24.23,158.69,98584.41,158.64
1783575579,1824,98583.85,24.23,158.69,98584.51,158.64
1783575580,1825,98583.75,24.23,158.7,98584.72,158.62
1783575580,1826,98583.75,24.23,158.7,98584.72,158.62
1783575580,1827,98584.08,24.23,158.67,98584.8,158.61
1783575580,1828,98584.08,24.23,158.67,98584.85,158.61
1783575580,1829,98584.08,24.23,158.67,98584.9,158.6
1783575580,1830,98584.08,24.23,158.67,98584.93,158.6
1783575580,1831,98584.08,24.23,158.67,98584.95,158.6
1783575580,1832,98584.5,24.23,158.64,98585.08,158.59
1783575581,1833,98584.6,24.24,158.63,98585.44,158.56
1783575581,1834,98584.6,24.24,158.63,98585.47,158.56
1783575581,1835,98584.6,24.24,158.63,98585.49,158.55
1783575581,1836,98584.6,24.24,158.63,98585.51,158.55
1783575581,1837,98584.6,24.24,158.63,98585.52,158.55
1783575581,1838,98584.27,24.24,158.66,98585.45,158.56
1783575581,1839,98584.27,24.24,158.66,98585.39,158.56
1783575581,1840,98584.27,24.24,158.66,98585.35,158.57
1783575582,1841,98584.02,24.24,158.68,98585.19,158.58
1783575582,1842,98584.02,24.24,158.68,98585.13,158.59
1783575582,1843,98584.12,24.24,158.68,98585.12,158.59
1783575582,1844,98583.79,24.24,158.71,98585.02,158.6
1783575582,1845,98583.47,24.24,158.73,98584.88,158.61
1783575582,1846,98583.89,24.24,158.7,98584.87,158.61
1783575582,1847,98583.57,24.24,158.72,98584.78,158.62
1783575582,1848,98583.57,24.24,158.72,98584.72,158.62
1783575583,1849,98583.34,24.25,158.75,98584.49,158.65
1783575583,1850,98583.45,24.25,158.74,98584.47,158.65
1783575583,1851,98583.45,24.25,158.74,98584.45,158.65
1783575583,1852,98583.12,24.25,158.77,98584.36,158.66
1783575583,1853,98582.8,24.25,158.8,98584.2,158.67
1783575583,1854,98583.19,24.25,158.76,98584.19,158.68
1783575583,1855,98582.86,24.25,158.79,98584.09,158.68
1783575584,1856,98582.86,24.25,158.79,98584.02,158.69
1783575584,1857,98582.96,24.25,158.78,98584.04,158.69
1783575584,1858,98583.38,24.26,158.75,98584.1,158.69
1783575584,1859,98583.05,24.26,158.78,98584.08,158.69
1783575584,1860,98583.16,24.26,158.77,98584.08,158.69
1783575584,1861,98583.16,24.26,158.77,98584.08,158.69
1783575584,1862,98582.84,24.26,158.8,98584.0,158.7
1783575585,1863,98583.26,24.26,158.76,98584.05,158.69
1783575585,1864,98582.93,24.26,158.79,98584.0,158.7
1783575585,1865,98583.1,24.27,158.78,98584.0,158.7
1783575585,1866,98583.52,24.27,158.74,98584.12,158.69
1783575585,1867,98583.52,24.27,158.74,98584.2,158.68
1783575585,1868,98583.2,24.27,158.77,98584.19,158.69
1783575585,1869,98583.62,24.27,158.74,98584.28,158.68
1783575585,1870,98583.3,24.27,158.76,98584.27,158.68
1783575586,1871,98583.3,24.27,158.76,98584.27,158.68
1783575586,1872,98583.4,24.27,158.76,98584.28,158.68
1783575586,1873,98583.13,24.28,158.78,98584.19,158.69
1783575586,1874,98583.13,24.28,158.78,98584.16,158.69
1783575586,1875,98583.13,24.28,158.78,98584.13,158.7
1783575586,1876,98582.82,24.28,158.81,98584.04,158.7
1783575586,1877,98582.82,24.28,158.81,98583.97,158.71
1783575587,1878,98583.24,24.28,158.77,98584.02,158.71
1783575587,1879,98583.24,24.28,158.77,98584.05,158.7
1783575587,1880,98583.24,24.28,158.77,98584.09,158.7
1783575587,1881,98583.66,24.28,158.74,98584.33,158.68
1783575587,1882,98583.66,24.28,158.74,98584.39,158.67
1783575587,1883,98583.66,24.28,158.74,98584.44,158.67
1783575587,1884,98583.66,24.28,158.74,98584.48,158.67
1783575588,1885,98583.34,24.28,158.77,98584.42,158.67
1783575588,1886,98583.34,24.28,158.77,98584.38,158.67
1783575588,1887,98583.76,24.28,158.73,98584.46,158.67
1783575588,1888,98583.76,24.28,158.73,98584.52,158.66
1783575588,1889,98584.19,24.29,158.7,98584.81,158.64
1783575588,1890,98583.86,24.29,158.73,98584.8,158.64
1783575588,1891,98584.19,24.29,158.7,98584.88,158.64
1783575588,1892,98583.86,24.29,158.73,98584.86,158.64
1783575589,1893,98583.86,24.29,158.73,98584.84,158.64
1783575589,1894,98583.86,24.29,158.73,98584.83,158.64
1783575589,1895,98583.86,24.29,158.73,98584.82,158.64
1783575589,1896,98583.86,24.29,158.73,98584.81,158.64
1783575589,1897,98583.76,24.28,158.73,98584.74,158.64
1783575589,1898,98583.76,24.28,158.73,98584.73,158.64
1783575589,1899,98583.76,24.28,158.73,98584.72,158.64
1783575590,1900,98583.76,24.28,158.73,98584.71,158.65
1783575590,1901,98583.76,24.28,158.73,98584.7,158.65
1783575590,1902,98583.44,24.28,158.76,98584.62,158.65
1783575590,1903,98583.44,24.28,158.76,98584.55,158.66
1783575590,1904,98583.44,24.28,158.76,98584.51,158.66
1783575590,1905,98582.88,24.29,158.81,98584.18,158.7
1783575590,1906,98582.88,24.29,158.81,98584.09,158.71
1783575591,1907,98582.57,24.29,158.84,98583.94,158.72
1783575591,1908,98582.63,24.29,158.83,98583.84,158.73
1783575591,1909,98582.63,24.29,158.83,98583.77,158.73
1783575591,1910,98582.96,24.29,158.8,98583.8,158.73
1783575591,1911,98582.63,24.29,158.83,98583.73,158.74
1783575591,1912,98582.63,24.29,158.83,98583.69,158.74
1783575591,1913,98582.63,24.29,158.83,98583.54,158.75
1783575591,1914,98582.63,24.29,158.83,98583.54,158.75
1783575592,1915,98582.63,24.29,158.83,98583.54,158.75
1783575592,1916,98582.63,24.29,158.83,98583.54,158.75
1783575592,1917,98582.3,24.29,158.86,98583.46,158.76
1783575592,1918,98582.63,24.29,158.83,98583.48,158.76
1783575592,1919,98582.63,24.29,158.83,98583.5,158.76
1783575592,1920,98582.3,24.29,158.86,98583.43,158.76
1783575592,1921,98582.4,24.29,158.85,98583.31,158.77
1783575593,1922,98582.4,24.29,158.85,98583.31,158.77
1783575593,1923,98582.4,24.29,158.85,98583.31,158.77
1783575593,1924,98581.66,24.29,158.92,98583.13,158.79
1783575593,1925,98581.66,24.29,158.92,98583.0,158.8
1783575593,1926,98581.34,24.29,158.95,98582.81,158.82
1783575593,1927,98581.34,24.29,158.95,98582.67,158.83
1783575593,1928,98581.34,24.29,158.95,98582.57,158.84
1783575594,1929,98580.95,24.29,158.98,98582.13,158.88
1783575594,1930,98580.95,24.29,158.98,98582.07,158.88
1783575594,1931,98580.95,24.29,158.98,98582.02,158.89
1783575594,1932,98580.95,24.29,158.98,98581.98,158.89
1783575594,1933,98580.95,24.29,158.98,98581.95,158.89
1783575594,1934,98580.95,24.29,158.98,98581.93,158.9
1783575594,1935,98581.27,24.29,158.95,98581.99,158.89
1783575594,1936,98581.27,24.29,158.95,98582.04,158.89
1783575595,1937,98581.27,24.29,158.95,98582.14,158.88
1783575595,1938,98581.59,24.29,158.93,98582.23,158.87
1783575595,1939,98581.59,24.29,158.93,98582.3,158.86
1783575595,1940,98581.59,24.29,158.93,98582.35,158.86
1783575595,1941,98581.59,24.29,158.93,98582.39,158.86
1783575595,1942,98581.49,24.28,158.93,98582.41,158.85
1783575595,1943,98581.49,24.28,158.93,98582.41,158.85
1783575595,1944,98581.49,24.28,158.93,98582.41,158.85
1783575596,1945,98581.72,24.28,158.91,98582.63,158.83
1783575596,1946,98581.72,24.28,158.91,98582.63,158.83
1783575596,1947,98581.72,24.28,158.91,98582.63,158.83
1783575596,1948,98581.72,24.28,158.91,98582.63,158.83
1783575596,1949,98581.72,24.28,158.91,98582.63,158.83
1783575596,1950,98581.39,24.28,158.94,98582.55,158.84
1783575596,1951,98581.82,24.28,158.9,98582.6,158.83
1783575596,1952,98581.82,24.28,158.9,98582.64,158.83
1783575597,1953,98581.49,24.28,158.93,98582.58,158.83
1783575597,1954,98581.49,24.28,158.93,98582.54,158.84
1783575597,1955,98581.17,24.28,158.96,98582.43,158.85
1783575597,1956,98581.17,24.28,158.96,98582.35,158.85
1783575597,1957,98581.17,24.28,158.96,98582.29,158.86
1783575597,1958,98581.49,24.28,158.93,98582.32,158.86
1783575597,1959,98581.49,24.28,158.93,98582.34,158.85
1783575597,1960,98581.49,24.28,158.93,98582.36,158.85
1783575598,1961,98581.49,24.28,158.93,98582.4,158.85
1783575598,1962,98581.91,24.29,158.9,98582.5,158.85
1783575598,1963,98582.24,24.29,158.87,98582.66,158.83
1783575598,1964,98582.24,24.29,158.87,98582.79,158.82
1783575598,1965,98582.24,24.29,158.87,98582.88,158.81
1783575598,1966,98582.57,24.29,158.84,98583.03,158.8
1783575598,1967,98582.57,24.29,158.84,98583.15,158.79
1783575599,1968,98582.24,24.29,158.87,98583.15,158.79
1783575599,1969,98582.24,24.29,158.87,98583.2,158.78
1783575599,1970,98582.63,24.29,158.83,98583.29,158.78
1783575599,1971,98582.3,24.29,158.86,98583.27,158.78
1783575599,1972,98582.3,24.29,158.86,98583.27,158.78
1783575599,1973,98582.3,24.29,158.86,98583.26,158.78
1783575599,1974,98582.3,24.29,158.86,98583.25,158.78
1783575599,1975,98581.98,24.29,158.89,98583.16,158.79
1783575600,1976,98581.98,24.29,158.89,98583.1,158.79
1783575600,1977,98582.51,24.29,158.84,98583.14,158.79
1783575600,1978,98582.18,24.29,158.87,98583.13,158.79
1783575600,1979,98582.6,24.3,158.84,98583.23,158.79
1783575600,1980,98582.6,24.3,158.84,98583.3,158.78
1783575600,1981,98582.99,24.3,158.81,98583.45,158.77
1783575600,1982,98582.67,24.3,158.84,98583.48,158.76
1783575601,1983,98582.99,24.3,158.81,98583.59,158.75
1783575601,1984,98582.99,24.3,158.81,98583.67,158.75
1783575601,1985,98582.99,24.3,158.81,98583.74,158.74
1783575601,1986,98582.99,24.3,158.81,98583.78,158.74
1783575601,1987,98583.32,24.3,158.78,98583.9,158.73
1783575601,1988,98582.93,24.3,158.81,98583.89,158.73
1783575601,1989,98582.93,24.3,158.81,98583.88,158.73
1783575602,1990,98582.93,24.3,158.81,98583.88,158.73
1783575602,1991,98582.93,24.3,158.81,98583.87,158.73
1783575602,1992,98582.93,24.3,158.81,98583.87,158.73
1783575602,1993,98582.51,24.29,158.84,98583.62,158.75
1783575602,1994,98582.83,24.29,158.82,98583.65,158.74
1783575602,1995,98582.83,24.29,158.82,98583.67,158.74
1783575602,1996,98582.83,24.29,158.82,98583.69,158.74
1783575602,1997,98582.83,24.29,158.82,98583.7,158.74
1783575603,1998,98582.83,24.29,158.82,98583.71,158.74
1783575603,1999,98582.73,24.29,158.83,98583.7,158.74
1783575603,2000,98582.73,24.29,158.83,98583.69,158.74
1783575603,2001,98583.38,24.29,158.77,98584.11,158.7
1783575603,2002,98583.38,24.29,158.77,98584.16,158.7
1783575603,2003,98583.38,24.29,158.77,98584.2,158.7
1783575603,2004,98583.38,24.29,158.77,98584.22,158.69
1783575604,2005,98583.38,24.29,158.77,98584.24,158.69
1783575604,2006,98583.38,24.29,158.77,98584.26,158.69
1783575604,2007,98582.96,24.29,158.8,98584.16,158.7
1783575604,2008,98582.96,24.29,158.8,98584.09,158.7
1783575604,2009,98582.57,24.29,158.84,98583.85,158.73
1783575604,2010,98582.57,24.29,158.84,98583.77,158.73
1783575604,2011,98582.57,24.29,158.84,98583.7,158.74
1783575605,2012,98582.24,24.29,158.87,98583.56,158.75
1783575605,2013,98582.24,24.29,158.87,98583.46,158.76
1783575605,2014,98582.24,24.29,158.87,98583.39,158.77
1783575605,2015,98582.24,24.29,158.87,98583.34,158.77
1783575605,2016,98582.24,24.29,158.87,98583.3,158.78
1783575605,2017,98582.57,24.29,158.84,98583.39,158.77
1783575605,2018,98582.57,24.29,158.84,98583.41,158.77
1783575605,2019,98582.88,24.29,158.81,98583.51,158.76
1783575606,2020,98582.46,24.28,158.84,98583.48,158.75
1783575606,2021,98582.46,24.28,158.84,98583.46,158.76
1783575606,2022,98582.79,24.28,158.81,98583.52,158.75
1783575606,2023,98582.79,24.28,158.81,98583.57,158.75
1783575606,2024,98582.7,24.28,158.82,98583.59,158.74
1783575606,2025,98583.12,24.28,158.79,98583.73,158.73
1783575606,2026,98583.12,24.28,158.79,98583.81,158.72
1783575607,2027,98583.12,24.28,158.79,98583.87,158.72
1783575607,2028,98583.12,24.28,158.79,98583.91,158.72
1783575607,2029,98582.79,24.28,158.81,98583.87,158.72
1783575607,2030,98582.37,24.28,158.85,98583.73,158.73
1783575607,2031,98582.37,24.28,158.85,98583.62,158.74
1783575607,2032,98582.7,24.28,158.82,98583.62,158.74
1783575607,2033,98582.59,24.28,158.83,98583.62,158.74
1783575607,2034,98582.91,24.28,158.8,98583.67,158.74
1783575608,2035,98582.49,24.28,158.84,98583.61,158.74
1783575608,2036,98582.82,24.28,158.81,98583.64,158.74
1783575608,2037,98582.82,24.28,158.81,98583.66,158.74
1783575608,2038,98582.82,24.28,158.81,98583.69,158.74
1783575608,2039,98582.82,24.28,158.81,98583.7,158.73
1783575608,2040,98582.82,24.28,158.81,98583.71,158.73
1783575608,2041,98582.74,24.27,158.81,98583.65,158.73
1783575609,2042,98582.43,24.27,158.84,98583.58,158.74
1783575609,2043,98582.43,24.27,158.84,98583.52,158.74
1783575609,2044,98582.43,24.27,158.84,98583.48,158.75
1783575609,2045,98582.43,24.27,158.84,98583.45,158.75
1783575609,2046,98582.43,24.27,158.84,98583.43,158.75
1783575609,2047,98582.1,24.27,158.87,98583.34,158.76
1783575609,2048,98582.1,24.27,158.87,98583.27,158.77
1783575610,2049,98582.16,24.28,158.87,98583.14,158.78
1783575610,2050,98581.84,24.28,158.9,98583.05,158.79
1783575610,2051,98581.84,24.28,158.9,98582.98,158.8
1783575610,2052,98581.84,24.28,158.9,98582.93,158.8
1783575610,2053,98581.84,24.28,158.9,98582.89,158.81
1783575610,2054,98582.27,24.28,158.86,98582.97,158.8
1783575610,2055,98582.27,24.28,158.86,98583.02,158.79
1783575610,2056,98582.27,24.28,158.86,98583.06,158.79
1783575611,2057,98581.95,24.28,158.89,98583.07,158.79
1783575611,2058,98581.62,24.28,158.92,98582.94,158.8
1783575611,2059,98581.72,24.28,158.91,98582.87,158.81
1783575611,2060,98581.72,24.28,158.91,98582.81,158.81
1783575611,2061,98581.39,24.28,158.94,98582.69,158.82
1783575611,2062,98581.82,24.28,158.9,98582.7,158.82
1783575611,2063,98581.82,24.28,158.9,98582.71,158.82
1783575611,2064,98581.49,24.28,158.93,98582.64,158.83
1783575612,2065,98581.91,24.29,158.9,98582.55,158.84
1783575612,2066,98581.91,24.29,158.9,98582.62,158.84
1783575612,2067,98581.91,24.29,158.9,98582.67,158.83
1783575612,2068,98581.59,24.29,158.93,98582.63,158.83
1783575612,2069,98581.59,24.29,158.93,98582.6,158.84
1783575612,2070,98581.66,24.29,158.92,98582.6,158.84
1783575612,2071,98581.66,24.29,158.92,98582.6,158.84
1783575612,2072,98581.66,24.29,158.92,98582.6,158.84
1783575613,2073,98581.76,24.29,158.91,98582.64,158.83
1783575613,2074,98581.76,24.29,158.91,98582.65,158.83
1783575613,2075,98581.43,24.29,158.94,98582.58,158.84
1783575613,2076,98581.43,24.29,158.94,98582.52,158.84
1783575613,2077,98581.43,24.29,158.94,98582.48,158.85
1783575613,2078,98581.34,24.29,158.95,98582.43,158.85
1783575613,2079,98581.34,24.29,158.95,98582.39,158.86
1783575613,2080,98581.34,24.29,158.95,98582.36,158.86
1783575614,2081,98581.01,24.29,158.98,98582.21,158.87
1783575614,2082,98581.01,24.29,158.98,98582.14,158.88
1783575614,2083,98581.11,24.29,158.97,98582.12,158.88
1783575614,2084,98581.11,24.29,158.97,98582.09,158.88
1783575614,2085,98580.79,24.29,159.0,98582.0,158.89
1783575614,2086,98580.79,24.29,159.0,98581.93,158.9
1783575614,2087,98580.79,24.29,159.0,98581.88,158.9
1783575615,2088,98580.79,24.29,159.0,98581.84,158.9
1783575615,2089,98580.46,24.29,159.03,98581.56,158.93
1783575615,2090,98580.13,24.29,159.05,98581.44,158.94
1783575615,2091,98580.13,24.29,159.05,98581.34,158.95
1783575615,2092,98580.46,24.29,159.03,98581.35,158.95
1783575615,2093,98580.46,24.29,159.03,98581.36,158.95
1783575615,2094,98580.04,24.29,159.06,98581.26,158.96
1783575616,2095,98580.36,24.29,159.03,98581.27,158.95
1783575616,2096,98580.69,24.29,159.01,98581.35,158.95
1783575616,2097,98580.2,24.28,159.04,98581.27,158.95
1783575616,2098,98580.52,24.28,159.01,98581.32,158.94
1783575616,2099,98580.1,24.28,159.05,98581.25,158.95
1783575616,2100,98580.74,24.28,159.0,98581.35,158.94
1783575616,2101,98580.74,24.28,159.0,98581.43,158.93
1783575616,2102,98580.32,24.28,159.03,98581.38,158.94
1783575617,2103,98580.65,24.28,159.0,98581.43,158.93
1783575617,2104,98580.65,24.28,159.0,98581.47,158.93
1783575617,2105,98580.87,24.28,158.98,98581.57,158.92
1783575617,2106,98580.87,24.28,158.98,98581.63,158.92
1783575617,2107,98581.2,24.28,158.96,98581.75,158.91
1783575617,2108,98580.8,24.27,158.98,98581.76,158.9
1783575617,2109,98580.8,24.27,158.98,98581.76,158.9
1783575618,2110,98580.8,24.27,158.98,98581.76,158.9
1783575618,2111,98580.8,24.27,158.98,98581.76,158.9
1783575618,2112,98580.8,24.27,158.98,98581.76,158.9
1783575618,2113,98580.8,24.27,158.98,98581.85,158.89
1783575618,2114,98580.48,24.27,159.01,98581.74,158.9
1783575618,2115,98580.48,24.27,159.01,98581.66,158.91
1783575618,2116,98580.48,24.27,159.01,98581.6,158.91
1783575618,2117,98580.8,24.27,158.98,98581.63,158.91
1783575619,2118,98580.38,24.27,159.02,98581.55,158.92
1783575619,2119,98580.38,24.27,159.02,98581.5,158.92
1783575619,2120,98580.38,24.27,159.02,98581.45,158.93
1783575619,2121,98580.6,24.27,159.0,98581.43,158.93
1783575619,2122,98580.6,24.27,159.0,98581.45,158.93
1783575619,2123,98580.6,24.27,159.0,98581.48,158.93
1783575619,2124,98580.18,24.27,159.04,98581.39,158.93
1783575620,2125,98580.18,24.27,159.04,98581.32,158.94
1783575620,2126,98579.85,24.27,159.07,98581.19,158.95
1783575620,2127,98579.85,24.27,159.07,98581.09,158.96
1783575620,2128,98579.85,24.27,159.07,98581.02,158.97
1783575620,2129,98579.96,24.27,159.06,98580.97,158.97
1783575620,2130,98579.96,24.27,159.06,98580.95,158.97
1783575620,2131,98579.63,24.27,159.09,98580.86,158.98
1783575621,2132,98580.05,24.27,159.05,98580.89,158.98
1783575621,2133,98580.05,24.27,159.05,98580.91,158.97
1783575621,2134,98579.73,24.27,159.08,98580.85,158.98
1783575621,2135,98579.73,24.27,159.08,98580.8,158.98
1783575621,2136,98580.16,24.27,159.04,98580.88,158.98
1783575621,2137,98580.23,24.28,159.04,98580.97,158.98
1783575621,2138,98580.23,24.28,159.04,98581.02,158.97
1783575621,2139,98580.23,24.28,159.04,98581.05,158.97
1783575622,2140,98580.23,24.28,159.04,98581.07,158.97
1783575622,2141,98580.23,24.28,159.04,98581.09,158.96
1783575622,2142,98580.55,24.28,159.01,98581.19,158.96
1783575622,2143,98580.55,24.28,159.01,98581.26,158.95
1783575622,2144,98580.65,24.28,159.0,98581.34,158.94
1783575622,2145,98580.74,24.28,159.0,98581.54,158.93
1783575622,2146,98580.74,24.28,159.0,98581.57,158.92
1783575623,2147,98581.17,24.28,158.96,98581.7,158.91
1783575623,2148,98580.84,24.28,158.99,98581.72,158.91
1783575623,2149,98580.84,24.28,158.99,98581.73,158.91
1783575623,2150,98580.84,24.28,158.99,98581.74,158.91
1783575623,2151,98581.27,24.29,158.95,98581.84,158.9
1783575623,2152,98580.95,24.29,158.98,98581.85,158.9
1783575623,2153,98580.69,24.29,159.01,98581.67,158.92
1783575624,2154,98581.11,24.29,158.97,98581.76,158.91
1783575624,2155,98581.11,24.29,158.97,98581.83,158.91
1783575624,2156,98581.11,24.29,158.97,98581.88,158.9
1783575624,2157,98580.79,24.29,159.0,98581.84,158.9
1783575624,2158,98581.21,24.29,158.96,98581.91,158.9
1783575624,2159,98580.88,24.29,158.99,98581.88,158.9
1783575624,2160,98580.98,24.3,158.98,98581.89,158.9
1783575624,2161,98581.7,24.3,158.92,98582.27,158.87
1783575625,2162,98581.8,24.3,158.91,98582.38,158.86
1783575625,2163,98581.8,24.3,158.91,98582.47,158.85
1783575625,2164,98581.8,24.3,158.91,98582.53,158.85
1783575625,2165,98582.12,24.3,158.88,98582.66,158.84
1783575625,2166,98581.38,24.3,158.95,98582.57,158.84
1783575625,2167,98581.7,24.3,158.92,98582.58,158.84
1783575625,2168,98581.7,24.3,158.92,98582.59,158.84
1783575626,2169,98582.02,24.3,158.89,98582.83,158.82
1783575626,2170,98582.35,24.3,158.86,98582.94,158.81
1783575626,2171,98582.35,24.3,158.86,98583.02,158.8
1783575626,2172,98582.02,24.3,158.89,98583.01,158.81
1783575626,2173,98582.02,24.3,158.89,98582.99,158.81
1783575626,2174,98582.02,24.3,158.89,98582.98,158.81
1783575626,2175,98582.02,24.3,158.89,98582.98,158.81
1783575626,2176,98582.02,24.3,158.89,98582.97,158.81
1783575627,2177,98581.63,24.3,158.93,98582.78,158.83
1783575627,2178,98581.96,24.3,158.9,98582.8,158.82
1783575627,2179,98581.96,24.3,158.9,98582.82,158.82
1783575627,2180,98581.96,24.3,158.9,98582.84,158.82
1783575627,2181,98581.96,24.3,158.9,98582.84,158.82
1783575627,2182,98581.63,24.3,158.93,98582.77,158.83
1783575627,2183,98581.63,24.3,158.93,98582.72,158.83
1783575627,2184,98581.63,24.3,158.93,98582.68,158.83
1783575628,2185,98581.3,24.3,158.96,98582.43,158.86
1783575628,2186,98580.88,24.29,158.99,98582.27,158.87
1783575628,2187,98580.88,24.29,158.99,98582.16,158.88
1783575628,2188,98580.88,24.29,158.99,98582.07,158.88
1783575628,2189,98581.21,24.29,158.96,98582.09,158.88
1783575628,2190,98581.21,24.29,158.96,98582.09,158.88
1783575628,2191,98581.21,24.29,158.96,98582.1,158.88
1783575628,2192,98581.21,24.29,158.96,98582.11,158.88
1783575629,2193,98580.79,24.29,159.0,98581.84,158.9
1783575629,2194,98580.79,24.29,159.0,98581.81,158.91
1783575629,2195,98580.79,24.29,159.0,98581.79,158.91
1783575629,2196,98580.46,24.29,159.03,98581.69,158.92
1783575629,2197,98580.46,24.29,159.03,98581.61,158.92
1783575629,2198,98580.46,24.29,159.03,98581.55,158.93
1783575629,2199,98580.46,24.29,159.03,98581.52,158.93
1783575629,2200,98580.79,24.29,159.0,98581.56,158.93
1783575630,2201,98580.79,24.29,159.0,98581.64,158.92
1783575630,2202,98580.79,24.29,159.0,98581.66,158.92
1783575630,2203,98580.79,24.29,159.0,98581.67,158.92
1783575630,2204,98580.79,24.29,159.0,98581.68,158.92
1783575630,2205,98580.79,24.29,159.0,98581.69,158.92
1783575630,2206,98580.79,24.29,159.0,98581.7,158.92
1783575630,2207,98581.11,24.29,158.97,98581.78,158.91
1783575631,2208,98581.11,24.29,158.97,98581.84,158.9
1783575631,2209,98581.34,24.29,158.95,98582.01,158.89
1783575631,2210,98581.34,24.29,158.95,98582.07,158.88
1783575631,2211,98581.66,24.29,158.92,98582.2,158.87
1783575631,2212,98581.66,24.29,158.92,98582.29,158.86
1783575631,2213,98581.66,24.29,158.92,98582.36,158.86
1783575631,2214,98581.66,24.29,158.92,98582.41,158.85
1783575632,2215,98581.66,24.29,158.92,98582.45,158.85
1783575632,2216,98581.98,24.29,158.89,98582.56,158.84
1783575632,2217,98582.63,24.29,158.83,98583.06,158.8
1783575632,2218,98582.63,24.29,158.83,98583.19,158.78
1783575632,2219,98582.63,24.29,158.83,98583.28,158.78
1783575632,2220,98582.63,24.29,158.83,98583.35,158.77
1783575632,2221,98582.63,24.29,158.83,98583.4,158.77
1783575632,2222,98582.3,24.29,158.86,98583.36,158.77
1783575633,2223,98582.3,24.29,158.86,98583.33,158.77
1783575633,2224,98582.63,24.29,158.83,98583.38,158.77
1783575633,2225,98582.57,24.29,158.84,98583.59,158.75
1783575633,2226,98582.88,24.29,158.81,98583.65,158.74
1783575633,2227,98582.88,24.29,158.81,98583.69,158.74
1783575633,2228,98582.88,24.29,158.81,98583.72,158.74
1783575633,2229,98582.88,24.29,158.81,98583.74,158.74
1783575634,2230,98583.21,24.29,158.78,98583.84,158.73
1783575634,2231,98583.21,24.29,158.78,98583.91,158.72
1783575634,2232,98582.79,24.28,158.81,98583.87,158.72
1783575634,2233,98583.01,24.28,158.8,98583.85,158.72
1783575634,2234,98583.01,24.28,158.8,98583.88,158.72
1783575634,2235,98582.91,24.28,158.8,98583.87,158.72
1783575634,2236,98582.91,24.28,158.8,98583.86,158.72
1783575635,2237,98583.24,24.28,158.77,98583.94,158.71
1783575635,2238,98582.82,24.28,158.81,98583.89,158.72
1783575635,2239,98582.82,24.28,158.81,98583.86,158.72
1783575635,2240,98583.13,24.28,158.78,98583.91,158.72
1783575635,2241,98583.07,24.27,158.78,98583.98,158.7
1783575635,2242,98583.07,24.27,158.78,98583.99,158.7
1783575635,2243,98583.07,24.27,158.78,98583.99,158.7
1783575635,2244,98583.07,24.27,158.78,98583.99,158.7
1783575636,2245,98582.65,24.27,158.82,98583.89,158.71
1783575636,2246,98582.65,24.27,158.82,98583.81,158.72
1783575636,2247,98582.65,24.27,158.82,98583.76,158.72
1783575636,2248,98582.98,24.27,158.79,98583.8,158.72
1783575636,2249,98583.43,24.27,158.75,98584.06,158.7
1783575636,2250,98583.43,24.27,158.75,98584.14,158.69
1783575636,2251,98583.43,24.27,158.75,98584.2,158.69
1783575637,2252,98583.32,24.26,158.76,98584.21,158.68
1783575637,2253,98583.32,24.26,158.76,98584.22,158.68
1783575637,2254,98583.26,24.26,158.76,98584.21,158.68
1783575637,2255,98583.59,24.26,158.73,98584.29,158.67
1783575637,2256,98583.48,24.26,158.74,98584.32,158.67
1783575637,2257,98583.28,24.25,158.76,98584.31,158.66
1783575637,2258,98583.28,24.25,158.76,98584.29,158.67
1783575638,2259,98582.86,24.25,158.79,98584.17,158.68
1783575638,2260,98582.86,24.25,158.79,98584.08,158.69
1783575638,2261,98582.86,24.25,158.79,98584.01,158.69
1783575638,2262,98582.86,24.25,158.79,98583.96,158.7
1783575638,2263,98582.47,24.25,158.83,98583.83,158.71
1783575638,2264,98582.47,24.25,158.83,98583.73,158.72
1783575638,2265,98582.05,24.25,158.86,98583.41,158.74
1783575638,2266,98582.05,24.25,158.86,98583.3,158.75
1783575639,2267,98582.37,24.25,158.84,98583.3,158.75
1783575639,2268,98582.05,24.25,158.86,98583.23,158.76
1783575639,2269,98582.05,24.25,158.86,98583.17,158.76
1783575639,2270,98582.05,24.25,158.86,98583.13,158.77
1783575639,2271,98582.05,24.25,158.86,98583.09,158.77
1783575639,2272,98582.05,24.25,158.86,98583.07,158.77
1783575639,2273,98582.05,24.25,158.86,98583.02,158.78
1783575640,2274,98581.73,24.25,158.89,98582.94,158.79
1783575640,2275,98581.73,24.25,158.89,98582.88,158.79
1783575640,2276,98582.15,24.25,158.86,98582.93,158.79
1783575640,2277,98582.15,24.25,158.86,98582.97,158.78
1783575640,2278,98582.15,24.25,158.86,98583.0,158.78
1783575640,2279,98582.15,24.25,158.86,98583.02,158.78
1783575640,2280,98582.15,24.25,158.86,98583.04,158.78
1783575641,2281,98581.82,24.25,158.88,98582.9,158.79
1783575641,2282,98582.15,24.25,158.86,98582.95,158.78
1783575641,2283,98582.15,24.25,158.86,98582.98,158.78
1783575641,2284,98581.73,24.25,158.89,98582.91,158.79
1783575641,2285,98582.05,24.25,158.86,98582.93,158.79
1783575641,2286,98582.37,24.25,158.84,98583.02,158.78
1783575641,2287,98582.37,24.25,158.84,98583.09,158.77
1783575641,2288,98582.27,24.24,158.84,98583.13,158.76
1783575642,2289,98582.17,24.24,158.85,98583.14,158.76
1783575642,2290,98582.17,24.24,158.85,98583.14,158.76
1783575642,2291,98582.07,24.24,158.86,98583.11,158.77
1783575642,2292,98582.07,24.24,158.86,98583.09,158.77
1783575642,2293,98582.07,24.24,158.86,98583.07,158.77
1783575642,2294,98581.68,24.24,158.89,98582.96,158.78
1783575642,2295,98581.68,24.24,158.89,98582.88,158.78
1783575642,2296,98581.68,24.24,158.89,98582.82,158.79
1783575643,2297,98582.34,24.24,158.83,98583.1,158.77
1783575643,2298,98582.34,24.24,158.83,98583.15,158.76
1783575643,2299,98582.34,24.24,158.83,98583.18,158.76
1783575643,2300,98582.23,24.23,158.84,98583.18,158.75
1783575643,2301,98582.23,24.23,158.84,98583.18,158.75
1783575643,2302,98582.55,24.23,158.81,98583.26,158.75
1783575643,2303,98582.55,24.23,158.81,98583.32,158.74
1783575643,2304,98582.46,24.23,158.82,98583.34,158.74
1783575644,2305,98582.68,24.23,158.8,98583.7,158.71
1783575644,2306,98582.68,24.23,158.8,98583.68,158.71
1783575644,2307,98583.01,24.23,158.77,98583.75,158.7
1783575644,2308,98583.01,24.23,158.77,98583.8,158.7
1783575644,2309,98582.9,24.23,158.78,98583.81,158.7
1783575644,2310,98582.9,24.23,158.78,98583.82,158.7
1783575644,2311,98582.51,24.22,158.81,98583.74,158.7
1783575644,2312,98582.51,24.22,158.81,98583.67,158.7
1783575645,2313,98582.63,24.22,158.8,98583.68,158.7
1783575645,2314,98582.63,24.22,158.8,98583.66,158.71
1783575645,2315,98582.21,24.22,158.83,98583.54,158.72
1783575645,2316,98582.21,24.22,158.83,98583.45,158.72
1783575645,2317,98581.89,24.22,158.86,98583.3,158.74
1783575645,2318,98581.89,24.22,158.86,98583.19,158.75
1783575645,2319,98581.89,24.22,158.86,98583.1,158.76
1783575646,2320,98581.15,24.21,158.92,98582.86,158.77
1783575646,2321,98580.82,24.21,158.95,98582.2,158.83
1783575646,2322,98581.15,24.21,158.92,98582.18,158.83
1783575646,2323,98580.76,24.21,158.96,98582.07,158.84
1783575646,2324,98580.76,24.21,158.96,98581.98,158.85
1783575646,2325,98581.08,24.21,158.93,98582.0,158.85
1783575646,2326,98580.66,24.21,158.97,98581.91,158.86
1783575646,2327,98580.98,24.21,158.94,98581.91,158.85
1783575647,2328,98580.55,24.21,158.97,98581.82,158.86
1783575647,2329,98580.35,24.2,158.99,98581.63,158.87
1783575647,2330,98580.68,24.2,158.96,98581.63,158.87
1783575647,2331,98580.29,24.2,158.99,98581.54,158.88
1783575647,2332,98580.62,24.2,158.96,98581.55,158.88
1783575647,2333,98580.51,24.2,158.97,98581.53,158.88
1783575647,2334,98580.09,24.19,159.01,98581.42,158.89
1783575648,2335,98580.41,24.19,158.98,98581.41,158.89
1783575648,2336,98580.74,24.19,158.95,98581.49,158.88
1783575648,2337,98580.32,24.19,158.98,98581.46,158.88
1783575648,2338,98580.21,24.19,158.99,98581.39,158.89
1783575648,2339,98580.21,24.19,158.99,98581.34,158.89
1783575648,2340,98580.54,24.19,158.97,98581.38,158.89
1783575648,2341,98580.54,24.19,158.97,98581.41,158.89
1783575649,2342,98580.54,24.19,158.97,98581.44,158.89
1783575649,2343,98580.48,24.19,158.97,98581.44,158.89
1783575649,2344,98580.48,24.19,158.97,98581.44,158.89
1783575649,2345,98581.02,24.18,158.92,98581.75,158.85
1783575649,2346,98580.6,24.18,158.95,98581.71,158.86
1783575649,2347,98580.93,24.18,158.93,98581.76,158.85
1783575649,2348,98580.93,24.18,158.93,98581.8,158.85
1783575649,2349,98580.5,24.18,158.96,98581.72,158.86
1783575650,2350,98580.5,24.18,158.96,98581.66,158.86
1783575650,2351,98580.5,24.18,158.96,98581.61,158.87
1783575650,2352,98580.5,24.18,158.96,98581.58,158.87
1783575650,2353,98580.5,24.18,158.96,98581.52,158.87
1783575650,2354,98580.5,24.18,158.96,98581.51,158.87
1783575650,2355,98580.18,24.18,158.99,98581.42,158.88
1783575650,2356,98580.18,24.18,158.99,98581.36,158.89
1783575651,2357,98580.5,24.18,158.96,98581.39,158.88
1783575651,2358,98580.93,24.18,158.93,98581.52,158.87
1783575651,2359,98580.93,24.18,158.93,98581.61,158.87
1783575651,2360,98581.24,24.18,158.9,98581.76,158.85
1783575651,2361,98581.57,24.18,158.87,98582.16,158.82
1783575651,2362,98581.57,24.18,158.87,98582.25,158.81
1783575651,2363,98581.24,24.18,158.9,98582.24,158.81
1783575652,2364,98581.57,24.18,158.87,98582.32,158.8
1783575652,2365,98581.57,24.18,158.87,98582.38,158.8
1783575652,2366,98581.24,24.18,158.9,98582.34,158.8
1783575652,2367,98581.24,24.18,158.9,98582.3,158.8
1783575652,2368,98581.24,24.18,158.9,98582.28,158.81
1783575652,2369,98581.24,24.18,158.9,98582.3,158.8
1783575652,2370,98581.24,24.18,158.9,98582.28,158.81
1783575652,2371,98580.93,24.18,158.93,98582.19,158.81
1783575653,2372,98580.93,24.18,158.93,98582.12,158.82
1783575653,2373,98580.6,24.18,158.95,98581.98,158.83
1783575653,2374,98580.6,24.18,158.95,98581.88,158.84
1783575653,2375,98580.6,24.18,158.95,98581.8,158.85
1783575653,2376,98580.27,24.18,158.98,98581.66,158.86
1783575653,2377,98581.02,24.18,158.92,98581.71,158.86
1783575653,2378,98580.6,24.18,158.95,98581.68,158.86
1783575654,2379,98580.6,24.18,158.95,98581.66,158.86
1783575654,2380,98580.6,24.18,158.95,98581.64,158.86
1783575654,2381,98580.6,24.18,158.95,98581.63,158.86
1783575654,2382,98580.93,24.18,158.93,98581.7,158.86
1783575654,2383,98580.93,24.18,158.93,98581.75,158.85
1783575654,2384,98580.93,24.18,158.93,98581.79,158.85
1783575654,2385,98581.35,24.18,158.89,98582.05,158.83
1783575654,2386,98581.35,24.18,158.89,98582.13,158.82
1783575655,2387,98581.77,24.19,158.86,98582.28,158.81
1783575655,2388,98581.77,24.19,158.86,98582.4,158.8
1783575655,2389,98581.45,24.19,158.89,98582.41,158.8
1783575655,2390,98581.45,24.19,158.89,98582.41,158.8
1783575655,2391,98581.84,24.19,158.85,98582.51,158.79
1783575655,2392,98581.51,24.19,158.88,98582.5,158.79
1783575655,2393,98581.62,24.19,158.87,98582.54,158.79
1783575656,2394,98581.71,24.19,158.86,98582.58,158.79
1783575656,2395,98581.38,24.19,158.89,98582.52,158.79
1783575656,2396,98581.38,24.19,158.89,98582.48,158.79
1783575656,2397,98581.49,24.2,158.89,98582.48,158.8
1783575656,2398,98581.49,24.2,158.89,98582.48,158.8
1783575656,2399,98581.49,24.2,158.89,98582.48,158.8
1783575656,2400,98581.16,24.2,158.92,98582.39,158.81
1783575657,2401,98581.66,24.2,158.87,98582.41,158.81
1783575657,2402,98581.66,24.2,158.87,98582.47,158.8
1783575657,2403,98581.66,24.2,158.87,98582.51,158.8
1783575657,2404,98581.33,24.2,158.9,98582.45,158.8
1783575657,2405,98581.66,24.2,158.87,98582.49,158.8
1783575657,2406,98581.33,24.2,158.9,98582.45,158.8
1783575657,2407,98581.33,24.2,158.9,98582.41,158.81
1783575657,2408,98581.66,24.2,158.87,98582.46,158.8
1783575658,2409,98581.66,24.2,158.87,98582.57,158.79
1783575658,2410,98581.66,24.2,158.87,98582.59,158.79
1783575658,2411,98581.98,24.2,158.84,98582.67,158.78
1783575658,2412,98581.98,24.2,158.84,98582.74,158.78
1783575658,2413,98581.98,24.2,158.84,98582.79,158.77
1783575658,2414,98581.98,24.2,158.84,98582.83,158.77
1783575658,2415,98582.3,24.2,158.81,98582.94,158.76
1783575658,2416,98582.3,24.2,158.81,98583.02,158.75
1783575659,2417,98581.98,24.2,158.84,98582.98,158.76
1783575659,2418,98581.98,24.2,158.84,98582.97,158.76
1783575659,2419,98581.98,24.2,158.84,98582.96,158.76
1783575659,2420,98582.4,24.2,158.81,98583.06,158.75
1783575659,2421,98582.08,24.2,158.83,98583.06,158.75
1783575659,2422,98582.08,24.2,158.83,98583.06,158.75
1783575659,2423,98581.75,24.2,158.86,98582.98,158.76
1783575659,2424,98582.08,24.2,158.83,98582.99,158.75
1783575660,2425,98581.01,24.2,158.93,98582.58,158.79
1783575660,2426,98581.01,24.2,158.93,98582.43,158.8
1783575660,2427,98580.62,24.2,158.96,98582.22,158.82
1783575660,2428,98580.62,24.2,158.96,98582.06,158.84
1783575660,2429,98580.94,24.2,158.94,98582.02,158.84
1783575660,2430,98580.51,24.2,158.97,98581.89,158.85
1783575660,2431,98580.51,24.2,158.97,98581.79,158.86
1783575660,2432,98580.84,24.2,158.94,98581.79,158.86
1783575661,2433,98580.41,24.19,158.98,98581.48,158.88
1783575661,2434,98580.32,24.19,158.98,98581.43,158.89
1783575661,2435,98580.32,24.19,158.98,98581.4,158.89
1783575661,2436,98580.63,24.19,158.96,98581.45,158.88
1783575661,2437,98580.63,24.19,158.96,98581.49,158.88
1783575661,2438,98580.54,24.19,158.97,98581.5,158.88
1783575661,2439,98580.87,24.19,158.94,98581.59,158.87
1783575662,2440,98580.87,24.19,158.94,98581.65,158.87
1783575662,2441,98580.8,24.19,158.94,98581.8,158.85
1783575662,2442,98580.8,24.19,158.94,98581.8,158.85
1783575662,2443,98580.8,24.19,158.94,98581.8,158.85
1783575662,2444,98580.38,24.18,158.97,98581.69,158.86
1783575662,2445,98580.38,24.18,158.97,98581.6,158.87
1783575662,2446,98580.38,24.18,158.97,98581.54,158.87
1783575663,2447,98580.38,24.18,158.97,98581.49,158.88
1783575663,2448,98580.38,24.18,158.97,98581.46,158.88
1783575663,2449,98580.18,24.18,158.99,98581.1,158.91
1783575663,2450,98580.11,24.18,159.0,98581.1,158.91
1783575663,2451,98580.11,24.18,159.0,98581.1,158.91
1783575663,2452,98579.69,24.17,159.03,98581.0,158.91
1783575663,2453,98579.69,24.17,159.03,98580.92,158.92
1783575663,2454,98579.69,24.17,159.03,98580.86,158.93
1783575664,2455,98579.27,24.17,159.07,98580.71,158.94
1783575664,2456,98579.27,24.17,159.07,98580.59,158.95
1783575664,2457,98579.16,24.17,159.08,98580.2,158.98
1783575664,2458,98579.16,24.17,159.08,98580.19,158.99
1783575664,2459,98578.74,24.17,159.11,98580.07,159.0
1783575664,2460,98579.07,24.17,159.08,98580.07,159.0
1783575664,2461,98579.07,24.17,159.08,98580.07,159.0
1783575665,2462,98579.07,24.17,159.08,98580.07,159.0
1783575665,2463,98579.07,24.17,159.08,98580.07,159.0
1783575665,2464,98579.07,24.17,159.08,98580.07,159.0
1783575665,2465,98579.32,24.16,159.06,98580.16,158.98
1783575665,2466,98579.32,24.16,159.06,98580.2,158.98
1783575665,2467,98578.99,24.16,159.09,98580.14,158.98
1783575665,2468,98578.57,24.16,159.12,98580.0,159.0
1783575665,2469,98578.9,24.16,159.09,98579.98,159.0
1783575666,2470,98578.9,24.16,159.09,98579.95,159.0
1783575666,2471,98578.9,24.16,159.09,98579.94,159.0
1783575666,2472,98578.9,24.16,159.09,98579.93,159.0
1783575666,2473,98578.99,24.16,159.09,98579.87,159.01
1783575666,2474,98578.99,24.16,159.09,98579.9,159.01
1783575666,2475,98579.39,24.17,159.06,98580.01,159.0
1783575666,2476,98579.49,24.17,159.05,98580.13,158.99
1783575667,2477,98579.16,24.17,159.08,98580.13,158.99
1783575667,2478,98579.27,24.17,159.07,98580.16,158.99
1783575667,2479,98579.36,24.17,159.06,98580.21,158.98
1783575667,2480,98579.14,24.18,159.08,98580.18,158.99
1783575667,2481,98578.92,24.19,159.11,98580.04,159.01
1783575667,2482,98579.02,24.19,159.1,98580.03,159.01
1783575667,2483,98579.54,24.2,159.06,98580.14,159.01
1783575668,2484,98579.32,24.2,159.08,98580.18,159.0
1783575668,2485,98579.38,24.2,159.07,98580.22,159.0
1783575668,2486,98579.16,24.2,159.09,98580.2,159.0
1783575668,2487,98579.16,24.2,159.09,98580.18,159.0
1783575668,2488,98579.26,24.21,159.09,98580.19,159.01
1783575668,2489,98578.98,24.22,159.12,98580.16,159.01
1783575668,2490,98579.07,24.22,159.11,98580.13,159.02
1783575668,2491,98579.18,24.22,159.1,98580.13,159.02
1783575669,2492,98578.95,24.22,159.12,98580.08,159.02
1783575669,2493,98579.02,24.23,159.12,98580.05,159.03
1783575669,2494,98579.12,24.23,159.11,98580.05,159.03
1783575669,2495,98579.21,24.23,159.1,98580.08,159.03
1783575669,2496,98578.99,24.23,159.12,98580.05,159.03
1783575669,2497,98579.77,24.25,159.06,98580.33,159.02
1783575669,2498,98579.88,24.25,159.06,98580.45,159.0
1783575670,2499,98579.62,24.25,159.08,98580.48,159.0
1783575670,2500,98579.72,24.25,159.07,98580.52,159.0
1783575670,2501,98579.91,24.26,159.06,98580.6,159.0
1783575670,2502,98579.7,24.26,159.08,98580.61,159.0
1783575670,2503,98580.18,24.27,159.04,98580.73,158.99
1783575670,2504,98579.96,24.27,159.06,98580.77,158.99
1783575670,2505,98580.36,24.29,159.03,98581.05,158.97
1783575671,2506,98580.13,24.29,159.05,98581.05,158.97
1783575671,2507,98580.34,24.3,159.04,98581.1,158.97
1783575671,2508,98580.82,24.3,159.0,98581.26,158.96
1783575671,2509,98581.02,24.31,158.99,98581.42,158.95
1783575671,2510,98581.02,24.31,158.99,98581.55,158.94
1783575671,2511,98581.12,24.31,158.98,98581.66,158.93
1783575671,2512,98581.62,24.31,158.93,98581.88,158.91
1783575671,2513,98581.98,24.32,158.91,98582.5,158.86
1783575672,2514,98582.4,24.33,158.88,98582.7,158.85
1783575672,2515,98582.5,24.33,158.87,98582.88,158.83
1783575672,2516,98582.6,24.33,158.86,98583.03,158.82
1783575672,2517,98582.7,24.33,158.85,98583.17,158.81
1783575672,2518,98582.7,24.33,158.85,98583.28,158.8
1783575672,2519,98582.45,24.34,158.88,98583.29,158.8
1783575672,2520,98582.87,24.34,158.84,98583.41,158.79
1783575673,2521,98583.06,24.34,158.82,98583.85,158.75
1783575673,2522,98583.16,24.35,158.82,98583.91,158.75
1783575673,2523,98583.16,24.35,158.82,98583.95,158.75
1783575673,2524,98583.23,24.35,158.81,98583.99,158.75
1783575673,2525,98582.9,24.35,158.84,98583.95,158.75
1783575673,2526,98583.33,24.35,158.8,98584.02,158.74
1783575673,2527,98583.0,24.35,158.83,98583.98,158.75
1783575673,2528,98583.1,24.35,158.82,98583.98,158.75
1783575674,2529,98582.55,24.36,158.88,98583.77,158.77
1783575674,2530,98582.98,24.36,158.84,98583.79,158.77
1783575674,2531,98582.65,24.36,158.87,98583.73,158.77
1783575674,2532,98582.65,24.36,158.87,98583.68,158.78
1783575674,2533,98582.65,24.36,158.87,98583.65,158.78
1783575674,2534,98582.65,24.36,158.87,98583.63,158.78
1783575674,2535,98582.65,24.36,158.87,98583.6,158.79
1783575674,2536,98582.65,24.36,158.87,98583.59,158.79
1783575675,2537,98582.72,24.36,158.86,98583.59,158.79
1783575675,2538,98582.4,24.36,158.89,98583.52,158.79
1783575675,2539,98582.4,24.36,158.89,98583.46,158.8
1783575675,2540,98582.82,24.36,158.85,98583.52,158.79
1783575675,2541,98582.49,24.36,158.88,98583.49,158.8
1783575675,2542,98582.49,24.36,158.88,98583.47,158.8
1783575675,2543,98582.49,24.36,158.88,98583.45,158.8
1783575675,2544,98582.49,24.36,158.88,98583.43,158.8
1783575676,2545,98582.49,24.36,158.88,98583.4,158.8
1783575676,2546,98582.49,24.36,158.88,98583.4,158.8
1783575676,2547,98582.07,24.36,158.92,98583.29,158.81
1783575676,2548,98581.74,24.36,158.95,98583.13,158.83
1783575676,2549,98581.74,24.36,158.95,98583.0,158.84
1783575676,2550,98581.74,24.36,158.95,98582.91,158.85
1783575676,2551,98582.07,24.36,158.92,98582.92,158.85
1783575676,2552,98582.07,24.36,158.92,98582.93,158.85
1783575677,2553,98582.49,24.36,158.88,98583.13,158.83
1783575677,2554,98582.49,24.36,158.88,98583.2,158.82
1783575677,2555,98582.49,24.36,158.88,98583.24,158.82
1783575677,2556,98582.49,24.36,158.88,98583.27,158.81
1783575677,2557,98582.49,24.36,158.88,98583.3,158.81
1783575677,2558,98582.07,24.36,158.92,98583.21,158.82
1783575677,2559,98582.4,24.36,158.89,98583.23,158.82
1783575678,2560,98582.72,24.36,158.86,98583.32,158.81
1783575678,2561,98582.88,24.36,158.85,98583.51,158.79
1783575678,2562,98582.77,24.35,158.85,98583.55,158.78
1783575678,2563,98583.1,24.35,158.82,98583.66,158.77
1783575678,2564,98583.0,24.35,158.83,98583.72,158.77
1783575678,2565,98583.0,24.35,158.83,98583.77,158.77
1783575678,2566,98582.9,24.35,158.84,98583.77,158.77
1783575679,2567,98583.23,24.35,158.81,98583.86,158.76
1783575679,2568,98583.23,24.35,158.81,98583.92,158.75
1783575679,2569,98583.06,24.34,158.82,98583.91,158.75
1783575679,2570,98582.96,24.34,158.83,98583.9,158.75
1783575679,2571,98583.29,24.34,158.8,98583.97,158.74
1783575679,2572,98583.19,24.34,158.81,98584.0,158.74
1783575679,2573,98583.09,24.34,158.82,98584.0,158.74
1783575679,2574,98582.7,24.33,158.85,98583.91,158.74
1783575680,2575,98582.6,24.33,158.86,98583.8,158.75
1783575680,2576,98582.6,24.33,158.86,98583.73,158.76
1783575680,2577,98582.73,24.33,158.85,98583.63,158.77
1783575680,2578,98582.73,24.33,158.85,98583.63,158.77
1783575680,2579,98582.73,24.33,158.85,98583.63,158.77
1783575680,2580,98582.3,24.32,158.88,98583.52,158.77
1783575680,2581,98582.3,24.32,158.88,98583.45,158.78
1783575681,2582,98581.91,24.32,158.91,98583.29,158.79
1783575681,2583,98582.23,24.32,158.89,98583.25,158.8
1783575681,2584,98582.13,24.32,158.89,98583.2,158.8
1783575681,2585,98581.94,24.31,158.91,98583.05,158.81
1783575681,2586,98581.94,24.31,158.91,98583.01,158.81
1783575681,2587,98581.51,24.31,158.94,98582.86,158.82
1783575681,2588,98581.84,24.31,158.91,98582.84,158.83
1783575682,2589,98581.77,24.31,158.92,98582.8,158.83
1783575682,2590,98581.45,24.31,158.95,98582.69,158.84
1783575682,2591,98581.02,24.31,158.99,98582.5,158.86
1783575682,2592,98581.35,24.31,158.96,98582.45,158.86
1783575682,2593,98581.57,24.3,158.93,98582.41,158.86
1783575682,2594,98581.24,24.3,158.96,98582.34,158.86
1783575682,2595,98581.57,24.3,158.93,98582.38,158.86
1783575682,2596,98581.57,24.3,158.93,98582.41,158.86
1783575683,2597,98581.48,24.3,158.94,98582.41,158.86
1783575683,2598,98581.15,24.3,158.97,98582.32,158.87
1783575683,2599,98581.15,24.3,158.97,98582.26,158.87
1783575683,2600,98581.15,24.3,158.97,98582.21,158.88
1783575683,2601,98581.48,24.3,158.94,98582.29,158.87
1783575683,2602,98581.48,24.3,158.94,98582.31,158.87
1783575683,2603,98581.15,24.3,158.97,98582.25,158.87
1783575684,2604,98581.15,24.3,158.97,98582.2,158.88
1783575684,2605,98581.15,24.3,158.97,98582.17,158.88
1783575684,2606,98581.15,24.3,158.97,98582.15,158.88
1783575684,2607,98581.9,24.3,158.9,98582.31,158.87
1783575684,2608,98581.9,24.3,158.9,98582.44,158.86
1783575684,2609,98581.48,24.3,158.94,98582.55,158.85
1783575684,2610,98581.15,24.3,158.97,98582.43,158.86
1783575684,2611,98580.82,24.3,159.0,98582.26,158.87
1783575685,2612,98581.57,24.3,158.93,98582.31,158.87
1783575685,2613,98581.57,24.3,158.93,98582.36,158.86
1783575685,2614,98581.24,24.3,158.96,98582.31,158.87
1783575685,2615,98581.24,24.3,158.96,98582.27,158.87
1783575685,2616,98581.24,24.3,158.96,98582.25,158.87
1783575685,2617,98581.67,24.31,158.93,98582.48,158.86
1783575685,2618,98581.24,24.3,158.96,98582.41,158.86
1783575686,2619,98581.24,24.3,158.96,98582.34,158.86
1783575686,2620,98581.24,24.3,158.96,98582.3,158.87
1783575686,2621,98581.24,24.3,158.96,98582.27,158.87
1783575686,2622,98581.24,24.3,158.96,98582.24,158.87
1783575686,2623,98581.35,24.31,158.96,98582.24,158.88
1783575686,2624,98581.35,24.31,158.96,98582.25,158.88
1783575686,2625,98580.8,24.31,159.01,98581.9,158.91
1783575687,2626,98580.48,24.31,159.03,98581.77,158.92
1783575687,2627,98580.15,24.31,159.06,98581.59,158.94
1783575687,2628,98580.15,24.31,159.06,98581.46,158.95
1783575687,2629,98580.54,24.31,159.03,98581.46,158.95
1783575687,2630,98580.22,24.31,159.06,98581.38,158.95
1783575687,2631,98580.22,24.31,159.06,98581.32,158.96
1783575687,2632,98579.9,24.31,159.09,98581.2,158.97
1783575687,2633,98579.99,24.31,159.08,98581.09,158.98
1783575688,2634,98579.99,24.31,159.08,98581.05,158.98
1783575688,2635,98580.41,24.32,159.05,98581.11,158.98
1783575688,2636,98580.09,24.32,159.07,98581.08,158.99
1783575688,2637,98580.09,24.32,159.07,98581.05,158.99
1783575688,2638,98580.09,24.32,159.07,98581.04,158.99
1783575688,2639,98580.2,24.32,159.06,98581.05,158.99
1783575688,2640,98580.2,24.32,159.06,98581.06,158.99
1783575689,2641,98580.29,24.32,159.06,98581.18,158.98
1783575689,2642,98580.29,24.32,159.06,98581.18,158.98
1783575689,2643,98580.29,24.32,159.06,98581.18,158.98
1783575689,2644,98580.29,24.32,159.06,98581.18,158.98
1783575689,2645,98580.29,24.32,159.06,98581.18,158.98
1783575689,2646,98580.2,24.32,159.06,98581.16,158.98
1783575689,2647,98580.2,24.32,159.06,98581.15,158.98
1783575689,2648,98580.2,24.32,159.06,98581.14,158.98
1783575690,2649,98579.66,24.31,159.11,98580.83,159.0
1783575690,2650,98579.66,24.31,159.11,98580.77,159.01
1783575690,2651,98579.66,24.31,159.11,98580.72,159.01
1783575690,2652,98579.66,24.31,159.11,98580.69,159.02
1783575690,2653,98579.66,24.31,159.11,98580.66,159.02
1783575690,2654,98579.66,24.31,159.11,98580.64,159.02
1783575690,2655,98579.66,24.31,159.11,98580.63,159.02
1783575690,2656,98579.34,24.31,159.14,98580.53,159.03
1783575691,2657,98579.66,24.31,159.11,98580.48,159.03
1783575691,2658,98579.24,24.31,159.14,98580.41,159.04
1783575691,2659,98579.24,24.31,159.14,98580.34,159.05
1783575691,2660,98579.57,24.31,159.12,98580.38,159.04
1783575691,2661,98579.57,24.31,159.12,98580.4,159.04
1783575691,2662,98579.9,24.31,159.09,98580.5,159.03
1783575691,2663,98579.9,24.31,159.09,98580.58,159.03
1783575691,2664,98580.22,24.31,159.06,98580.72,159.01
1783575692,2665,98580.32,24.31,159.05,98581.06,158.98
1783575692,2666,98580.74,24.32,159.02,98581.2,158.98
1783575692,2667,98580.74,24.32,159.02,98581.31,158.97
1783575692,2668,98580.74,24.32,159.02,98581.4,158.96
1783575692,2669,98580.41,24.32,159.05,98581.38,158.96
1783575692,2670,98580.74,24.32,159.02,98581.45,158.95
1783575692,2671,98580.74,24.32,159.02,98581.49,158.95
1783575693,2672,98580.32,24.31,159.05,98581.44,158.95
1783575693,2673,98580.96,24.31,158.99,98581.7,158.93
1783575693,2674,98580.54,24.31,159.03,98581.63,158.93
1783575693,2675,98580.87,24.31,159.0,98581.67,158.93
1783575693,2676,98580.87,24.31,159.0,98581.7,158.93
1783575693,2677,98580.48,24.31,159.03,98581.62,158.93
1783575693,2678,98580.8,24.31,159.01,98581.64,158.93
1783575693,2679,98581.12,24.31,158.98,98581.73,158.92
1783575694,2680,98580.7,24.31,159.02,98581.7,158.93
1783575694,2681,98581.24,24.3,158.96,98581.91,158.9
1783575694,2682,98581.15,24.3,158.97,98581.95,158.9
1783575694,2683,98581.05,24.3,158.98,98581.95,158.9
1783575694,2684,98581.38,24.3,158.95,98582.04,158.89
1783575694,2685,98580.98,24.3,158.98,98582.01,158.89
1783575694,2686,98581.3,24.3,158.96,98582.06,158.89
1783575695,2687,98580.88,24.29,158.99,98582.0,158.89
1783575695,2688,98581.21,24.29,158.96,98582.03,158.89
1783575695,2689,98581.11,24.29,158.97,98581.94,158.9
1783575695,2690,98580.69,24.29,159.01,98581.86,158.9
1783575695,2691,98580.69,24.29,159.01,98581.8,158.91
1783575695,2692,98580.69,24.29,159.01,98581.75,158.91
1783575695,2693,98580.69,24.29,159.01,98581.72,158.91
1783575695,2694,98580.69,24.29,159.01,98581.7,158.92
1783575696,2695,98580.69,24.29,159.01,98581.67,158.92
1783575696,2696,98580.69,24.29,159.01,98581.66,158.92
1783575696,2697,98580.69,24.29,159.01,98581.63,158.92
1783575696,2698,98580.36,24.29,159.03,98581.54,158.93
1783575696,2699,98580.36,24.29,159.03,98581.48,158.94
1783575696,2700,98580.36,24.29,159.03,98581.43,158.94
1783575696,2701,98580.04,24.29,159.06,98581.31,158.95
1783575697,2702,98580.04,24.29,159.06,98581.23,158.96
1783575697,2703,98579.71,24.29,159.09,98581.08,158.97
1783575697,2704,98580.13,24.29,159.05,98581.07,158.97
1783575697,2705,98580.13,24.29,159.05,98581.07,158.97
1783575697,2706,98580.13,24.29,159.05,98581.07,158.97
1783575697,2707,98580.13,24.29,159.05,98581.07,158.97
1783575697,2708,98580.13,24.29,159.05,98581.07,158.97
1783575698,2709,98580.46,24.29,159.03,98581.15,158.96
1783575698,2710,98580.13,24.29,159.05,98581.13,158.97
1783575698,2711,98580.13,24.29,159.05,98581.11,158.97
1783575698,2712,98580.13,24.29,159.05,98581.09,158.97
1783575698,2713,98580.88,24.29,158.99,98581.36,158.95
1783575698,2714,98580.88,24.29,158.99,98581.47,158.94
1783575698,2715,98580.88,24.29,158.99,98581.55,158.93
1783575698,2716,98580.88,24.29,158.99,98581.62,158.92
1783575699,2717,98581.3,24.3,158.96,98581.77,158.92
1783575699,2718,98581.3,24.3,158.96,98581.88,158.91
1783575699,2719,98581.3,24.3,158.96,98581.97,158.9
1783575699,2720,98581.7,24.3,158.92,98582.13,158.88
1783575699,2721,98581.8,24.3,158.91,98582.51,158.85
1783575699,2722,98582.23,24.3,158.88,98582.66,158.84
1783575699,2723,98581.9,24.3,158.9,98582.7,158.83
1783575700,2724,98581.9,24.3,158.9,98582.73,158.83
1783575700,2725,98581.9,24.3,158.9,98582.76,158.83
1783575700,2726,98581.9,24.3,158.9,98582.77,158.83
1783575700,2727,98581.9,24.3,158.9,98582.78,158.83
1783575700,2728,98581.9,24.3,158.9,98582.79,158.83
1783575700,2729,98581.99,24.31,158.9,98582.72,158.84
1783575700,2730,98581.99,24.31,158.9,98582.77,158.83
1783575701,2731,98581.67,24.31,158.93,98582.72,158.84
1783575701,2732,98582.09,24.31,158.89,98582.79,158.83
1783575701,2733,98581.77,24.31,158.92,98582.77,158.83
1783575701,2734,98581.77,24.31,158.92,98582.75,158.83
1783575701,2735,98581.77,24.31,158.92,98582.73,158.84
1783575701,2736,98581.77,24.31,158.92,98582.73,158.84
1783575701,2737,98582.09,24.31,158.89,98582.88,158.82
1783575701,2738,98582.42,24.31,158.86,98582.99,158.81
1783575702,2739,98582.09,24.31,158.89,98582.99,158.81
1783575702,2740,98582.42,24.31,158.86,98583.08,158.81
1783575702,2741,98582.09,24.31,158.89,98583.06,158.81
1783575702,2742,98582.09,24.31,158.89,98583.05,158.81
1783575702,2743,98582.09,24.31,158.89,98583.04,158.81
1783575702,2744,98581.77,24.31,158.92,98582.95,158.82
1783575702,2745,98581.77,24.31,158.92,98582.77,158.83
1783575703,2746,98581.77,24.31,158.92,98582.75,158.83
1783575703,2747,98582.16,24.31,158.89,98582.83,158.83
1783575703,2748,98581.84,24.31,158.91,98582.81,158.83
1783575703,2749,98581.84,24.31,158.91,98582.8,158.83
1783575703,2750,98581.84,24.31,158.91,98582.79,158.83
1783575703,2751,98581.51,24.31,158.94,98582.7,158.84
1783575703,2752,98581.2,24.31,158.97,98582.55,158.85
1783575704,2753,98580.96,24.31,158.99,98582.16,158.89
1783575704,2754,98580.96,24.31,158.99,98582.09,158.89
1783575704,2755,98580.96,24.31,158.99,98582.04,158.9
1783575704,2756,98580.96,24.31,158.99,98582.0,158.9
1783575704,2757,98580.96,24.31,158.99,98581.97,158.9
1783575704,2758,98580.63,24.31,159.02,98581.87,158.91
1783575704,2759,98580.63,24.31,159.02,98581.79,158.92
1783575704,2760,98580.32,24.31,159.05,98581.65,158.93
1783575705,2761,98580.41,24.32,159.05,98581.41,158.96
1783575705,2762,98580.41,24.32,159.05,98581.38,158.96
1783575705,2763,98580.41,24.32,159.05,98581.37,158.96
1783575705,2764,98580.41,24.32,159.05,98581.36,158.96
1783575705,2765,98580.84,24.32,159.01,98581.45,158.95
1783575705,2766,98580.84,24.32,159.01,98581.52,158.95
1783575705,2767,98580.84,24.32,159.01,98581.58,158.94
1783575705,2768,98580.84,24.32,159.01,98581.62,158.94
1783575706,2769,98579.96,24.32,159.09,98581.32,158.97
1783575706,2770,98580.35,24.32,159.05,98581.3,158.97
1783575706,2771,98580.04,24.32,159.08,98581.22,158.97
1783575706,2772,98580.04,24.32,159.08,98581.15,158.98
1783575706,2773,98580.04,24.32,159.08,98581.1,158.99
1783575706,2774,98580.46,24.33,159.05,98581.16,158.99
1783575706,2775,98580.46,24.33,159.05,98581.21,158.98
1783575706,2776,98580.46,24.33,159.05,98581.25,158.98
1783575707,2777,98580.98,24.33,159.0,98581.58,158.95
1783575707,2778,98580.98,24.33,159.0,98581.66,158.94
1783575707,2779,98580.98,24.33,159.0,98581.71,158.94
1783575707,2780,98581.4,24.33,158.96,98581.86,158.92
1783575707,2781,98581.4,24.33,158.96,98581.97,158.91
1783575707,2782,98581.4,24.33,158.96,98582.05,158.91
1783575707,2783,98581.4,24.33,158.96,98582.12,158.9
1783575707,2784,98581.4,24.33,158.96,98582.16,158.9
1783575708,2785,98581.4,24.33,158.96,98582.26,158.89
1783575708,2786,98581.47,24.34,158.96,98582.28,158.89
1783575708,2787,98581.79,24.34,158.93,98582.38,158.88
1783575708,2788,98581.79,24.34,158.93,98582.46,158.88
1783575708,2789,98581.79,24.34,158.93,98582.52,158.87
1783575708,2790,98581.79,24.34,158.93,98582.55,158.87
1783575708,2791,98581.79,24.34,158.93,98582.59,158.86
1783575709,2792,98581.79,24.34,158.93,98582.61,158.86
1783575709,2793,98582.54,24.34,158.87,98582.84,158.84
1783575709,2794,98582.21,24.34,158.9,98582.91,158.84
1783575709,2795,98582.21,24.34,158.9,98582.95,158.83
1783575709,2796,98582.21,24.34,158.9,98582.99,158.83
1783575709,2797,98582.21,24.34,158.9,98583.02,158.83
1783575709,2798,98581.89,24.34,158.93,98582.97,158.83
1783575709,2799,98581.89,24.34,158.93,98582.92,158.84
1783575710,2800,98581.57,24.34,158.95,98582.81,158.84
1783575710,2801,98581.34,24.34,158.97,98582.55,158.87
1783575710,2802,98581.34,24.34,158.97,98582.48,158.87
1783575710,2803,98581.34,24.34,158.97,98582.42,158.88
1783575710,2804,98581.77,24.34,158.94,98582.48,158.87
1783575710,2805,98581.77,24.34,158.94,98582.53,158.87
1783575710,2806,98581.77,24.34,158.94,98582.56,158.87
1783575711,2807,98581.77,24.34,158.94,98582.59,158.86
1783575711,2808,98581.45,24.34,158.97,98582.52,158.87
1783575711,2809,98581.87,24.35,158.93,98582.63,158.87
1783575711,2810,98582.2,24.35,158.9,98582.75,158.86
1783575711,2811,98582.59,24.35,158.87,98582.93,158.84
1783575711,2812,98582.59,24.35,158.87,98583.07,158.83
1783575711,2813,98582.59,24.35,158.87,98583.17,158.82
1783575712,2814,98582.59,24.35,158.87,98583.25,158.81
1783575712,2815,98582.59,24.35,158.87,98583.3,158.81
1783575712,2816,98582.26,24.35,158.9,98583.27,158.81
1783575712,2817,98582.03,24.35,158.92,98583.05,158.83
1783575712,2818,98581.71,24.35,158.95,98582.94,158.84
1783575712,2819,98581.8,24.35,158.94,98582.88,158.84
1783575712,2820,98581.8,24.35,158.94,98582.84,158.85
1783575712,2821,98581.8,24.35,158.94,98582.8,158.85
1783575713,2822,98581.8,24.35,158.94,98582.78,158.85
1783575713,2823,98581.8,24.35,158.94,98582.77,158.85
1783575713,2824,98581.48,24.35,158.97,98582.67,158.86
1783575713,2825,98581.48,24.35,158.97,98582.52,158.88
1783575713,2826,98581.48,24.35,158.97,98582.48,158.88
1783575713,2827,98581.16,24.35,159.0,98582.38,158.89
1783575713,2828,98581.16,24.35,159.0,98582.3,158.89
1783575714,2829,98581.16,24.35,159.0,98582.24,158.9
1783575714,2830,98581.16,24.35,159.0,98582.2,158.9
1783575714,2831,98581.16,24.35,159.0,98582.16,158.91
1783575714,2832,98581.16,24.35,159.0,98582.14,158.91
1783575714,2833,98581.48,24.35,158.97,98582.27,158.9
1783575714,2834,98581.8,24.35,158.94,98582.38,158.89
1783575714,2835,98581.8,24.35,158.94,98582.45,158.88
1783575715,2836,98581.8,24.35,158.94,98582.52,158.88
1783575715,2837,98581.8,24.35,158.94,98582.56,158.87
1783575715,2838,98581.8,24.35,158.94,98582.59,158.87
1783575715,2839,98581.48,24.35,158.97,98582.54,158.87
1783575715,2840,98581.91,24.36,158.94,98582.59,158.87
1783575715,2841,98581.48,24.35,158.97,98582.55,158.87
1783575715,2842,98581.48,24.35,158.97,98582.51,158.88
1783575715,2843,98581.8,24.35,158.94,98582.55,158.87
1783575716,2844,98582.13,24.35,158.91,98582.67,158.86
1783575716,2845,98582.13,24.35,158.91,98582.76,158.85
1783575716,2846,98582.13,24.35,158.91,98582.83,158.85
1783575716,2847,98582.45,24.35,158.88,98582.96,158.84
1783575716,2848,98582.45,24.35,158.88,98583.05,158.83
1783575716,2849,98582.77,24.35,158.85,98583.4,158.8
1783575716,2850,98582.35,24.35,158.89,98583.36,158.8
1783575717,2851,98582.35,24.35,158.89,98583.34,158.8
1783575717,2852,98582.03,24.35,158.92,98583.23,158.81
1783575717,2853,98582.77,24.35,158.85,98583.34,158.8
1783575717,2854,98582.35,24.35,158.89,98583.32,158.81
1783575717,2855,98582.77,24.35,158.85,98583.41,158.8
1783575717,2856,98582.45,24.35,158.88,98583.39,158.8
1783575717,2857,98582.01,24.36,158.93,98583.22,158.82
1783575718,2858,98582.07,24.36,158.92,98583.16,158.83
1783575718,2859,98581.74,24.36,158.95,98583.02,158.84
1783575718,2860,98582.17,24.36,158.91,98583.03,158.84
1783575718,2861,98582.27,24.37,158.91,98583.05,158.84
1783575718,2862,98582.27,24.37,158.91,98583.08,158.84
1783575718,2863,98582.27,24.37,158.91,98583.09,158.84
1783575718,2864,98582.37,24.37,158.9,98583.13,158.83
1783575718,2865,98581.88,24.37,158.94,98583.0,158.84
1783575719,2866,98581.88,24.37,158.94,98582.95,158.85
1783575719,2867,98581.98,24.38,158.94,98582.93,158.86
1783575719,2868,98581.98,24.38,158.94,98582.91,158.86
1783575719,2869,98581.66,24.38,158.97,98582.82,158.87
1783575719,2870,98582.09,24.38,158.93,98582.86,158.86
1783575719,2871,98582.09,24.38,158.93,98582.88,158.86
1783575719,2872,98581.76,24.38,158.96,98582.82,158.87
1783575720,2873,98581.86,24.38,158.95,98582.91,158.86
1783575720,2874,98581.96,24.38,158.94,98582.89,158.86
1783575720,2875,98581.96,24.38,158.94,98582.88,158.86
1783575720,2876,98582.02,24.39,158.94,98582.88,158.86
1783575720,2877,98581.7,24.39,158.97,98582.8,158.87
1783575720,2878,98581.8,24.39,158.96,98582.77,158.87
1783575720,2879,98581.9,24.39,158.95,98582.77,158.87
1783575720,2880,98582.32,24.39,158.91,98582.88,158.87
1783575721,2881,98582.04,24.4,158.94,98582.95,158.86
1783575721,2882,98582.13,24.41,158.94,98582.96,158.87
1783575721,2883,98582.52,24.41,158.91,98583.07,158.86
1783575721,2884,98582.2,24.41,158.94,98583.07,158.86
1783575721,2885,98582.2,24.41,158.94,98583.07,158.86
1783575721,2886,98582.3,24.41,158.93,98583.09,158.86
1783575721,2887,98582.4,24.41,158.92,98583.13,158.85
1783575721,2888,98582.5,24.42,158.91,98583.18,158.86
1783575722,2889,98581.7,24.42,158.99,98582.8,158.89
1783575722,2890,98581.79,24.42,158.98,98582.76,158.89
1783575722,2891,98581.89,24.43,158.97,98582.75,158.9
1783575722,2892,98581.57,24.43,159.0,98582.67,158.91
1783575722,2893,98581.66,24.43,158.99,98582.63,158.91
1783575722,2894,98581.77,24.43,158.99,98582.63,158.91
1783575722,2895,98581.45,24.43,159.01,98582.55,158.92
1783575722,2896,98581.84,24.43,158.98,98582.58,158.91
1783575723,2897,98582.35,24.44,158.94,98582.81,158.9
1783575723,2898,98582.03,24.44,158.97,98582.83,158.9
1783575723,2899,98582.13,24.44,158.96,98582.87,158.89
1783575723,2900,98582.13,24.44,158.96,98582.9,158.89
1783575723,2901,98581.91,24.44,158.98,98582.87,158.89
1783575723,2902,98581.59,24.44,159.01,98582.76,158.9
1783575723,2903,98581.59,24.44,159.01,98582.68,158.91
1783575723,2904,98581.98,24.45,158.98,98582.71,158.91
1783575724,2905,98581.84,24.45,158.99,98582.58,158.92
1783575724,2906,98581.2,24.45,159.05,98582.45,158.94
1783575724,2907,98581.3,24.45,159.04,98582.37,158.94
1783575724,2908,98580.98,24.45,159.07,98582.23,158.95
1783575724,2909,98580.98,24.45,159.07,98582.13,158.96
1783575724,2910,98580.98,24.45,159.07,98582.05,158.97
1783575724,2911,98581.4,24.46,159.03,98582.1,158.97
1783575725,2912,98581.72,24.46,159.01,98582.22,158.96
1783575725,2913,98581.46,24.46,159.03,98582.24,158.96
1783575725,2914,98581.13,24.46,159.06,98582.18,158.96
1783575725,2915,98581.13,24.46,159.06,98582.13,158.97
1783575725,2916,98581.13,24.46,159.06,98582.09,158.97
1783575725,2917,98581.13,24.46,159.06,98582.06,158.97
1783575725,2918,98581.46,24.46,159.03,98582.13,158.97
1783575726,2919,98581.46,24.46,159.03,98582.17,158.97
1783575726,2920,98581.46,24.46,159.03,98582.2,158.96
1783575726,2921,98581.79,24.46,159.0,98582.35,158.95
1783575726,2922,98581.79,24.46,159.0,98582.42,158.94
1783575726,2923,98582.11,24.46,158.97,98582.55,158.93
1783575726,2924,98582.11,24.46,158.97,98582.66,158.92
1783575726,2925,98582.11,24.46,158.97,98582.73,158.92
1783575726,2926,98581.72,24.46,159.01,98582.69,158.92
1783575727,2927,98581.72,24.46,159.01,98582.66,158.92
1783575727,2928,98581.72,24.46,159.01,98582.63,158.92
1783575727,2929,98581.95,24.45,158.98,98582.66,158.92
1783575727,2930,98581.95,24.45,158.98,98582.69,158.91
1783575727,2931,98581.52,24.45,159.02,98582.61,158.92
1783575727,2932,98581.84,24.45,158.99,98582.63,158.92
1783575727,2933,98581.84,24.45,158.99,98582.64,158.92
1783575728,2934,98581.84,24.45,158.99,98582.65,158.92
1783575728,2935,98581.84,24.45,158.99,98582.66,158.92
1783575728,2936,98581.84,24.45,158.99,98582.66,158.92
1783575728,2937,98581.74,24.45,159.0,98582.72,158.91
1783575728,2938,98582.07,24.45,158.97,98582.77,158.91
1783575728,2939,98582.07,24.45,158.97,98582.8,158.9
1783575728,2940,98582.39,24.45,158.94,98582.91,158.89
1783575729,2941,98582.39,24.45,158.94,98582.99,158.89
1783575729,2942,98582.39,24.45,158.94,98583.05,158.88
1783575729,2943,98581.65,24.45,159.01,98582.91,158.89
1783575729,2944,98581.65,24.45,159.01,98582.81,158.9
1783575729,2945,98581.98,24.45,158.98,98582.81,158.9
1783575729,2946,98581.98,24.45,158.98,98582.81,158.9
1783575729,2947,98582.3,24.45,158.95,98582.89,158.9
1783575729,2948,98582.62,24.45,158.92,98583.03,158.88
1783575730,2949,98582.95,24.45,158.89,98583.22,158.87
1783575730,2950,98582.95,24.45,158.89,98583.36,158.86
1783575730,2951,98582.55,24.44,158.92,98583.38,158.85
1783575730,2952,98582.88,24.44,158.89,98583.46,158.84
1783575730,2953,98582.77,24.44,158.9,98583.54,158.83
1783575730,2954,98582.35,24.44,158.94,98583.45,158.84
1783575730,2955,98582.68,24.44,158.91,98583.47,158.84
1783575731,2956,98582.59,24.44,158.92,98583.46,158.84
1783575731,2957,98582.59,24.44,158.92,98583.45,158.84
1783575731,2958,98582.48,24.43,158.92,98583.42,158.84
1783575731,2959,98582.09,24.43,158.96,98583.3,158.85
1783575731,2960,98582.09,24.43,158.96,98583.21,158.86
1783575731,2961,98581.14,24.42,159.04,98582.58,158.91
1783575731,2962,98581.47,24.42,159.01,98582.52,158.91
1783575732,2963,98581.05,24.42,159.04,98582.37,158.93
1783575732,2964,98581.05,24.42,159.04,98582.25,158.94
1783575732,2965,98580.98,24.42,159.05,98582.15,158.95
1783575732,2966,98580.88,24.42,159.06,98582.05,158.95
1783575732,2967,98581.2,24.42,159.03,98582.05,158.95
1783575732,2968,98581.1,24.41,159.03,98582.03,158.95
1783575732,2969,98581.23,24.41,159.02,98582.01,158.95
1783575732,2970,98581.16,24.41,159.03,98582.02,158.95
1783575733,2971,98581.49,24.41,159.0,98582.1,158.94
1783575733,2972,98581.49,24.41,159.0,98582.16,158.94
1783575733,2973,98581.38,24.4,159.0,98582.19,158.93
1783575733,2974,98581.71,24.4,158.97,98582.28,158.92
1783575733,2975,98581.71,24.4,158.97,98582.35,158.92
1783575733,2976,98581.62,24.4,158.98,98582.38,158.91
1783575733,2977,98581.62,24.4,158.98,98582.45,158.91
1783575734,2978,98581.62,24.4,158.98,98582.45,158.91
1783575734,2979,98581.2,24.4,159.02,98582.36,158.92
1783575734,2980,98581.2,24.4,159.02,98582.29,158.92
1783575734,2981,98581.51,24.4,158.99,98582.31,158.92
1783575734,2982,98581.51,24.4,158.99,98582.33,158.92
1783575734,2983,98581.51,24.4,158.99,98582.34,158.92
1783575734,2984,98581.51,24.4,158.99,98582.34,158.92
1783575734,2985,98581.84,24.4,158.96,98582.45,158.91
1783575735,2986,98581.84,24.4,158.96,98582.51,158.9
1783575735,2987,98582.16,24.4,158.93,98582.64,158.89
1783575735,2988,98582.16,24.4,158.93,98582.73,158.88
1783575735,2989,98582.16,24.4,158.93,98582.8,158.88
1783575735,2990,98581.84,24.4,158.96,98582.78,158.88
1783575735,2991,98581.84,24.4,158.96,98582.77,158.88
1783575735,2992,98581.41,24.4,159.0,98582.65,158.89
1783575736,2993,98581.84,24.4,158.96,98582.7,158.89
1783575736,2994,98581.84,24.4,158.96,98582.7,158.89
1783575736,2995,98581.62,24.4,158.98,98582.65,158.89
1783575736,2996,98581.71,24.4,158.97,98582.63,158.89
1783575736,2997,98582.13,24.41,158.94,98582.73,158.89
1783575736,2998,98581.81,24.41,158.97,98582.72,158.89
1783575736,2999,98581.88,24.41,158.96,98582.73,158.89
1783575736,3000,98581.98,24.41,158.96,98582.76,158.89
1783575737,3001,98582.34,24.42,158.93,98583.0,158.87
1783575737,3002,98582.45,24.42,158.92,98583.08,158.86
1783575737,3003,98582.54,24.43,158.92,98583.15,158.86
1783575737,3004,98582.54,24.43,158.92,98583.21,158.86
1783575737,3005,98582.63,24.43,158.91,98583.28,158.85
1783575737,3006,98582.41,24.43,158.93,98583.28,158.85
1783575737,3007,98582.48,24.43,158.92,98583.29,158.85
1783575737,3008,98582.16,24.43,158.95,98583.22,158.86
1783575738,3009,98582.55,24.44,158.92,98583.3,158.86
1783575738,3010,98582.3,24.45,158.95,98583.25,158.86
1783575738,3011,98582.39,24.45,158.94,98583.25,158.86
1783575738,3012,98582.17,24.45,158.96,98583.2,158.87
1783575738,3013,98582.27,24.45,158.95,98583.17,158.87
1783575738,3014,98582.37,24.46,158.95,98583.18,158.88
1783575738,3015,98582.43,24.46,158.94,98583.2,158.87
1783575738,3016,98582.54,24.46,158.93,98583.25,158.87
1783575739,3017,98582.24,24.47,158.96,98583.29,158.87
1783575739,3018,98582.02,24.47,158.98,98583.18,158.88
1783575739,3019,98582.12,24.48,158.98,98583.12,158.89
1783575739,3020,98581.9,24.48,159.0,98583.02,158.9
1783575739,3021,98581.99,24.48,158.99,98582.98,158.91
1783575739,3022,98581.74,24.48,159.01,98582.88,158.91
1783575739,3023,98581.94,24.49,159.0,98582.85,158.92
