unix_time,sample_id,pressure_pa,temperature_c,height_m,kf_pressure_pa,kf_height_m
1783575339,21,98589.0,26.43,159.26,98588.55,159.3
1783575339,22,98589.0,26.43,159.26,98588.55,159.3
1783575339,23,98590.0,26.43,159.17,98588.83,159.28
1783575339,24,98588.0,26.43,159.35,98588.67,159.29
1783575339,25,98591.0,26.43,159.09,98588.91,159.28
1783575339,26,98589.0,26.43,159.27,98588.92,159.27
1783575339,27,98588.0,26.43,159.36,98588.75,159.29
1783575339,28,98587.0,26.43,159.44,98588.42,159.32
1783575340,29,98587.0,26.43,159.44,98588.16,159.34
1783575340,30,98588.0,26.43,159.36,98588.13,159.34
1783575340,31,98588.0,26.43,159.36,98588.1,159.35
1783575340,32,98590.0,26.43,159.18,98588.46,159.31
1783575340,33,98587.0,26.42,159.44,98587.52,159.4
1783575340,34,98587.0,26.42,159.44,98587.42,159.41
1783575340,35,98588.0,26.42,159.36,98587.53,159.4
1783575341,36,98588.0,26.42,159.36,98587.62,159.39
1783575341,37,98588.0,26.42,159.36,98587.69,159.38
1783575341,38,98588.0,26.42,159.36,98587.75,159.38
1783575341,39,98589.0,26.42,159.27,98587.98,159.36
1783575341,40,98588.0,26.42,159.36,98587.98,159.36
1783575341,41,98586.0,26.41,159.52,98587.94,159.35
1783575341,42,98590.0,26.41,159.17,98588.33,159.32
1783575342,43,98588.0,26.4,159.34,98588.27,159.32
1783575342,44,98588.0,26.4,159.34,98588.22,159.32
1783575342,45,98586.0,26.4,159.52,98587.8,159.36
1783575342,46,98586.0,26.39,159.52,98587.46,159.39
1783575342,47,98587.0,26.39,159.42,98587.38,159.39
1783575342,48,98588.0,26.39,159.33,98587.49,159.38
1783575342,49,98590.0,26.38,159.15,98588.43,159.29
1783575342,50,98588.0,26.38,159.32,98588.35,159.29
1783575343,51,98588.0,26.38,159.32,98588.29,159.3
1783575343,52,98587.0,26.38,159.41,98588.05,159.32
1783575343,53,98585.0,26.37,159.58,98587.48,159.36
1783575343,54,98588.0,26.37,159.32,98587.58,159.36
1783575343,55,98586.0,26.36,159.5,98587.28,159.38
1783575343,56,98587.0,26.36,159.4,98587.23,159.38
1783575343,57,98588.0,26.36,159.31,98587.59,159.34
1783575344,58,98588.0,26.35,159.3,98587.67,159.33
1783575344,59,98588.0,26.35,159.3,98587.73,159.33
1783575344,60,98588.0,26.35,159.3,98587.78,159.32
1783575344,61,98588.0,26.35,159.3,98587.82,159.31
1783575344,62,98588.0,26.34,159.29,98587.85,159.3
1783575344,63,98588.0,26.34,159.29,98587.88,159.3
1783575344,64,98587.0,26.34,159.37,98587.72,159.31
1783575345,65,98587.0,26.33,159.37,98587.74,159.3
1783575345,66,98587.0,26.33,159.36,98587.6,159.31
1783575345,67,98587.0,26.32,159.36,98587.48,159.32
1783575345,68,98589.0,26.32,159.18,98587.77,159.29
1783575345,69,98589.0,26.32,159.18,98588.01,159.27
1783575345,70,98591.0,26.32,159.0,98588.57,159.22
1783575345,71,98588.0,26.32,159.26,98588.46,159.22
1783575345,72,98588.0,26.32,159.26,98588.38,159.23
1783575346,73,98588.0,26.31,159.25,98588.2,159.24
1783575346,74,98589.0,26.31,159.17,98588.34,159.22
1783575346,75,98588.0,26.31,159.25,98588.28,159.22
1783575346,76,98587.0,26.31,159.34,98588.04,159.25
1783575346,77,98588.0,26.31,159.25,98588.03,159.25
1783575346,78,98587.0,26.31,159.33,98587.84,159.26
1783575346,79,98589.0,26.31,159.15,98588.05,159.24
1783575346,80,98588.0,26.31,159.24,98588.05,159.24
1783575347,81,98587.0,26.31,159.32,98588.16,159.22
1783575347,82,98589.0,26.31,159.14,98588.31,159.21
1783575347,83,98590.0,26.31,159.05,98588.63,159.17
1783575347,84,98589.0,26.31,159.14,98588.7,159.17
1783575347,85,98587.0,26.3,159.31,98588.38,159.19
1783575347,86,98587.0,26.3,159.31,98588.13,159.21
1783575347,87,98588.0,26.3,159.22,98588.1,159.21
1783575347,88,98590.0,26.29,159.04,98588.46,159.18
1783575348,89,98588.0,26.29,159.21,98587.55,159.25
1783575348,90,98587.0,26.3,159.29,98587.45,159.26
1783575348,91,98590.0,26.3,159.03,98587.93,159.21
1783575348,92,98589.0,26.3,159.12,98588.13,159.19
1783575348,93,98590.0,26.3,159.02,98588.48,159.16
1783575348,94,98588.0,26.3,159.2,98588.39,159.17
1783575348,95,98589.0,26.3,159.11,98588.51,159.15
1783575348,96,98590.0,26.29,159.02,98588.79,159.13
1783575349,97,98586.0,26.28,159.37,98587.97,159.19
1783575349,98,98591.0,26.28,158.92,98588.54,159.14
1783575349,99,98586.0,26.28,159.36,98588.06,159.18
1783575349,100,98588.0,26.28,159.18,98588.05,159.18
1783575349,102,98590.0,26.28,159.0,98588.56,159.13
1783575349,103,98588.0,26.28,159.18,98588.45,159.14
1783575350,104,98589.0,26.28,159.09,98588.55,159.13
1783575350,105,98589.0,26.27,159.08,98588.27,159.15
1783575350,106,98590.0,26.27,158.99,98588.6,159.11
1783575350,107,98588.0,26.27,159.16,98588.48,159.12
1783575350,108,98589.0,26.26,159.07,98588.58,159.11
1783575350,109,98588.0,26.26,159.16,98588.47,159.12
1783575350,110,98587.0,26.26,159.25,98588.2,159.14
1783575350,111,98585.0,26.26,159.42,98587.59,159.19
1783575351,112,98587.0,26.26,159.24,98587.48,159.2
1783575351,113,98587.0,26.26,159.24,98587.29,159.21
1783575351,114,98588.0,26.26,159.15,98587.42,159.2
1783575351,115,98587.0,26.26,159.23,98587.34,159.2
1783575351,116,98591.0,26.26,158.88,98588.03,159.14
1783575351,117,98588.0,26.25,159.14,98588.02,159.14
1783575351,118,98586.0,26.25,159.31,98587.64,159.17
1783575352,119,98587.0,26.25,159.23,98587.52,159.18
1783575352,120,98587.0,26.25,159.22,98587.42,159.18
1783575352,121,98587.0,26.24,159.22,98587.55,159.17
1783575352,122,98587.0,26.24,159.22,98587.45,159.18
1783575352,123,98589.0,26.24,159.04,98587.74,159.15
1783575352,124,98587.0,26.24,159.21,98587.6,159.16
1783575352,125,98588.0,26.24,159.12,98587.68,159.15
1783575353,126,98585.0,26.24,159.39,98587.17,159.19
1783575353,127,98588.0,26.24,159.12,98587.33,159.18
1783575353,128,98587.0,26.24,159.2,98587.27,159.18
1783575353,129,98588.0,26.24,159.11,98588.09,159.1
1783575353,130,98589.0,26.24,159.02,98588.26,159.08
1783575353,131,98588.0,26.23,159.11,98588.21,159.09
1783575353,132,98587.0,26.23,159.19,98587.98,159.1
1783575353,133,98587.0,26.23,159.19,98587.8,159.12
1783575354,134,98588.0,26.23,159.09,98587.84,159.11
1783575354,135,98587.0,26.22,159.18,98587.68,159.12
1783575354,136,98588.0,26.22,159.09,98587.74,159.12
1783575354,137,98585.0,26.23,159.35,98587.24,159.15
1783575354,138,98588.0,26.23,159.08,98587.38,159.14
1783575354,139,98590.0,26.22,158.9,98587.88,159.09
1783575354,140,98588.0,26.22,159.08,98587.9,159.09
1783575355,141,98589.0,26.22,158.99,98588.11,159.07
1783575355,142,98587.0,26.21,159.16,98587.9,159.08
1783575355,143,98587.0,26.22,159.16,98587.73,159.1
1783575355,144,98588.0,26.21,159.07,98587.78,159.09
1783575355,145,98587.0,26.2,159.15,98587.21,159.13
1783575355,146,98587.0,26.2,159.15,98587.17,159.14
1783575355,147,98587.0,26.2,159.15,98587.14,159.14
1783575356,148,98586.0,26.2,159.23,98586.92,159.15
1783575356,149,98586.0,26.2,159.23,98586.75,159.17
1783575356,150,98587.0,26.2,159.15,98586.8,159.16
1783575356,151,98589.0,26.2,158.96,98587.21,159.12
1783575356,152,98587.0,26.2,159.14,98587.17,159.13
1783575356,153,98585.0,26.19,159.31,98586.64,159.17
1783575356,154,98589.0,26.19,158.95,98587.09,159.12
1783575356,155,98587.0,26.19,159.13,98587.07,159.12
1783575357,156,98588.0,26.19,159.04,98587.24,159.11
1783575357,157,98587.0,26.19,159.12,98587.2,159.11
1783575357,158,98586.0,26.19,159.21,98586.97,159.13
1783575357,159,98588.0,26.18,159.04,98587.16,159.11
1783575357,160,98587.0,26.18,159.12,98587.13,159.11
1783575357,161,98588.0,26.18,159.03,98587.24,159.09
1783575357,162,98588.0,26.18,159.03,98587.38,159.08
1783575358,163,98588.0,26.18,159.03,98587.5,159.07
1783575358,164,98590.0,26.18,158.84,98587.97,159.02
1783575358,165,98587.0,26.18,159.11,98587.79,159.04
1783575358,166,98591.0,26.18,158.75,98588.39,158.99
1783575358,167,98588.0,26.17,159.01,98588.32,158.99
1783575358,168,98587.0,26.17,159.1,98588.07,159.01
1783575358,169,98589.0,26.16,158.92,98587.94,159.02
1783575359,170,98587.0,26.16,159.1,98587.76,159.03
1783575359,171,98587.0,26.16,159.1,98587.62,159.04
1783575359,172,98589.0,26.16,158.92,98587.88,159.02
1783575359,173,98589.0,26.16,158.92,98588.09,159.0
1783575359,174,98590.0,26.16,158.83,98588.45,158.96
1783575359,175,98587.0,26.16,159.09,98588.17,158.99
1783575359,176,98589.0,26.16,158.91,98588.33,158.97
1783575359,177,98588.0,26.15,158.99,98587.99,158.99
1783575360,178,98589.0,26.15,158.9,98588.18,158.98
1783575360,179,98587.0,26.15,159.08,98587.96,159.0
1783575360,180,98588.0,26.14,158.99,98587.97,158.99
1783575360,181,98588.0,26.14,158.99,98587.98,158.99
1783575360,182,98586.0,26.14,159.17,98587.6,159.02
1783575360,183,98588.0,26.15,158.99,98587.68,159.02
1783575360,184,98587.0,26.14,159.08,98587.55,159.03
1783575361,185,98588.0,26.14,158.98,98586.84,159.09
1783575361,186,98588.0,26.14,158.98,98587.06,159.07
1783575361,187,98588.0,26.14,158.98,98587.24,159.05
1783575361,188,98588.0,26.14,158.98,98587.38,159.03
1783575361,189,98587.0,26.14,159.07,98587.31,159.04
1783575361,190,98586.0,26.14,159.15,98587.06,159.06
1783575361,191,98586.0,26.13,159.15,98586.86,159.08
1783575361,192,98586.0,26.13,159.15,98586.7,159.09
1783575362,193,98588.0,26.13,158.97,98586.76,159.08
1783575362,194,98587.0,26.13,159.06,98586.8,159.08
1783575362,195,98589.0,26.13,158.88,98587.22,159.04
1783575362,196,98586.0,26.13,159.15,98586.99,159.06
1783575362,197,98588.0,26.13,158.97,98587.18,159.04
1783575362,198,98587.0,26.13,159.06,98587.15,159.05
1783575362,199,98588.0,26.13,158.97,98587.31,159.03
1783575362,200,98588.0,26.13,158.97,98587.45,159.02
1783575363,201,98590.0,26.12,158.78,98588.57,158.91
1783575363,202,98588.0,26.12,158.96,98588.46,158.92
1783575363,203,98589.0,26.12,158.87,98588.56,158.91
1783575363,204,98588.0,26.12,158.96,98588.45,158.92
1783575363,205,98587.0,26.11,159.04,98588.18,158.93
1783575363,206,98588.0,26.11,158.95,98588.15,158.94
1783575363,207,98589.0,26.11,158.86,98588.31,158.92
1783575363,208,98589.0,26.11,158.86,98588.45,158.91
1783575364,209,98588.0,26.11,158.94,98587.78,158.96
1783575364,210,98588.0,26.11,158.94,98587.82,158.96
1783575364,211,98588.0,26.11,158.94,98587.85,158.95
1783575364,212,98587.0,26.11,159.02,98587.69,158.96
1783575364,213,98587.0,26.11,159.02,98587.55,158.97
1783575364,214,98587.0,26.11,159.02,98587.45,158.98
1783575364,215,98589.0,26.11,158.84,98587.74,158.95
1783575365,216,98589.0,26.1,158.84,98587.98,158.93
1783575365,217,98588.0,26.08,158.92,98587.45,158.97
1783575365,218,98588.0,26.08,158.92,98587.55,158.96
1783575365,219,98586.0,26.08,159.1,98587.27,158.99
1783575365,220,98588.0,26.08,158.92,98587.41,158.97
1783575365,221,98586.0,26.08,159.1,98587.14,159.0
1783575365,222,98587.0,26.08,159.01,98587.12,159.0
1783575365,223,98588.0,26.08,158.91,98587.28,158.98
1783575366,224,98588.0,26.08,158.91,98587.41,158.97
1783575366,225,98587.0,26.08,159.0,98587.21,158.98
1783575366,226,98589.0,26.08,158.82,98587.55,158.95
1783575366,227,98587.0,26.08,159.0,98587.45,158.96
1783575366,228,98589.0,26.08,158.81,98587.73,158.93
1783575366,229,98589.0,26.08,158.81,98587.98,158.9
1783575366,230,98586.0,26.08,159.08,98587.6,158.94
1783575367,231,98587.0,26.09,158.99,98587.48,158.95
1783575367,232,98587.0,26.09,158.99,98587.39,158.95
1783575367,233,98587.0,26.09,158.99,98587.33,158.96
1783575367,234,98589.0,26.1,158.8,98587.64,158.92
1783575367,235,98588.0,26.1,158.89,98587.71,158.92
1783575367,236,98589.0,26.1,158.8,98587.95,158.9
1783575367,237,98587.0,26.1,158.98,98587.77,158.91
1783575367,238,98587.0,26.1,158.98,98587.63,158.92
1783575368,239,98590.0,26.1,158.71,98588.07,158.88
1783575368,240,98588.0,26.1,158.89,98588.05,158.88
1783575368,241,98588.0,26.1,158.88,98587.88,158.89
1783575368,242,98588.0,26.1,158.88,98587.9,158.89
1783575368,243,98588.0,26.1,158.88,98587.91,158.88
1783575368,244,98589.0,26.1,158.79,98588.12,158.87
1783575368,245,98586.0,26.09,159.05,98587.72,158.9
1783575369,246,98587.0,26.09,158.96,98587.59,158.91
1783575369,247,98587.0,26.09,158.96,98587.48,158.92
1783575369,248,98586.0,26.09,159.04,98587.2,158.94
1783575369,249,98586.0,26.08,159.04,98586.84,158.96
1783575369,250,98588.0,26.08,158.86,98587.06,158.94
1783575369,251,98589.0,26.08,158.77,98587.43,158.91
1783575369,252,98588.0,26.08,158.85,98587.54,158.9
1783575370,253,98588.0,26.08,158.85,98587.63,158.89
1783575370,254,98590.0,26.08,158.68,98588.07,158.85
1783575370,255,98587.0,26.09,158.94,98587.87,158.86
1783575370,256,98587.0,26.09,158.94,98587.7,158.88
1783575370,257,98589.0,26.09,158.76,98588.54,158.8
1783575370,258,98588.0,26.09,158.84,98588.44,158.81
1783575370,259,98587.0,26.09,158.93,98588.16,158.82
1783575370,260,98588.0,26.09,158.84,98588.13,158.83
1783575371,261,98588.0,26.09,158.84,98588.11,158.83
1783575371,262,98588.0,26.1,158.84,98588.09,158.83
1783575371,263,98588.0,26.1,158.83,98588.07,158.83
1783575371,264,98586.0,26.1,159.01,98587.68,158.86
1783575371,265,98588.0,26.1,158.83,98587.96,158.83
1783575371,266,98587.0,26.1,158.92,98587.78,158.85
1783575371,267,98586.0,26.1,159.01,98587.45,158.88
1783575372,268,98588.0,26.1,158.82,98587.55,158.86
1783575372,269,98588.0,26.1,158.82,98587.63,158.86
1783575372,270,98588.0,26.1,158.82,98587.7,158.85
1783575372,271,98588.0,26.1,158.82,98587.76,158.84
1783575372,272,98588.0,26.1,158.82,98587.8,158.84
1783575372,273,98590.0,26.1,158.64,98588.41,158.78
1783575372,274,98589.0,26.1,158.72,98588.52,158.77
1783575373,275,98590.0,26.09,158.64,98588.8,158.74
1783575373,276,98587.0,26.09,158.9,98588.46,158.77
1783575373,277,98590.0,26.09,158.63,98588.75,158.74
1783575373,278,98588.0,26.09,158.81,98588.61,158.75
1783575373,279,98588.0,26.09,158.81,98588.49,158.76
1783575373,280,98587.0,26.09,158.9,98588.21,158.79
1783575373,281,98589.0,26.09,158.71,98588.38,158.77
1783575373,282,98588.0,26.09,158.8,98588.31,158.77
1783575374,283,98588.0,26.09,158.8,98588.25,158.77
1783575374,284,98586.0,26.09,158.97,98587.83,158.81
1783575374,285,98588.0,26.1,158.8,98587.86,158.81
1783575374,286,98588.0,26.09,158.8,98587.88,158.81
1783575374,287,98588.0,26.09,158.8,98587.91,158.8
1783575374,288,98587.0,26.09,158.88,98587.73,158.81
1783575374,289,98588.0,26.09,158.79,98587.71,158.82
1783575375,290,98588.0,26.09,158.79,98587.77,158.81
1783575375,291,98587.0,26.09,158.88,98587.63,158.82
1783575375,292,98588.0,26.09,158.79,98587.7,158.82
1783575375,293,98588.0,26.1,158.79,98587.75,158.81
1783575375,294,98587.0,26.1,158.87,98587.61,158.82
1783575375,295,98589.0,26.1,158.7,98587.88,158.8
1783575375,296,98586.0,26.11,158.96,98587.52,158.83
1783575376,297,98587.0,26.12,158.87,98587.73,158.81
1783575376,298,98589.0,26.12,158.7,98587.98,158.79
1783575376,299,98589.0,26.12,158.7,98588.17,158.77
1783575376,300,98587.0,26.12,158.87,98587.95,158.79
1783575376,301,98590.0,26.12,158.61,98588.34,158.76
1783575376,302,98589.0,26.12,158.7,98588.46,158.74
1783575376,303,98585.0,26.12,159.05,98587.81,158.8
1783575376,304,98588.0,26.12,158.78,98587.85,158.79
1783575377,305,98587.0,26.12,158.87,98588.16,158.77
1783575377,306,98589.0,26.12,158.69,98588.31,158.75
1783575377,307,98587.0,26.12,158.87,98588.06,158.77
1783575377,308,98588.0,26.12,158.77,98588.05,158.77
1783575377,309,98588.0,26.11,158.77,98588.04,158.77
1783575377,310,98587.0,26.11,158.86,98587.84,158.79
1783575377,311,98586.0,26.11,158.95,98587.5,158.82
1783575377,312,98588.0,26.11,158.77,98587.59,158.81
1783575378,313,98589.0,26.11,158.68,98587.7,158.8
1783575378,314,98587.0,26.12,158.86,98587.57,158.81
1783575378,315,98586.0,26.12,158.95,98587.27,158.83
1783575378,316,98588.0,26.13,158.77,98587.41,158.82
1783575378,317,98588.0,26.13,158.77,98587.52,158.81
1783575378,318,98588.0,26.14,158.77,98587.61,158.8
1783575378,319,98589.0,26.14,158.68,98587.88,158.78
1783575378,320,98586.0,26.15,158.95,98587.52,158.81
1783575379,321,98589.0,26.15,158.68,98587.76,158.79
1783575379,322,98588.0,26.15,158.77,98587.8,158.79
1783575379,323,98587.0,26.14,158.85,98587.66,158.8
1783575379,324,98588.0,26.14,158.76,98587.72,158.79
1783575379,325,98586.0,26.14,158.94,98587.4,158.82
1783575379,326,98586.0,26.14,158.94,98587.13,158.84
1783575379,327,98588.0,26.14,158.76,98587.3,158.83
1783575379,328,98587.0,26.14,158.85,98587.24,158.83
1783575380,329,98586.0,26.13,158.94,98586.89,158.86
1783575380,330,98586.0,26.13,158.94,98586.73,158.88
1783575380,331,98586.0,26.12,158.94,98586.59,158.89
1783575380,332,98588.0,26.12,158.76,98586.85,158.86
1783575380,333,98586.0,26.12,158.94,98586.69,158.88
1783575380,334,98586.0,26.12,158.94,98586.55,158.89
1783575380,335,98587.0,26.12,158.85,98586.64,158.88
1783575381,336,98586.0,26.12,158.94,98586.52,158.89
1783575381,337,98588.0,26.12,158.76,98586.85,158.86
1783575381,338,98587.0,26.12,158.85,98586.88,158.86
1783575381,339,98587.0,26.11,158.85,98586.91,158.86
1783575381,340,98585.0,26.11,159.02,98586.55,158.88
1783575381,341,98584.0,26.11,159.11,98586.07,158.92
1783575381,342,98586.0,26.11,158.93,98586.05,158.93
1783575382,343,98586.0,26.11,158.93,98586.05,158.93
1783575382,344,98587.0,26.11,158.84,98586.23,158.91
1783575382,345,98587.0,26.1,158.84,98586.52,158.89
1783575382,346,98587.0,26.1,158.84,98586.61,158.88
1783575382,347,98587.0,26.1,158.84,98586.68,158.87
1783575382,348,98586.0,26.09,158.93,98586.55,158.88
1783575382,349,98587.0,26.09,158.84,98586.64,158.87
1783575382,350,98589.0,26.09,158.66,98587.09,158.83
1783575383,351,98588.0,26.09,158.75,98587.26,158.81
1783575383,352,98587.0,26.09,158.84,98587.21,158.82
1783575383,353,98586.0,26.08,158.93,98586.27,158.9
1783575383,354,98590.0,26.08,158.57,98586.98,158.84
1783575383,355,98588.0,26.08,158.75,98587.17,158.82
1783575383,356,98590.0,26.08,158.57,98587.7,158.77
1783575383,357,98587.0,26.08,158.83,98587.57,158.78
1783575384,358,98586.0,26.08,158.92,98587.27,158.81
1783575384,359,98587.0,26.07,158.83,98587.22,158.81
1783575384,360,98586.0,26.07,158.92,98586.99,158.83
1783575384,361,98588.0,26.07,158.74,98587.37,158.8
1783575384,362,98586.0,26.07,158.92,98587.11,158.82
1783575384,363,98586.0,26.07,158.92,98586.9,158.84
1783575384,364,98586.0,26.07,158.92,98586.73,158.86
1783575384,365,98588.0,26.07,158.74,98586.97,158.83
1783575385,366,98586.0,26.06,158.91,98586.79,158.85
1783575385,367,98587.0,26.06,158.83,98586.83,158.84
1783575385,368,98587.0,26.06,158.83,98586.86,158.84
1783575385,369,98586.0,26.06,158.91,98586.75,158.85
1783575385,370,98586.0,26.06,158.91,98586.61,158.86
1783575385,371,98588.0,26.06,158.74,98586.88,158.84
1783575385,372,98585.0,26.06,159.0,98586.52,158.86
1783575386,373,98586.0,26.06,158.91,98586.42,158.87
1783575386,374,98585.0,26.06,159.0,98586.16,158.9
1783575386,375,98586.0,26.06,158.91,98586.13,158.9
1783575386,376,98588.0,26.06,158.73,98586.48,158.87
1783575386,377,98588.0,26.05,158.73,98586.8,158.84
1783575386,378,98587.0,26.04,158.82,98586.84,158.83
1783575386,379,98583.0,26.04,159.18,98586.12,158.9
1783575387,380,98585.0,26.04,159.0,98585.91,158.92
1783575387,381,98587.0,26.04,158.82,98586.11,158.9
1783575387,382,98589.0,26.04,158.64,98586.66,158.85
1783575387,383,98587.0,26.04,158.82,98586.72,158.85
1783575387,384,98586.0,26.04,158.9,98586.59,158.85
1783575387,385,98586.0,26.04,158.9,98586.3,158.88
1783575387,386,98587.0,26.04,158.82,98586.43,158.87
1783575387,387,98585.0,26.03,158.99,98586.16,158.89
1783575388,388,98583.0,26.03,159.17,98585.57,158.94
1783575388,389,98586.0,26.03,158.9,98585.65,158.94
1783575388,390,98585.0,26.03,158.99,98585.52,158.95
1783575388,391,98589.0,26.03,158.64,98586.18,158.89
1783575388,392,98586.0,26.03,158.9,98586.15,158.89
1783575388,393,98588.0,26.03,158.72,98586.11,158.89
1783575388,394,98586.0,26.02,158.9,98586.09,158.89
1783575389,395,98584.0,26.02,159.08,98585.7,158.93
1783575389,396,98584.0,26.02,159.08,98585.38,158.95
1783575389,397,98584.0,26.02,159.08,98585.12,158.98
1783575389,398,98587.0,26.02,158.81,98585.47,158.95
1783575389,399,98587.0,26.02,158.81,98585.76,158.92
1783575389,400,98587.0,26.02,158.81,98585.99,158.9
1783575389,401,98587.0,26.02,158.8,98586.41,158.86
1783575390,402,98587.0,26.02,158.8,98586.52,158.84
1783575390,403,98586.0,26.02,158.89,98586.42,158.85
1783575390,404,98587.0,26.01,158.8,98586.53,158.84
1783575390,405,98588.0,26.01,158.71,98586.8,158.82
1783575390,406,98586.0,26.01,158.89,98586.66,158.83
1783575390,407,98585.0,26.01,158.97,98586.34,158.85
1783575390,408,98586.0,26.01,158.88,98586.28,158.86
1783575390,409,98587.0,26.01,158.79,98586.44,158.84
1783575391,410,98588.0,26.01,158.7,98586.73,158.81
1783575391,411,98589.0,26.01,158.61,98587.16,158.77
1783575391,412,98586.0,26.01,158.88,98586.95,158.79
1783575391,413,98584.0,26.0,159.05,98586.39,158.84
1783575391,414,98586.0,26.0,158.87,98586.32,158.84
1783575391,415,98585.0,26.0,158.96,98586.07,158.87
1783575391,416,98586.0,25.99,158.87,98586.05,158.87
1783575392,417,98586.0,25.99,158.87,98586.18,158.85
1783575392,418,98586.0,25.99,158.87,98586.15,158.85
1783575392,419,98587.0,25.99,158.77,98586.31,158.83
1783575392,420,98588.0,26.0,158.68,98586.63,158.81
1783575392,421,98587.0,26.0,158.77,98586.7,158.8
1783575392,422,98587.0,26.0,158.77,98586.76,158.79
1783575392,423,98586.0,26.0,158.86,98586.62,158.8
1783575392,424,98587.0,26.0,158.77,98586.69,158.8
1783575393,425,98585.0,25.99,158.94,98586.03,158.85
1783575393,426,98586.0,25.99,158.85,98586.02,158.85
1783575393,427,98586.0,25.99,158.85,98586.02,158.85
1783575393,428,98588.0,25.98,158.67,98586.39,158.81
1783575393,429,98586.0,25.98,158.85,98586.32,158.82
1783575393,430,98588.0,25.98,158.67,98586.63,158.79
1783575393,431,98587.0,25.98,158.76,98586.7,158.78
1783575393,432,98587.0,25.98,158.76,98586.76,158.78
1783575394,433,98586.0,25.98,158.84,98586.13,158.83
1783575394,434,98587.0,25.98,158.75,98586.29,158.81
1783575394,435,98584.0,25.98,159.01,98585.86,158.85
1783575394,436,98585.0,25.98,158.92,98585.7,158.86
1783575394,437,98584.0,25.97,159.01,98585.38,158.89
1783575394,438,98586.0,25.97,158.83,98585.49,158.88
1783575394,439,98586.0,25.97,158.83,98585.59,158.87
1783575394,440,98588.0,25.97,158.65,98586.04,158.83
1783575395,441,98588.0,25.98,158.65,98586.52,158.78
1783575395,442,98588.0,25.97,158.65,98586.8,158.75
1783575395,443,98585.0,25.97,158.91,98586.46,158.78
1783575395,444,98589.0,25.97,158.56,98586.94,158.74
1783575395,445,98587.0,25.97,158.73,98586.95,158.73
1783575395,446,98586.0,25.97,158.82,98586.77,158.75
1783575395,447,98587.0,25.96,158.73,98586.81,158.75
1783575396,448,98586.0,25.96,158.82,98586.66,158.76
1783575396,449,98586.0,25.96,158.81,98586.42,158.78
1783575396,450,98587.0,25.97,158.72,98586.53,158.77
1783575396,451,98586.0,25.96,158.81,98586.43,158.78
1783575396,452,98587.0,25.96,158.72,98586.54,158.77
1783575396,453,98586.0,25.96,158.81,98586.44,158.77
1783575396,454,98585.0,25.96,158.9,98586.16,158.79
1783575396,455,98585.0,25.95,158.9,98585.95,158.81
1783575397,456,98585.0,25.95,158.9,98585.77,158.83
1783575397,457,98585.0,25.95,158.89,98585.43,158.85
1783575397,458,98586.0,25.95,158.8,98585.54,158.84
1783575397,459,98587.0,25.95,158.71,98585.81,158.82
1783575397,460,98587.0,25.95,158.71,98586.04,158.8
1783575397,461,98586.0,25.95,158.8,98586.03,158.79
1783575397,462,98586.0,25.95,158.8,98586.02,158.8
1783575398,463,98585.0,25.95,158.89,98585.83,158.81
1783575398,464,98587.0,25.94,158.71,98586.05,158.79
1783575398,465,98588.0,25.94,158.62,98586.43,158.75
1783575398,466,98586.0,25.94,158.79,98586.35,158.76
1783575398,467,98587.0,25.94,158.7,98586.48,158.75
1783575398,468,98586.0,25.94,158.79,98586.39,158.76
1783575398,469,98585.0,25.94,158.88,98586.13,158.78
1783575398,470,98589.0,25.94,158.52,98586.66,158.73
1783575399,471,98586.0,25.94,158.79,98586.54,158.74
1783575399,472,98588.0,25.94,158.61,98586.81,158.72
1783575399,473,98585.0,25.93,158.87,98586.31,158.75
1783575399,474,98585.0,25.93,158.87,98586.06,158.78
1783575399,475,98587.0,25.92,158.69,98586.24,158.76
1783575399,476,98586.0,25.93,158.78,98586.2,158.76
1783575399,477,98586.0,25.92,158.78,98586.16,158.76
1783575400,478,98583.0,25.92,159.04,98585.56,158.82
1783575400,479,98586.0,25.93,158.78,98585.65,158.81
1783575400,480,98586.0,25.93,158.78,98585.71,158.8
1783575400,481,98584.0,25.92,158.95,98585.52,158.81
1783575400,482,98587.0,25.92,158.68,98585.8,158.79
1783575400,483,98587.0,25.92,158.68,98586.03,158.77
1783575400,484,98585.0,25.92,158.86,98585.84,158.79
1783575401,485,98585.0,25.92,158.85,98585.68,158.79
1783575401,486,98584.0,25.91,158.94,98585.37,158.82
1783575401,487,98585.0,25.91,158.85,98585.3,158.83
1783575401,488,98585.0,25.91,158.85,98585.24,158.83
1783575401,489,98587.0,25.92,158.67,98585.58,158.8
1783575401,490,98586.0,25.92,158.76,98585.66,158.79
1783575401,491,98587.0,25.92,158.67,98585.91,158.77
1783575401,492,98584.0,25.91,158.93,98585.55,158.79
1783575402,493,98584.0,25.91,158.93,98585.26,158.82
1783575402,494,98586.0,25.91,158.75,98585.4,158.81
1783575402,495,98586.0,25.91,158.75,98585.52,158.8
1783575402,496,98585.0,25.91,158.84,98585.42,158.81
1783575402,497,98584.0,25.91,158.93,98585.65,158.78
1783575402,498,98583.0,25.91,159.02,98585.15,158.83
1783575402,499,98586.0,25.91,158.75,98585.31,158.81
1783575403,500,98586.0,25.91,158.75,98585.45,158.8
1783575403,501,98585.0,25.91,158.84,98585.36,158.81
1783575403,502,98588.0,25.92,158.57,98585.86,158.76
1783575403,503,98587.0,25.91,158.66,98586.08,158.74
1783575403,504,98586.0,25.92,158.74,98586.06,158.74
1783575403,505,98585.0,25.91,158.83,98585.84,158.76
1783575403,506,98587.0,25.91,158.66,98586.05,158.74
1783575404,507,98585.0,25.91,158.83,98585.86,158.76
1783575404,508,98587.0,25.91,158.66,98586.08,158.74
1783575404,509,98585.0,25.92,158.83,98585.88,158.75
1783575404,510,98587.0,25.92,158.65,98586.09,158.73
1783575404,511,98584.0,25.92,158.92,98585.7,158.77
1783575404,512,98586.0,25.92,158.74,98585.75,158.76
1783575404,513,98585.0,25.91,158.82,98585.27,158.8
1783575404,514,98586.0,25.91,158.73,98585.41,158.79
1783575405,515,98587.0,25.91,158.65,98585.71,158.76
1783575405,516,98584.0,25.9,158.91,98585.39,158.79
1783575405,517,98585.0,25.91,158.82,98585.32,158.79
1783575405,518,98586.0,25.91,158.73,98585.45,158.78
1783575405,519,98587.0,25.91,158.64,98585.73,158.75
1783575405,520,98585.0,25.9,158.82,98585.59,158.76
1783575405,521,98587.0,25.91,158.64,98585.79,158.75
1783575406,522,98588.0,25.91,158.55,98586.2,158.71
1783575406,523,98587.0,25.91,158.64,98586.35,158.7
1783575406,524,98587.0,25.91,158.64,98586.48,158.69
1783575406,525,98587.0,25.91,158.64,98586.58,158.68
1783575406,526,98587.0,25.91,158.63,98586.66,158.67
1783575406,527,98584.0,25.91,158.9,98586.16,158.71
1783575406,528,98586.0,25.91,158.72,98586.13,158.71
1783575407,529,98584.0,25.9,158.9,98585.2,158.79
1783575407,530,98585.0,25.91,158.81,98585.16,158.8
1783575407,531,98585.0,25.91,158.81,98585.13,158.8
1783575407,532,98587.0,25.91,158.63,98585.48,158.77
1783575407,533,98587.0,25.91,158.63,98585.77,158.74
1783575407,534,98585.0,25.91,158.81,98585.63,158.75
1783575407,535,98587.0,25.91,158.63,98585.88,158.73
1783575407,536,98588.0,25.91,158.54,98586.28,158.69
1783575408,537,98585.0,25.92,158.81,98585.33,158.78
1783575408,538,98585.0,25.92,158.81,98585.27,158.78
1783575408,539,98585.0,25.92,158.8,98585.22,158.78
1783575408,540,98586.0,25.92,158.71,98585.37,158.77
1783575408,541,98585.0,25.92,158.8,98585.3,158.77
1783575408,542,98587.0,25.92,158.62,98585.62,158.75
1783575408,543,98586.0,25.92,158.71,98585.69,158.74
1783575408,544,98586.0,25.92,158.71,98585.75,158.73
1783575409,545,98583.0,25.93,158.98,98584.73,158.82
1783575409,546,98584.0,25.94,158.89,98584.59,158.84
1783575409,547,98586.0,25.94,158.71,98584.85,158.81
1783575409,548,98585.0,25.94,158.8,98584.88,158.81
1783575409,549,98586.0,25.94,158.71,98585.09,158.79
1783575409,550,98585.0,25.94,158.8,98585.08,158.79
1783575409,551,98587.0,25.94,158.62,98585.44,158.76
1783575409,552,98585.0,25.94,158.8,98585.35,158.77
1783575410,553,98586.0,25.94,158.71,98585.7,158.74
1783575410,554,98586.0,25.94,158.71,98585.75,158.73
1783575410,555,98584.0,25.94,158.88,98585.42,158.76
1783575410,556,98585.0,25.94,158.8,98585.34,158.76
1783575410,557,98587.0,25.94,158.62,98585.66,158.74
1783575410,558,98586.0,25.95,158.71,98585.72,158.73
1783575410,559,98586.0,25.95,158.71,98585.77,158.73
1783575410,560,98585.0,25.95,158.8,98585.63,158.74
1783575411,561,98584.0,25.97,158.88,98585.56,158.75
1783575411,562,98584.0,25.97,158.88,98585.27,158.77
1783575411,563,98584.0,25.97,158.89,98585.02,158.8
1783575411,564,98586.0,25.97,158.71,98585.21,158.78
1783575411,565,98586.0,25.97,158.71,98585.36,158.76
1783575411,566,98584.0,25.97,158.88,98585.1,158.79
1783575411,567,98587.0,25.97,158.62,98585.46,158.75
1783575412,568,98585.0,25.97,158.8,98585.38,158.76
1783575412,569,98584.0,25.97,158.88,98584.83,158.81
1783575412,570,98584.0,25.97,158.88,98584.67,158.82
1783575412,571,98585.0,25.97,158.8,98584.73,158.82
1783575412,572,98587.0,25.97,158.62,98585.16,158.78
1783575412,573,98585.0,25.97,158.8,98585.13,158.78
1783575412,574,98585.0,25.97,158.8,98585.11,158.79
1783575412,575,98586.0,25.97,158.71,98585.27,158.77
1783575413,576,98583.0,25.97,158.97,98584.84,158.81
1783575413,577,98585.0,25.98,158.8,98584.84,158.81
1783575413,578,98583.0,25.98,158.97,98584.49,158.84
1783575413,579,98586.0,25.98,158.71,98584.77,158.82
1783575413,580,98585.0,25.98,158.8,98584.81,158.81
1783575413,581,98584.0,25.98,158.88,98584.66,158.83
1783575413,582,98584.0,25.98,158.88,98584.53,158.84
1783575414,583,98586.0,25.99,158.71,98584.8,158.81
1783575414,584,98588.0,25.98,158.53,98585.41,158.76
1783575414,585,98584.0,25.98,158.88,98584.96,158.8
1783575414,586,98587.0,25.98,158.62,98585.34,158.76
1783575414,587,98586.0,25.97,158.71,98585.47,158.75
1783575414,588,98585.0,25.98,158.8,98585.38,158.76
1783575414,589,98585.0,25.98,158.8,98585.31,158.77
1783575415,590,98582.0,25.98,159.06,98584.69,158.82
1783575415,591,98585.0,25.98,158.8,98584.75,158.82
1783575415,592,98586.0,25.98,158.71,98584.98,158.8
1783575415,593,98586.0,25.99,158.71,98585.3,158.77
1783575415,594,98586.0,25.99,158.71,98585.44,158.76
1783575415,595,98584.0,25.99,158.89,98585.16,158.79
1783575415,596,98586.0,25.99,158.71,98585.32,158.77
1783575415,597,98587.0,25.99,158.62,98585.63,158.74
1783575416,598,98581.0,25.99,159.15,98584.76,158.82
1783575416,599,98584.0,25.99,158.89,98584.62,158.83
1783575416,600,98586.0,25.99,158.71,98584.88,158.81
1783575416,601,98585.0,25.98,158.8,98585.45,158.76
1783575416,602,98585.0,25.98,158.8,98585.36,158.77
1783575416,603,98584.0,25.98,158.89,98585.1,158.79
1783575416,604,98586.0,25.98,158.71,98585.27,158.78
1783575417,605,98585.0,25.98,158.8,98585.22,158.78
1783575417,606,98585.0,25.98,158.8,98585.18,158.79
1783575417,607,98585.0,25.98,158.8,98585.15,158.79
1783575417,608,98585.0,25.98,158.8,98585.12,158.79
1783575417,609,98586.0,25.98,158.71,98585.14,158.79
1783575417,610,98585.0,25.98,158.8,98585.12,158.79
1783575417,611,98586.0,25.98,158.71,98585.28,158.78
1783575418,612,98583.0,25.98,158.98,98584.85,158.81
1783575418,613,98585.0,25.98,158.8,98584.88,158.81
1783575418,614,98585.0,25.98,158.8,98584.91,158.81
1783575418,615,98585.0,25.98,158.8,98584.92,158.81
1783575418,616,98583.0,25.98,158.98,98584.56,158.84
1783575418,617,98584.0,25.98,158.89,98584.77,158.82
1783575418,618,98587.0,25.98,158.62,98585.2,158.78
1783575418,619,98587.0,25.98,158.62,98585.54,158.75
1783575419,620,98581.0,25.98,159.15,98584.69,158.83
1783575419,621,98584.0,25.98,158.89,98584.55,158.84
1783575419,622,98585.0,25.98,158.8,98584.64,158.83
1783575419,623,98585.0,25.98,158.8,98584.71,158.83
1783575419,624,98583.0,25.98,158.98,98584.39,158.85
1783575419,625,98587.0,25.98,158.62,98585.37,158.77
1783575419,626,98584.0,25.98,158.89,98585.11,158.79
1783575420,627,98585.0,25.98,158.8,98585.09,158.79
1783575420,628,98584.0,25.98,158.89,98584.88,158.81
1783575420,629,98585.0,25.98,158.8,98584.91,158.81
1783575420,630,98584.0,25.97,158.89,98584.73,158.82
1783575420,631,98585.0,25.97,158.8,98584.78,158.82
1783575420,632,98585.0,25.98,158.8,98584.82,158.82
1783575420,633,98586.0,25.98,158.71,98584.5,158.84
1783575421,634,98585.0,25.98,158.8,98584.59,158.84
1783575421,635,98584.0,25.98,158.89,98584.48,158.85
1783575421,636,98587.0,25.98,158.62,98584.96,158.8
1783575421,637,98584.0,25.98,158.89,98584.78,158.83
1783575421,638,98583.0,25.98,158.98,98584.45,158.85
1783575421,639,98583.0,25.98,158.98,98584.17,158.88
1783575421,640,98586.0,25.98,158.72,98584.52,158.85
1783575421,641,98584.0,25.97,158.89,98584.69,158.83
1783575422,642,98584.0,25.98,158.89,98584.55,158.85
1783575422,643,98586.0,25.98,158.72,98584.83,158.82
1783575422,644,98582.0,25.98,159.07,98584.3,158.87
1783575422,645,98584.0,25.98,158.89,98584.24,158.87
1783575422,646,98585.0,25.98,158.81,98584.38,158.86
1783575422,647,98585.0,25.98,158.81,98584.5,158.85
1783575422,648,98586.0,25.98,158.72,98584.78,158.83
1783575423,649,98586.0,25.98,158.72,98585.04,158.8
1783575423,650,98585.0,25.98,158.81,98585.03,158.81
1783575423,651,98585.0,25.98,158.81,98585.02,158.81
1783575423,652,98584.0,25.98,158.9,98584.83,158.83
1783575423,653,98583.0,25.97,158.99,98584.48,158.86
1783575423,654,98582.0,25.97,159.08,98584.02,158.9
1783575423,655,98583.0,25.97,158.99,98583.83,158.91
1783575423,656,98585.0,25.97,158.81,98584.05,158.9
1783575424,657,98584.0,25.97,158.9,98584.66,158.84
1783575424,658,98585.0,25.97,158.81,98584.72,158.84
1783575424,659,98583.0,25.97,158.99,98584.4,158.86
1783575424,660,98583.0,25.97,158.99,98584.13,158.89
1783575424,661,98587.0,25.98,158.63,98584.67,158.84
1783575424,662,98588.0,25.98,158.55,98585.3,158.79
1783575424,663,98586.0,25.97,158.72,98585.43,158.77
1783575424,664,98585.0,25.97,158.81,98585.35,158.78
1783575425,665,98583.0,25.96,158.99,98584.77,158.83
1783575425,666,98584.0,25.96,158.91,98584.63,158.85
1783575425,667,98585.0,25.96,158.82,98584.7,158.84
1783575425,668,98584.0,25.96,158.91,98584.56,158.86
1783575425,669,98584.0,25.96,158.91,98584.45,158.87
1783575425,670,98583.0,25.96,158.99,98584.18,158.89
1783575425,671,98587.0,25.96,158.64,98584.71,158.84
1783575425,672,98587.0,25.96,158.64,98585.14,158.8
1783575426,673,98585.0,25.96,158.82,98585.49,158.77
1783575426,674,98584.0,25.96,158.91,98585.21,158.8
1783575426,675,98584.0,25.96,158.91,98584.98,158.82
1783575426,676,98584.0,25.96,158.91,98584.8,158.83
1783575426,677,98584.0,25.95,158.91,98584.65,158.85
1783575426,678,98585.0,25.95,158.82,98584.71,158.84
1783575426,679,98583.0,25.95,158.99,98584.39,158.87
1783575427,680,98588.0,25.95,158.55,98585.07,158.81
1783575427,681,98585.0,25.96,158.82,98584.44,158.87
1783575427,682,98588.0,25.96,158.55,98585.11,158.81
1783575427,683,98586.0,25.97,158.73,98585.27,158.79
1783575427,684,98586.0,25.96,158.73,98585.41,158.78
1783575427,685,98585.0,25.97,158.82,98585.34,158.79
1783575427,686,98587.0,25.97,158.64,98585.65,158.76
1783575427,687,98585.0,25.97,158.82,98585.52,158.77
1783575428,688,98586.0,25.97,158.73,98585.61,158.76
1783575428,689,98585.0,25.96,158.82,98585.54,158.77
1783575428,690,98585.0,25.96,158.82,98585.44,158.78
1783575428,691,98586.0,25.96,158.73,98585.55,158.77
1783575428,692,98587.0,25.96,158.64,98585.82,158.74
1783575428,693,98583.0,25.96,158.99,98585.29,158.79
1783575428,694,98584.0,25.96,158.91,98585.05,158.81
1783575429,695,98587.0,25.96,158.64,98585.41,158.78
1783575429,696,98583.0,25.96,158.99,98584.96,158.82
1783575429,697,98585.0,25.96,158.82,98584.85,158.83
1783575429,698,98584.0,25.96,158.91,98584.69,158.84
1783575429,699,98585.0,25.96,158.82,98584.75,158.84
1783575429,700,98583.0,25.96,158.99,98584.42,158.87
1783575429,701,98587.0,25.96,158.64,98584.91,158.82
1783575429,702,98584.0,25.95,158.91,98584.73,158.84
1783575430,703,98584.0,25.95,158.91,98584.59,158.85
1783575430,704,98586.0,25.95,158.73,98584.86,158.83
1783575430,705,98586.0,25.94,158.73,98584.8,158.83
1783575430,706,98585.0,25.94,158.82,98584.84,158.83
1783575430,707,98586.0,25.94,158.72,98585.06,158.81
1783575430,708,98583.0,25.94,158.99,98584.67,158.84
1783575430,709,98585.0,25.94,158.81,98584.73,158.83
1783575431,710,98585.0,25.93,158.81,98584.78,158.83
1783575431,711,98585.0,25.93,158.81,98584.82,158.83
1783575431,712,98585.0,25.93,158.81,98584.85,158.82
1783575431,713,98584.0,25.93,158.9,98584.42,158.86
1783575431,714,98587.0,25.93,158.63,98584.91,158.82
1783575431,715,98583.0,25.93,158.99,98584.55,158.85
1783575431,716,98585.0,25.93,158.81,98584.63,158.84
1783575432,717,98587.0,25.93,158.63,98585.08,158.8
1783575432,718,98586.0,25.93,158.72,98585.25,158.79
1783575432,719,98588.0,25.92,158.55,98585.77,158.74
1783575432,720,98585.0,25.92,158.81,98585.63,158.76
1783575432,721,98584.0,25.92,158.91,98584.95,158.82
1783575432,722,98585.0,25.92,158.82,98584.96,158.82
1783575432,723,98585.0,25.92,158.82,98584.97,158.82
1783575432,724,98586.0,25.92,158.73,98585.16,158.8
1783575433,725,98584.0,25.92,158.91,98584.95,158.82
1783575433,726,98585.0,25.91,158.82,98584.95,158.82
1783575433,727,98587.0,25.91,158.64,98585.34,158.79
1783575433,728,98583.0,25.91,158.99,98584.9,158.83
1783575433,729,98584.0,25.91,158.91,98584.32,158.88
1783575433,730,98585.0,25.91,158.82,98584.45,158.87
1783575433,731,98584.0,25.91,158.91,98584.36,158.87
1783575434,732,98586.0,25.91,158.73,98584.67,158.85
1783575434,733,98586.0,25.91,158.73,98584.92,158.82
1783575434,734,98585.0,25.9,158.82,98584.94,158.82
1783575434,735,98586.0,25.9,158.73,98585.14,158.8
1783575434,736,98584.0,25.9,158.91,98584.92,158.82
1783575434,737,98586.0,25.9,158.73,98584.88,158.83
1783575434,738,98583.0,25.9,158.99,98584.52,158.86
1783575435,739,98584.0,25.9,158.91,98584.42,158.87
1783575435,740,98586.0,25.9,158.73,98584.72,158.85
1783575435,741,98584.0,25.9,158.91,98584.59,158.86
1783575435,742,98585.0,25.9,158.82,98584.66,158.85
1783575435,743,98584.0,25.9,158.91,98584.54,158.86
1783575435,744,98584.0,25.9,158.91,98584.44,158.87
1783575435,745,98584.0,25.9,158.91,98584.29,158.88
1783575435,746,98582.0,25.9,159.09,98583.86,158.92
1783575436,747,98584.0,25.9,158.91,98583.88,158.92
1783575436,748,98585.0,25.9,158.82,98584.09,158.9
1783575436,749,98584.0,25.9,158.91,98584.08,158.9
1783575436,750,98585.0,25.91,158.82,98584.25,158.89
1783575436,751,98585.0,25.91,158.82,98584.39,158.88
1783575436,752,98584.0,25.91,158.91,98584.32,158.88
1783575436,753,98584.0,25.9,158.91,98584.39,158.88
1783575437,754,98583.0,25.91,159.0,98584.13,158.9
1783575437,755,98584.0,25.91,158.91,98584.1,158.9
1783575437,756,98582.0,25.91,159.09,98583.7,158.94
1783575437,757,98585.0,25.91,158.82,98583.95,158.92
1783575437,758,98585.0,25.91,158.82,98584.14,158.9
1783575437,759,98583.0,25.91,159.0,98583.92,158.92
1783575437,760,98585.0,25.91,158.82,98584.13,158.9
1783575438,761,98583.0,25.92,159.0,98584.4,158.88
1783575438,762,98584.0,25.91,158.91,98584.32,158.88
1783575438,763,98584.0,25.91,158.91,98584.26,158.89
1783575438,764,98585.0,25.91,158.82,98584.4,158.88
1783575438,765,98583.0,25.91,159.0,98584.13,158.9
1783575438,766,98583.0,25.91,159.0,98583.92,158.92
1783575438,767,98585.0,25.91,158.82,98584.13,158.9
1783575438,768,98585.0,25.91,158.82,98584.29,158.88
1783575439,769,98587.0,25.91,158.65,98585.44,158.78
1783575439,770,98586.0,25.9,158.73,98585.55,158.77
1783575439,771,98584.0,25.9,158.91,98585.26,158.8
1783575439,772,98585.0,25.9,158.82,98585.21,158.8
1783575439,773,98586.0,25.9,158.73,98585.36,158.79
1783575439,774,98584.0,25.9,158.91,98585.1,158.81
1783575439,775,98583.0,25.9,159.0,98584.7,158.85
1783575439,776,98584.0,25.9,158.91,98584.57,158.86
1783575440,777,98581.0,25.89,159.18,98584.34,158.88
1783575440,778,98583.0,25.9,159.0,98584.09,158.9
1783575440,779,98587.0,25.9,158.65,98584.63,158.85
1783575440,780,98585.0,25.9,158.82,98584.7,158.85
1783575440,781,98585.0,25.9,158.82,98584.76,158.84
1783575440,782,98586.0,25.9,158.73,98584.99,158.82
1783575440,783,98584.0,25.89,158.91,98584.8,158.84
1783575440,784,98583.0,25.89,159.0,98584.46,158.87
1783575441,785,98583.0,25.9,158.99,98584.21,158.89
1783575441,786,98584.0,25.89,158.91,98584.17,158.89
1783575441,787,98585.0,25.89,158.82,98584.33,158.88
1783575441,788,98585.0,25.89,158.82,98584.45,158.87
1783575441,789,98585.0,25.89,158.82,98584.55,158.86
1783575441,790,98585.0,25.89,158.82,98584.64,158.85
1783575441,791,98582.0,25.89,159.08,98584.14,158.89
1783575441,792,98582.0,25.89,159.08,98583.73,158.93
1783575442,793,98584.0,25.89,158.9,98583.86,158.91
1783575442,794,98583.0,25.89,158.99,98583.7,158.93
1783575442,795,98584.0,25.9,158.9,98583.75,158.92
1783575442,796,98583.0,25.9,158.99,98583.61,158.93
1783575442,797,98583.0,25.9,158.99,98583.49,158.94
1783575442,798,98584.0,25.9,158.9,98583.59,158.94
1783575442,799,98584.0,25.9,158.89,98583.66,158.92
1783575443,800,98585.0,25.9,158.81,98583.91,158.9
1783575443,801,98585.0,25.9,158.81,98584.24,158.87
1783575443,802,98586.0,25.9,158.72,98584.57,158.84
1783575443,803,98583.0,25.9,158.98,98584.27,158.87
1783575443,804,98586.0,25.9,158.71,98584.6,158.84
1783575443,805,98584.0,25.9,158.89,98584.48,158.85
1783575443,806,98584.0,25.9,158.89,98584.39,158.85
1783575444,807,98585.0,25.9,158.8,98584.51,158.84
1783575444,808,98586.0,25.9,158.71,98584.79,158.82
1783575444,809,98582.0,25.9,159.06,98583.74,158.91
1783575444,810,98584.0,25.9,158.88,98583.79,158.9
1783575444,811,98582.0,25.89,159.06,98583.45,158.93
1783575444,812,98578.0,25.89,159.41,98582.43,159.02
1783575444,813,98582.0,25.89,159.06,98582.35,159.03
1783575444,814,98584.0,25.89,158.88,98582.66,159.0
1783575445,815,98583.0,25.89,158.97,98582.73,158.99
1783575445,816,98584.0,25.89,158.88,98582.97,158.97
1783575445,817,98585.0,25.89,158.79,98583.72,158.9
1783575445,818,98585.0,25.89,158.79,98583.96,158.88
1783575445,819,98583.0,25.89,158.97,98583.78,158.9
1783575445,820,98583.0,25.89,158.96,98583.63,158.91
1783575445,821,98583.0,25.89,158.96,98583.52,158.92
1783575446,822,98585.0,25.89,158.78,98583.8,158.89
1783575446,823,98585.0,25.89,158.78,98584.02,158.87
1783575446,824,98584.0,25.89,158.87,98584.02,158.87
1783575446,825,98586.0,25.88,158.7,98584.3,158.85
1783575446,826,98585.0,25.88,158.78,98584.44,158.83
1783575446,827,98585.0,25.88,158.78,98584.55,158.82
1783575446,828,98584.0,25.88,158.87,98584.45,158.83
1783575446,829,98586.0,25.88,158.69,98584.73,158.8
1783575447,830,98583.0,25.88,158.96,98584.41,158.83
1783575447,831,98584.0,25.88,158.87,98584.33,158.84
1783575447,832,98585.0,25.88,158.78,98584.45,158.83
1783575447,833,98587.0,25.89,158.6,98584.84,158.79
1783575447,834,98584.0,25.88,158.87,98584.68,158.81
1783575447,835,98585.0,25.88,158.78,98584.74,158.8
1783575447,836,98582.0,25.87,159.04,98584.23,158.84
1783575448,837,98582.0,25.87,159.04,98583.8,158.88
1783575448,838,98585.0,25.87,158.77,98584.03,158.86
1783575448,839,98585.0,25.87,158.77,98584.21,158.84
1783575448,840,98584.0,25.87,158.86,98584.17,158.85
1783575448,841,98584.0,25.87,158.86,98584.15,158.85
1783575448,842,98583.0,25.87,158.95,98583.93,158.86
1783575448,843,98582.0,25.87,159.03,98583.56,158.9
1783575449,844,98586.0,25.87,158.68,98584.02,158.86
1783575449,845,98585.0,25.87,158.77,98584.21,158.84
1783575449,846,98583.0,25.87,158.95,98583.98,158.86
1783575449,847,98583.0,25.87,158.95,98583.8,158.88
1783575449,848,98586.0,25.87,158.68,98584.21,158.84
1783575449,849,98583.0,25.86,158.94,98584.18,158.84
1783575449,850,98584.0,25.86,158.85,98584.15,158.84
1783575449,851,98585.0,25.86,158.76,98584.31,158.82
1783575450,852,98585.0,25.86,158.76,98584.45,158.81
1783575450,853,98583.0,25.86,158.94,98584.17,158.84
1783575450,854,98582.0,25.86,159.03,98583.77,158.87
1783575450,855,98584.0,25.87,158.85,98583.81,158.87
1783575450,856,98584.0,25.87,158.85,98583.85,158.86
1783575450,857,98583.0,25.87,158.93,98583.32,158.91
1783575450,858,98584.0,25.87,158.85,98583.45,158.9
1783575451,859,98582.0,25.87,159.02,98583.17,158.92
1783575451,860,98583.0,25.87,158.93,98583.14,158.92
1783575451,861,98582.0,25.86,159.02,98582.92,158.94
1783575451,862,98583.0,25.86,158.93,98582.94,158.93
1783575451,863,98582.0,25.86,159.02,98582.76,158.95
1783575451,864,98585.0,25.86,158.75,98583.18,158.91
1783575451,865,98584.0,25.86,158.84,98583.24,158.91
1783575452,866,98582.0,25.86,159.02,98583.01,158.93
1783575452,867,98583.0,25.87,158.93,98583.01,158.93
1783575452,868,98585.0,25.87,158.75,98583.38,158.9
1783575452,869,98585.0,25.87,158.75,98583.69,158.87
1783575452,870,98583.0,25.87,158.93,98583.55,158.88
1783575452,871,98585.0,25.87,158.75,98583.83,158.86
1783575452,872,98583.0,25.87,158.93,98583.67,158.87
1783575452,873,98583.0,25.86,158.93,98582.96,158.93
1783575453,874,98584.0,25.86,158.84,98583.16,158.91
1783575453,875,98583.0,25.86,158.92,98583.13,158.91
1783575453,876,98584.0,25.86,158.84,98583.29,158.9
1783575453,877,98585.0,25.86,158.75,98583.61,158.87
1783575453,878,98584.0,25.86,158.84,98583.68,158.86
1783575453,879,98584.0,25.86,158.84,98583.74,158.86
1783575453,880,98584.0,25.86,158.84,98583.79,158.85
1783575454,881,98583.0,25.86,158.92,98582.66,158.95
1783575454,882,98584.0,25.86,158.84,98582.91,158.93
1783575454,883,98584.0,25.87,158.84,98583.12,158.91
1783575454,884,98583.0,25.86,158.92,98583.09,158.92
1783575454,885,98584.0,25.86,158.84,98583.27,158.9
1783575454,886,98582.0,25.86,159.01,98583.02,158.92
1783575454,887,98584.0,25.85,158.84,98583.21,158.91
1783575454,888,98583.0,25.85,158.92,98583.17,158.9
1783575455,889,98582.0,25.85,159.01,98583.14,158.91
1783575455,890,98581.0,25.86,159.1,98582.73,158.94
1783575455,891,98585.0,25.86,158.74,98583.16,158.9
1783575455,892,98583.0,25.86,158.92,98583.13,158.91
1783575455,893,98583.0,25.86,158.92,98583.11,158.91
1783575455,894,98584.0,25.86,158.83,98583.27,158.89
1783575455,895,98583.0,25.86,158.92,98583.22,158.9
1783575455,896,98584.0,25.86,158.83,98583.37,158.89
1783575456,897,98584.0,25.86,158.83,98582.95,158.92
1783575456,898,98585.0,25.87,158.74,98583.34,158.89
1783575456,899,98585.0,25.86,158.74,98583.65,158.86
1783575456,900,98583.0,25.86,158.92,98583.52,158.87
1783575456,901,98584.0,25.86,158.83,98583.61,158.87
1783575456,902,98584.0,25.86,158.83,98583.68,158.86
1783575456,903,98585.0,25.86,158.74,98583.93,158.84
1783575456,904,98582.0,25.86,159.01,98583.56,158.87
1783575457,905,98584.0,25.85,158.83,98583.52,158.87
1783575457,906,98582.0,25.85,159.01,98583.23,158.9
1783575457,907,98586.0,25.86,158.65,98583.75,158.85
1783575457,908,98584.0,25.86,158.83,98583.8,158.85
1783575457,909,98580.0,25.86,159.18,98583.08,158.91
1783575457,910,98584.0,25.86,158.83,98583.25,158.9
1783575457,911,98583.0,25.86,158.92,98583.2,158.9
1783575457,912,98584.0,25.86,158.83,98583.35,158.89
1783575458,913,98583.0,25.86,158.92,98583.43,158.88
1783575458,914,98582.0,25.86,159.01,98583.16,158.9
1783575458,915,98583.0,25.86,158.92,98583.13,158.91
1783575458,916,98582.0,25.86,159.01,98582.92,158.93
1783575458,917,98581.0,25.86,159.1,98582.56,158.96
1783575458,918,98583.0,25.86,158.92,98582.65,158.95
1783575458,919,98582.0,25.86,159.01,98582.52,158.96
1783575459,920,98584.0,25.86,158.83,98582.8,158.94
1783575459,921,98584.0,25.86,158.83,98583.11,158.91
1783575459,922,98585.0,25.86,158.74,98583.47,158.88
1783575459,923,98586.0,25.86,158.65,98583.95,158.84
1783575459,924,98582.0,25.86,159.01,98583.58,158.87
1783575459,925,98582.0,25.86,159.01,98583.28,158.89
1783575459,926,98583.0,25.86,158.92,98583.23,158.9
1783575460,927,98583.0,25.86,158.92,98583.19,158.9
1783575460,928,98586.0,25.86,158.65,98583.72,158.86
1783575460,929,98583.0,25.86,158.92,98583.55,158.88
1783575460,930,98583.0,25.86,158.92,98583.45,158.88
1783575460,931,98584.0,25.86,158.84,98583.55,158.88
1783575460,932,98584.0,25.86,158.84,98583.63,158.87
1783575460,933,98583.0,25.86,158.92,98583.52,158.88
1783575460,934,98584.0,25.86,158.84,98583.61,158.87
1783575461,935,98585.0,25.86,158.75,98583.88,158.85
1783575461,936,98584.0,25.86,158.84,98583.9,158.84
1783575461,937,98582.0,25.86,159.01,98583.07,158.92
1783575461,938,98583.0,25.85,158.92,98583.05,158.92
1783575461,939,98582.0,25.85,159.01,98582.86,158.94
1783575461,940,98583.0,25.85,158.92,98582.88,158.93
1783575461,941,98582.0,25.85,159.01,98582.72,158.95
1783575462,942,98579.0,25.85,159.28,98582.02,159.01
1783575462,943,98583.0,25.85,158.92,98582.2,158.99
1783575462,944,98582.0,25.85,159.01,98582.16,159.0
1783575462,945,98583.0,25.86,158.92,98582.71,158.95
1783575462,946,98582.0,25.85,159.01,98582.58,158.96
1783575462,947,98582.0,25.85,159.01,98582.47,158.97
1783575462,948,98584.0,25.85,158.84,98582.76,158.95
1783575463,949,98584.0,25.85,158.84,98582.99,158.92
1783575463,950,98583.0,25.85,158.92,98582.99,158.92
1783575463,951,98584.0,25.85,158.84,98583.18,158.91
1783575463,952,98580.0,25.84,159.19,98582.58,158.96
1783575463,953,98584.0,25.85,158.84,98583.01,158.92
1783575463,954,98584.0,25.85,158.84,98583.2,158.91
1783575463,955,98585.0,25.85,158.75,98583.54,158.88
1783575463,956,98585.0,25.84,158.75,98583.81,158.85
1783575464,957,98585.0,25.85,158.75,98584.04,158.83
1783575464,958,98585.0,25.85,158.75,98584.22,158.82
1783575464,959,98584.0,25.85,158.84,98584.18,158.82
1783575464,960,98582.0,25.85,159.01,98583.77,158.86
1783575464,961,98583.0,25.84,158.92,98583.23,158.9
1783575464,962,98584.0,25.84,158.84,98583.38,158.89
1783575464,963,98583.0,25.84,158.93,98583.3,158.9
1783575465,964,98585.0,25.84,158.75,98583.63,158.87
1783575465,965,98584.0,25.84,158.84,98583.7,158.87
1783575465,966,98583.0,25.84,158.93,98583.56,158.88
1783575465,967,98583.0,25.84,158.93,98583.45,158.89
1783575465,968,98580.0,25.84,159.19,98582.8,158.95
1783575465,969,98582.0,25.83,159.02,98583.13,158.92
1783575465,970,98582.0,25.83,159.02,98582.91,158.94
1783575466,971,98581.0,25.83,159.11,98582.55,158.97
1783575466,972,98583.0,25.83,158.93,98582.64,158.96
1783575466,973,98585.0,25.83,158.75,98583.09,158.92
1783575466,974,98583.0,25.83,158.93,98583.07,158.92
1783575466,975,98585.0,25.83,158.75,98583.44,158.89
1783575466,976,98583.0,25.83,158.93,98583.35,158.9
1783575466,977,98584.0,25.83,158.84,98583.49,158.89
1783575466,978,98585.0,25.83,158.75,98583.77,158.86
1783575467,979,98584.0,25.84,158.85,98583.81,158.86
1783575467,980,98585.0,25.84,158.76,98584.04,158.84
1783575467,981,98586.0,25.84,158.67,98584.41,158.81
1783575467,982,98583.0,25.84,158.93,98584.14,158.83
1783575467,983,98582.0,25.84,159.02,98583.73,158.87
1783575467,984,98583.0,25.85,158.93,98583.59,158.88
1783575467,985,98585.0,25.85,158.75,98583.57,158.88
1783575468,986,98584.0,25.84,158.84,98583.65,158.87
1783575468,987,98581.0,25.85,159.11,98583.15,158.92
1783575468,988,98582.0,25.85,159.02,98582.93,158.94
1783575468,989,98584.0,25.85,158.84,98583.13,158.92
1783575468,990,98582.0,25.84,159.02,98582.92,158.94
1783575468,991,98584.0,25.84,158.84,98583.13,158.92
1783575468,992,98586.0,25.84,158.66,98583.66,158.87
1783575468,993,98580.0,25.84,159.19,98583.21,158.91
1783575469,994,98585.0,25.84,158.75,98583.55,158.88
1783575469,995,98582.0,25.84,159.02,98583.26,158.91
1783575469,996,98585.0,25.84,158.75,98583.59,158.88
1783575469,997,98585.0,25.84,158.75,98583.85,158.85
1783575469,998,98584.0,25.84,158.84,98583.88,158.85
1783575469,999,98585.0,25.85,158.75,98584.09,158.83
1783575469,1000,98584.0,25.85,158.84,98584.08,158.83
1783575470,1002,98584.0,25.86,158.84,98584.32,158.81
1783575470,1003,98583.0,25.86,158.93,98584.07,158.83
1783575470,1004,98583.0,25.86,158.93,98583.87,158.85
1783575470,1005,98582.0,25.86,159.02,98583.52,158.88
1783575470,1006,98585.0,25.86,158.75,98583.8,158.86
1783575470,1007,98583.0,25.86,158.93,98583.65,158.87
1783575470,1008,98581.0,25.86,159.11,98583.15,158.92
1783575471,1009,98584.0,25.86,158.84,98583.63,158.87
1783575471,1010,98583.0,25.86,158.93,98583.52,158.88
1783575471,1011,98582.0,25.86,159.02,98583.23,158.91
1783575471,1012,98583.0,25.86,158.93,98583.19,158.91
1783575471,1013,98582.0,25.86,159.02,98582.96,158.93
1783575471,1014,98584.0,25.86,158.84,98583.16,158.92
1783575471,1015,98585.0,25.86,158.75,98583.5,158.89
1783575471,1016,98584.0,25.86,158.84,98583.59,158.88
1783575472,1017,98583.0,25.86,158.93,98583.38,158.9
1783575472,1018,98583.0,25.86,158.93,98583.31,158.9
1783575472,1019,98582.0,25.87,159.02,98583.06,158.92
1783575472,1020,98583.0,25.87,158.92,98583.05,158.92
1783575472,1021,98585.0,25.87,158.75,98583.41,158.89
1783575472,1022,98585.0,25.87,158.75,98583.71,158.86
1783575472,1023,98583.0,25.87,158.92,98583.58,158.87
1783575472,1024,98585.0,25.87,158.75,98583.84,158.85
1783575473,1025,98584.0,25.88,158.84,98583.7,158.86
1783575473,1026,98580.0,25.88,159.19,98583.01,158.92
1783575473,1027,98584.0,25.88,158.84,98583.2,158.91
1783575473,1028,98585.0,25.88,158.75,98583.54,158.88
1783575473,1029,98584.0,25.88,158.84,98583.63,158.87
1783575473,1030,98585.0,25.88,158.75,98583.88,158.85
1783575473,1031,98583.0,25.88,158.92,98583.72,158.86
1783575474,1032,98582.0,25.88,159.01,98583.4,158.88
1783575474,1033,98583.0,25.86,158.92,98583.35,158.89
1783575474,1034,98584.0,25.86,158.83,98583.48,158.88
1783575474,1035,98584.0,25.86,158.83,98583.58,158.87
1783575474,1036,98582.0,25.86,159.01,98583.28,158.89
1783575474,1037,98583.0,25.86,158.91,98583.23,158.89
1783575474,1038,98585.0,25.86,158.74,98583.56,158.86
1783575474,1039,98582.0,25.86,159.0,98583.27,158.89
1783575475,1040,98583.0,25.86,158.91,98583.22,158.89
1783575475,1041,98583.0,25.86,158.91,98583.12,158.9
1783575475,1042,98582.0,25.86,159.0,98582.91,158.92
1783575475,1043,98583.0,25.86,158.91,98582.92,158.92
1783575475,1044,98582.0,25.86,159.0,98582.75,158.94
1783575475,1045,98583.0,25.86,158.91,98582.8,158.93
1783575475,1046,98584.0,25.86,158.83,98583.02,158.91
1783575476,1047,98584.0,25.86,158.83,98583.21,158.9
1783575476,1048,98583.0,25.86,158.91,98583.17,158.9
1783575476,1049,98584.0,25.86,158.83,98582.77,158.93
1783575476,1050,98583.0,25.87,158.91,98582.81,158.93
1783575476,1051,98582.0,25.86,159.0,98582.66,158.94
1783575476,1052,98584.0,25.87,158.83,98582.91,158.92
1783575476,1053,98586.0,25.87,158.65,98583.49,158.87
1783575477,1054,98585.0,25.87,158.74,98583.77,158.85
1783575477,1055,98583.0,25.87,158.91,98583.63,158.86
1783575477,1056,98584.0,25.87,158.83,98583.7,158.85
1783575477,1057,98581.0,25.86,159.09,98582.55,158.95
1783575477,1058,98584.0,25.86,158.83,98582.82,158.93
1783575477,1059,98584.0,25.86,158.83,98583.04,158.91
1783575477,1060,98583.0,25.86,158.91,98583.03,158.91
1783575477,1061,98581.0,25.86,159.09,98582.65,158.94
1783575478,1062,98584.0,25.87,158.83,98582.91,158.92
1783575478,1063,98583.0,25.88,158.91,98582.92,158.92
1783575478,1064,98583.0,25.87,158.91,98582.94,158.92
1783575478,1065,98582.0,25.88,159.0,98583.11,158.9
1783575478,1066,98579.0,25.88,159.27,98582.34,158.97
1783575478,1067,98583.0,25.89,158.91,98582.46,158.96
1783575478,1068,98586.0,25.89,158.65,98583.13,158.9
1783575479,1069,98585.0,25.89,158.74,98583.48,158.87
1783575479,1070,98587.0,25.89,158.56,98584.14,158.81
1783575479,1071,98584.0,25.89,158.83,98584.12,158.81
1783575479,1072,98584.0,25.88,158.83,98584.09,158.82
1783575479,1073,98583.0,25.88,158.92,98583.8,158.85
1783575479,1074,98583.0,25.88,158.92,98583.66,158.86
1783575479,1075,98582.0,25.88,159.01,98583.34,158.89
1783575479,1076,98579.0,25.87,159.27,98582.52,158.96
1783575480,1077,98582.0,25.88,159.01,98582.42,158.97
1783575480,1078,98583.0,25.88,158.92,98582.53,158.96
1783575480,1079,98584.0,25.88,158.83,98582.8,158.94
1783575480,1080,98582.0,25.88,159.01,98582.66,158.95
1783575480,1081,98585.0,25.88,158.74,98583.5,158.87
1783575480,1082,98583.0,25.88,158.92,98583.41,158.88
1783575480,1083,98584.0,25.89,158.83,98583.52,158.87
1783575481,1084,98583.0,25.88,158.92,98583.42,158.88
1783575481,1085,98584.0,25.89,158.83,98583.53,158.87
1783575481,1086,98584.0,25.89,158.83,98583.62,158.86
1783575481,1087,98584.0,25.88,158.83,98583.69,158.86
1783575481,1088,98580.0,25.88,159.18,98582.99,158.92
1783575481,1089,98582.0,25.87,159.01,98582.45,158.97
1783575481,1090,98584.0,25.87,158.83,98582.74,158.94
1783575482,1091,98582.0,25.87,159.01,98582.6,158.95
1783575482,1092,98582.0,25.87,159.01,98582.48,158.96
1783575482,1093,98582.0,25.87,159.01,98582.39,158.97
1783575482,1094,98579.0,25.87,159.27,98581.75,159.03
1783575482,1095,98581.0,25.88,159.1,98581.61,159.04
1783575482,1096,98584.0,25.88,158.83,98582.06,159.0
1783575482,1097,98581.0,25.88,159.1,98581.96,159.02
1783575482,1098,98585.0,25.89,158.75,98582.53,158.97
1783575483,1099,98583.0,25.89,158.92,98582.62,158.96
1783575483,1100,98582.0,25.89,159.01,98582.5,158.97
1783575483,1101,98586.0,25.89,158.66,98583.16,158.91
1783575483,1102,98583.0,25.89,158.92,98583.13,158.91
1783575483,1103,98582.0,25.89,159.01,98582.91,158.93
1783575483,1104,98584.0,25.89,158.84,98583.12,158.91
1783575483,1105,98583.0,25.88,158.92,98583.12,158.91
1783575484,1106,98583.0,25.88,158.92,98583.09,158.92
1783575484,1107,98580.0,25.88,159.19,98582.51,158.97
1783575484,1108,98582.0,25.88,159.01,98582.41,158.98
1783575484,1109,98584.0,25.88,158.84,98582.71,158.95
1783575484,1110,98583.0,25.88,158.92,98582.77,158.94
1783575484,1111,98580.0,25.88,159.19,98582.24,158.99
1783575484,1112,98583.0,25.88,158.92,98582.38,158.98
1783575485,1113,98582.0,25.88,159.01,98581.68,159.04
1783575485,1114,98583.0,25.88,158.92,98581.93,159.02
1783575485,1115,98583.0,25.88,158.92,98582.13,159.0
1783575485,1116,98583.0,25.88,158.92,98582.3,158.99
1783575485,1117,98584.0,25.88,158.84,98582.62,158.96
1783575485,1118,98584.0,25.87,158.84,98582.88,158.94
1783575485,1119,98582.0,25.88,159.01,98582.71,158.95
1783575485,1120,98584.0,25.88,158.84,98582.95,158.93
1783575486,1121,98581.0,25.87,159.1,98582.48,158.97
1783575486,1122,98581.0,25.87,159.1,98582.2,159.0
1783575486,1123,98583.0,25.87,158.92,98582.34,158.98
1783575486,1124,98583.0,25.87,158.93,98582.47,158.98
1783575486,1125,98581.0,25.88,159.11,98582.2,159.0
1783575486,1126,98583.0,25.87,158.93,98582.34,158.99
1783575486,1127,98582.0,25.88,159.02,98582.28,158.99
1783575486,1128,98582.0,25.88,159.02,98582.23,159.0
1783575487,1129,98583.0,25.89,158.93,98582.57,158.97
1783575487,1130,98582.0,25.89,159.02,98582.46,158.98
1783575487,1131,98582.0,25.89,159.02,98582.38,158.98
1783575487,1132,98586.0,25.89,158.66,98583.05,158.92
1783575487,1133,98583.0,25.89,158.93,98583.05,158.93
1783575487,1134,98582.0,25.89,159.02,98582.85,158.94
1783575487,1135,98582.0,25.89,159.02,98582.69,158.96
1783575487,1136,98586.0,25.89,158.67,98583.31,158.91
1783575488,1137,98577.0,25.87,159.46,98582.35,158.99
1783575488,1138,98583.0,25.88,158.93,98582.48,158.98
1783575488,1139,98583.0,25.88,158.93,98582.58,158.97
1783575488,1140,98583.0,25.88,158.93,98582.66,158.97
1783575488,1141,98583.0,25.88,158.93,98582.72,158.96
1783575488,1142,98582.0,25.88,159.02,98582.59,158.97
1783575488,1143,98582.0,25.88,159.02,98582.48,158.98
1783575488,1144,98582.0,25.88,159.02,98582.39,158.99
1783575489,1145,98582.0,25.88,159.02,98581.94,159.03
1783575489,1146,98578.0,25.88,159.38,98581.2,159.09
1783575489,1147,98582.0,25.88,159.02,98581.34,159.08
1783575489,1148,98583.0,25.88,158.93,98581.66,159.05
1783575489,1149,98582.0,25.89,159.02,98581.72,159.05
1783575489,1150,98583.0,25.89,158.93,98581.96,159.03
1783575489,1151,98582.0,25.88,159.02,98581.97,159.03
1783575490,1152,98583.0,25.88,158.93,98582.16,159.01
1783575490,1153,98580.0,25.87,159.2,98581.7,159.05
1783575490,1154,98579.0,25.87,159.29,98581.19,159.1
1783575490,1155,98581.0,25.88,159.11,98581.15,159.1
1783575490,1156,98582.0,25.87,159.02,98581.31,159.08
1783575490,1157,98585.0,25.88,158.76,98582.01,159.02
1783575490,1158,98580.0,25.88,159.2,98581.63,159.06
1783575490,1159,98583.0,25.88,158.93,98581.89,159.03
1783575491,1160,98583.0,25.88,158.93,98582.1,159.01
1783575491,1161,98584.0,25.88,158.85,98582.42,158.99
1783575491,1162,98583.0,25.88,158.93,98582.53,158.98
1783575491,1163,98583.0,25.88,158.93,98582.62,158.97
1783575491,1164,98582.0,25.88,159.02,98582.5,158.98
1783575491,1165,98583.0,25.88,158.93,98582.59,158.97
1783575491,1166,98584.0,25.88,158.85,98582.86,158.95
1783575492,1167,98582.0,25.88,159.02,98582.7,158.96
1783575492,1168,98581.0,25.88,159.11,98582.38,158.99
1783575492,1169,98581.0,25.87,159.11,98582.01,159.02
1783575492,1170,98583.0,25.87,158.93,98582.2,159.01
1783575492,1171,98582.0,25.88,159.02,98582.16,159.01
1783575492,1172,98582.0,25.88,159.02,98582.13,159.01
1783575492,1173,98582.0,25.88,159.02,98582.1,159.01
1783575493,1174,98582.0,25.87,159.02,98582.09,159.02
1783575493,1175,98583.0,25.88,158.93,98582.26,159.0
1783575493,1176,98584.0,25.88,158.85,98582.59,158.97
1783575493,1177,98583.0,25.88,158.93,98582.57,158.97
1783575493,1178,98583.0,25.88,158.93,98582.65,158.97
1783575493,1179,98580.0,25.88,159.2,98582.15,159.01
1783575493,1180,98582.0,25.88,159.02,98582.12,159.01
1783575493,1181,98580.0,25.87,159.2,98581.72,159.05
1783575494,1182,98583.0,25.88,158.93,98581.96,159.03
1783575494,1183,98583.0,25.87,158.93,98582.16,159.01
1783575494,1184,98580.0,25.87,159.2,98581.75,159.05
1783575494,1185,98580.0,25.87,159.2,98580.91,159.12
1783575494,1186,98584.0,25.87,158.85,98581.49,159.07
1783575494,1187,98584.0,25.87,158.85,98581.96,159.03
1783575494,1188,98581.0,25.87,159.11,98581.78,159.04
1783575495,1189,98583.0,25.87,158.93,98582.01,159.02
1783575495,1190,98582.0,25.87,159.02,98582.01,159.02
1783575495,1191,98585.0,25.87,158.76,98582.57,158.97
1783575495,1192,98582.0,25.87,159.02,98582.46,158.98
1783575495,1193,98580.0,25.87,159.19,98581.85,159.03
1783575495,1194,98585.0,25.88,158.75,98582.45,158.98
1783575495,1195,98584.0,25.87,158.84,98582.73,158.95
1783575496,1196,98582.0,25.87,159.02,98582.59,158.97
1783575496,1197,98582.0,25.87,159.02,98582.48,158.98
1783575496,1198,98579.0,25.87,159.28,98581.83,159.03
1783575496,1199,98577.0,25.86,159.46,98580.92,159.11
1783575496,1200,98582.0,25.86,159.02,98581.13,159.1
1783575496,1201,98583.0,25.87,158.92,98581.77,159.03
1783575496,1202,98582.0,25.87,159.01,98581.81,159.03
1783575496,1203,98584.0,25.87,158.84,98582.23,158.99
1783575497,1204,98583.0,25.86,158.92,98582.38,158.98
1783575497,1205,98579.0,25.87,159.28,98581.74,159.04
1783575497,1206,98583.0,25.87,158.92,98581.98,159.01
1783575497,1207,98585.0,25.87,158.74,98582.55,158.96
1783575497,1208,98583.0,25.88,158.92,98582.63,158.95
1783575497,1209,98582.0,25.88,159.01,98582.5,158.96
1783575497,1210,98582.0,25.88,159.01,98582.41,158.97
1783575498,1211,98582.0,25.87,159.01,98582.33,158.98
1783575498,1212,98583.0,25.88,158.92,98582.45,158.97
1783575498,1213,98582.0,25.87,159.01,98582.37,158.98
1783575498,1214,98581.0,25.88,159.1,98582.11,159.0
1783575498,1215,98582.0,25.88,159.01,98582.09,159.0
1783575498,1216,98581.0,25.88,159.1,98581.88,159.02
1783575498,1217,98583.0,25.88,158.92,98582.41,158.97
1783575499,1218,98582.0,25.88,159.01,98582.34,158.98
1783575499,1219,98582.0,25.88,159.01,98582.27,158.98
1783575499,1220,98582.0,25.88,159.01,98582.22,158.99
1783575499,1221,98581.0,25.88,159.1,98581.99,159.01
1783575499,1222,98581.0,25.88,159.1,98581.8,159.02
1783575499,1223,98584.0,25.88,158.83,98582.22,158.99
1783575499,1224,98582.0,25.89,159.01,98582.18,158.99
1783575499,1225,98584.0,25.89,158.83,98582.45,158.97
1783575500,1226,98581.0,25.89,159.1,98582.18,158.99
1783575500,1227,98581.0,25.89,159.1,98581.96,159.01
1783575500,1228,98584.0,25.89,158.83,98582.34,158.98
1783575500,1229,98583.0,25.89,158.92,98582.47,158.97
1783575500,1230,98581.0,25.89,159.1,98582.2,158.99
1783575500,1231,98582.0,25.89,159.01,98582.16,158.99
1783575500,1232,98580.0,25.89,159.18,98581.75,159.03
1783575501,1233,98581.0,25.89,159.1,98582.27,158.98
1783575501,1234,98583.0,25.89,158.92,98582.41,158.97
1783575501,1235,98583.0,25.89,158.92,98582.52,158.96
1783575501,1236,98581.0,25.89,159.1,98582.23,158.99
1783575501,1237,98584.0,25.88,158.83,98582.56,158.96
1783575501,1238,98580.0,25.88,159.18,98582.08,159.0
1783575501,1239,98583.0,25.89,158.92,98582.25,158.99
1783575501,1240,98582.0,25.89,159.01,98582.2,158.99
1783575502,1241,98584.0,25.9,158.83,98582.77,158.94
1783575502,1242,98581.0,25.89,159.1,98582.43,158.97
1783575502,1243,98583.0,25.9,158.92,98582.54,158.96
1783575502,1244,98583.0,25.9,158.91,98582.63,158.95
1783575502,1245,98584.0,25.9,158.83,98582.88,158.92
1783575502,1246,98583.0,25.9,158.91,98582.91,158.92
1783575502,1247,98582.0,25.89,159.0,98582.73,158.94
1783575502,1248,98582.0,25.89,159.0,98582.59,158.95
1783575503,1249,98580.0,25.89,159.18,98581.24,159.07
1783575503,1250,98583.0,25.9,158.91,98581.57,159.04
1783575503,1251,98584.0,25.9,158.83,98582.03,159.0
1783575503,1252,98581.0,25.9,159.09,98581.84,159.02
1783575503,1253,98583.0,25.9,158.91,98582.05,159.0
1783575503,1254,98582.0,25.9,159.01,98582.05,159.0
1783575503,1255,98583.0,25.9,158.92,98582.23,158.99
1783575503,1256,98582.0,25.9,159.01,98582.19,158.99
1783575504,1257,98581.0,25.9,159.1,98581.64,159.04
1783575504,1258,98583.0,25.9,158.92,98581.9,159.02
1783575504,1259,98580.0,25.9,159.18,98581.54,159.05
1783575504,1260,98583.0,25.9,158.92,98581.81,159.02
1783575504,1261,98581.0,25.9,159.1,98581.66,159.04
1783575504,1262,98581.0,25.9,159.1,98581.53,159.05
1783575504,1263,98582.0,25.91,159.01,98581.62,159.04
1783575504,1264,98583.0,25.9,158.92,98581.88,159.02
1783575505,1265,98577.0,25.9,159.44,98581.05,159.09
1783575505,1266,98581.0,25.9,159.09,98581.05,159.09
1783575505,1267,98583.0,25.9,158.91,98581.41,159.05
1783575505,1268,98584.0,25.9,158.83,98581.9,159.01
1783575505,1269,98581.0,25.9,159.09,98581.73,159.03
1783575505,1270,98583.0,25.89,158.91,98581.97,159.0
1783575505,1271,98582.0,25.89,159.0,98581.98,159.0
1783575506,1272,98582.0,25.89,159.0,98581.98,159.0
1783575506,1273,98583.0,25.89,158.91,98582.01,159.0
1783575506,1274,98581.0,25.89,159.08,98581.82,159.01
1783575506,1275,98582.0,25.89,159.0,98581.85,159.01
1783575506,1276,98582.0,25.9,159.0,98581.88,159.01
1783575506,1277,98581.0,25.89,159.08,98581.72,159.02
1783575506,1278,98579.0,25.9,159.26,98581.2,159.07
1783575507,1279,98581.0,25.9,159.08,98581.16,159.07
1783575507,1280,98582.0,25.9,159.0,98581.32,159.06
1783575507,1281,98582.0,25.89,158.99,98581.85,159.0
1783575507,1282,98580.0,25.89,159.17,98581.5,159.04
1783575507,1283,98581.0,25.89,159.08,98581.41,159.04
1783575507,1284,98576.0,25.89,159.52,98580.39,159.13
1783575507,1285,98580.0,25.89,159.17,98580.32,159.14
1783575507,1286,98582.0,25.89,158.99,98580.63,159.11
1783575508,1287,98582.0,25.89,158.99,98580.89,159.09
1783575508,1288,98580.0,25.89,159.17,98580.73,159.1
1783575508,1289,98582.0,25.89,158.99,98581.4,159.04
1783575508,1290,98581.0,25.88,159.07,98581.32,159.05
1783575508,1291,98583.0,25.88,158.9,98581.63,159.02
1783575508,1292,98580.0,25.88,159.16,98581.33,159.05
1783575508,1293,98580.0,25.88,159.16,98581.08,159.07
1783575509,1294,98580.0,25.88,159.16,98580.88,159.09
1783575509,1295,98582.0,25.88,158.99,98581.09,159.07
1783575509,1296,98580.0,25.88,159.16,98580.88,159.08
1783575509,1297,98581.0,25.89,159.07,98581.02,159.07
1783575509,1298,98584.0,25.89,158.81,98581.58,159.02
1783575509,1299,98582.0,25.89,158.99,98581.66,159.02
1783575509,1300,98581.0,25.89,159.07,98581.53,159.03
1783575510,1301,98582.0,25.9,158.99,98581.62,159.02
1783575510,1302,98582.0,25.9,158.99,98581.69,159.01
1783575510,1303,98580.0,25.89,159.16,98581.37,159.04
1783575510,1304,98580.0,25.89,159.16,98581.11,159.06
1783575510,1305,98583.0,25.89,158.9,98581.25,159.05
1783575510,1306,98582.0,25.89,158.99,98581.39,159.04
1783575510,1307,98581.0,25.89,159.07,98581.32,159.05
1783575510,1308,98582.0,25.89,158.99,98581.45,159.04
1783575511,1309,98580.0,25.89,159.16,98581.17,159.06
1783575511,1310,98584.0,25.89,158.81,98581.7,159.01
1783575511,1311,98580.0,25.89,159.16,98581.38,159.04
1783575511,1312,98579.0,25.89,159.25,98580.94,159.08
1783575511,1313,98582.0,25.89,158.99,98581.55,159.03
1783575511,1314,98580.0,25.88,159.16,98581.26,159.05
1783575511,1315,98582.0,25.88,158.99,98581.4,159.04
1783575512,1316,98580.0,25.88,159.16,98581.13,159.06
1783575512,1317,98579.0,25.88,159.25,98580.73,159.1
1783575512,1318,98582.0,25.88,158.99,98580.98,159.08
1783575512,1319,98582.0,25.88,158.99,98581.17,159.06
1783575512,1320,98582.0,25.88,158.99,98581.33,159.05
1783575512,1321,98582.0,25.89,158.99,98581.64,159.02
1783575512,1322,98582.0,25.89,158.98,98581.71,159.01
1783575512,1323,98582.0,25.89,158.98,98581.77,159.0
1783575513,1324,98583.0,25.89,158.89,98582.0,158.98
1783575513,1325,98580.0,25.89,159.16,98581.63,159.01
1783575513,1326,98581.0,25.89,159.07,98581.51,159.02
1783575513,1327,98582.0,25.89,158.98,98581.6,159.02
1783575513,1328,98582.0,25.89,158.98,98581.68,159.01
1783575513,1329,98583.0,25.89,158.89,98581.63,159.01
1783575513,1330,98580.0,25.89,159.15,98581.32,159.03
1783575514,1331,98582.0,25.89,158.98,98581.45,159.02
1783575514,1332,98583.0,25.9,158.89,98581.73,159.0
1783575514,1333,98583.0,25.9,158.89,98581.98,158.98
1783575514,1334,98581.0,25.9,159.06,98581.79,158.99
1783575514,1335,98581.0,25.9,159.06,98581.64,159.01
1783575514,1336,98582.0,25.9,158.98,98581.71,159.0
1783575514,1337,98582.0,25.89,158.98,98580.55,159.1
1783575515,1338,98582.0,25.89,158.98,98580.83,159.08
1783575515,1339,98580.0,25.89,159.15,98580.67,159.09
1783575515,1340,98581.0,25.89,159.06,98580.73,159.09
1783575515,1341,98583.0,25.89,158.89,98581.16,159.05
1783575515,1342,98581.0,25.89,159.06,98581.13,159.05
1783575515,1343,98583.0,25.89,158.89,98581.48,159.02
1783575515,1344,98582.0,25.89,158.98,98581.58,159.01
1783575515,1345,98581.0,25.9,159.06,98581.66,159.0
1783575516,1346,98582.0,25.9,158.97,98581.72,158.99
1783575516,1347,98582.0,25.9,158.97,98581.77,158.99
1783575516,1348,98583.0,25.89,158.88,98582.01,158.97
1783575516,1349,98582.0,25.89,158.97,98582.01,158.97
1783575516,1350,98583.0,25.89,158.88,98582.2,158.95
1783575516,1351,98582.0,25.89,158.96,98582.16,158.95
1783575516,1352,98579.0,25.89,159.23,98581.56,159.0
1783575517,1353,98580.0,25.89,159.14,98581.27,159.03
1783575517,1354,98582.0,25.89,158.96,98581.41,159.02
1783575517,1355,98580.0,25.89,159.14,98581.14,159.04
1783575517,1356,98580.0,25.89,159.14,98580.92,159.06
1783575517,1357,98582.0,25.89,158.96,98581.13,159.04
1783575517,1358,98580.0,25.89,159.14,98580.91,159.05
1783575517,1359,98580.0,25.89,159.14,98580.74,159.07
1783575517,1360,98582.0,25.9,158.96,98580.98,159.05
1783575518,1361,98581.0,25.9,159.04,98581.22,159.02
1783575518,1362,98581.0,25.9,159.04,98581.18,159.03
1783575518,1363,98580.0,25.9,159.13,98580.96,159.05
1783575518,1364,98582.0,25.9,158.95,98581.16,159.03
1783575518,1365,98582.0,25.89,158.95,98581.31,159.01
1783575518,1366,98580.0,25.89,159.13,98581.06,159.04
1783575518,1367,98582.0,25.89,158.95,98581.24,159.02
1783575518,1368,98580.0,25.88,159.13,98581.01,159.04
1783575519,1369,98581.0,25.88,159.04,98580.55,159.08
1783575519,1370,98580.0,25.88,159.13,98580.45,159.08
1783575519,1371,98582.0,25.88,158.95,98580.74,159.06
1783575519,1372,98580.0,25.88,159.13,98580.6,159.07
1783575519,1373,98583.0,25.88,158.86,98581.05,159.03
1783575519,1374,98583.0,25.89,158.86,98581.42,159.0
1783575519,1375,98582.0,25.89,158.95,98581.53,158.99
1783575519,1376,98581.0,25.89,159.04,98581.43,159.0
1783575520,1377,98583.0,25.89,158.86,98581.91,158.96
1783575520,1378,98581.0,25.89,159.04,98581.74,158.97
1783575520,1379,98582.0,25.89,158.95,98581.79,158.97
1783575520,1380,98580.0,25.89,159.13,98581.45,159.0
1783575520,1381,98582.0,25.88,158.95,98581.55,158.99
1783575520,1382,98581.0,25.88,159.04,98581.45,159.0
1783575520,1383,98583.0,25.88,158.86,98581.74,158.97
1783575521,1384,98580.0,25.88,159.13,98581.41,159.0
1783575521,1385,98582.0,25.88,158.95,98581.44,159.0
1783575521,1386,98582.0,25.88,158.95,98581.55,158.99
1783575521,1387,98582.0,25.88,158.95,98581.63,158.98
1783575521,1388,98581.0,25.88,159.04,98581.52,158.99
1783575521,1389,98581.0,25.88,159.04,98581.42,159.0
1783575521,1390,98584.0,25.89,158.77,98581.91,158.96
1783575521,1391,98581.0,25.89,159.04,98581.73,158.97
1783575522,1392,98579.0,25.88,159.21,98581.22,159.02
1783575522,1393,98582.0,25.88,158.94,98581.16,159.02
1783575522,1394,98581.0,25.88,159.03,98581.13,159.02
1783575522,1395,98582.0,25.87,158.94,98581.3,159.01
1783575522,1396,98582.0,25.88,158.94,98581.43,158.99
1783575522,1397,98580.0,25.88,159.12,98581.16,159.02
1783575522,1398,98583.0,25.88,158.85,98581.51,158.99
1783575523,1399,98581.0,25.87,159.03,98581.41,158.99
1783575523,1400,98582.0,25.88,158.94,98581.52,158.99
1783575523,1401,98581.0,25.87,159.03,98581.73,158.97
1783575523,1402,98583.0,25.87,158.85,98581.97,158.95
1783575523,1403,98580.0,25.87,159.12,98581.6,158.98
1783575523,1404,98581.0,25.87,159.03,98581.48,158.99
1783575523,1405,98582.0,25.87,158.94,98581.58,158.98
1783575523,1406,98580.0,25.86,159.12,98581.28,159.01
1783575524,1407,98577.0,25.86,159.38,98580.48,159.08
1783575524,1408,98582.0,25.87,158.94,98580.77,159.05
1783575524,1409,98581.0,25.87,159.03,98580.82,159.05
1783575524,1410,98584.0,25.87,158.77,98581.42,158.99
1783575524,1411,98582.0,25.88,158.94,98581.53,158.98
1783575524,1412,98581.0,25.87,159.03,98581.43,158.99
1783575524,1413,98582.0,25.88,158.94,98581.54,158.98
1783575525,1414,98581.0,25.87,159.03,98581.44,158.99
1783575525,1415,98582.0,25.87,158.94,98581.55,158.98
1783575525,1416,98579.0,25.87,159.2,98581.07,159.02
1783575525,1417,98577.0,25.87,159.38,98580.3,159.09
1783575525,1418,98580.0,25.87,159.11,98580.24,159.09
1783575525,1419,98581.0,25.87,159.03,98580.38,159.08
1783575525,1420,98582.0,25.87,158.94,98580.69,159.05
1783575526,1421,98579.0,25.87,159.2,98580.37,159.08
1783575526,1422,98579.0,25.87,159.2,98580.11,159.1
1783575526,1423,98584.0,25.87,158.76,98580.84,159.04
1783575526,1424,98582.0,25.87,158.94,98581.06,159.03
1783575526,1425,98582.0,25.87,158.94,98581.59,158.98
1783575526,1426,98581.0,25.87,159.03,98581.48,158.99
1783575526,1427,98580.0,25.87,159.12,98581.2,159.01
1783575526,1428,98580.0,25.87,159.12,98580.98,159.03
1783575527,1429,98580.0,25.86,159.12,98580.79,159.05
1783575527,1430,98580.0,25.86,159.12,98580.64,159.06
1783575527,1431,98582.0,25.86,158.94,98580.9,159.04
1783575527,1432,98580.0,25.86,159.12,98580.73,159.06
1783575527,1433,98581.0,25.86,159.03,98581.03,159.03
1783575527,1434,98581.0,25.86,159.03,98581.02,159.03
1783575527,1435,98583.0,25.86,158.85,98581.4,159.0
1783575528,1436,98581.0,25.86,159.03,98581.32,159.0
1783575528,1437,98583.0,25.86,158.85,98581.63,158.98
1783575528,1438,98582.0,25.86,158.94,98581.7,158.97
1783575528,1439,98581.0,25.85,159.03,98581.57,158.98
1783575528,1440,98581.0,25.85,159.03,98581.46,158.99
1783575528,1441,98583.0,25.85,158.85,98581.37,159.0
1783575528,1442,98580.0,25.85,159.12,98581.11,159.02
1783575529,1443,98582.0,25.86,158.94,98581.27,159.01
1783575529,1444,98583.0,25.86,158.85,98581.6,158.98
1783575529,1445,98582.0,25.86,158.94,98581.68,158.97
1783575529,1446,98579.0,25.85,159.21,98581.17,159.02
1783575529,1447,98581.0,25.86,159.03,98581.14,159.02
1783575529,1448,98583.0,25.86,158.85,98581.49,158.99
1783575529,1449,98582.0,25.86,158.94,98581.91,158.95
1783575529,1450,98581.0,25.86,159.03,98581.73,158.96
1783575530,1451,98581.0,25.86,159.03,98581.59,158.97
1783575530,1452,98583.0,25.86,158.85,98581.86,158.95
1783575530,1453,98582.0,25.86,158.94,98581.88,158.95
1783575530,1454,98582.0,25.86,158.94,98581.91,158.95
1783575530,1455,98581.0,25.86,159.03,98581.73,158.96
1783575530,1456,98581.0,25.87,159.03,98581.59,158.97
1783575530,1457,98583.0,25.87,158.85,98581.51,158.98
1783575531,1458,98582.0,25.87,158.94,98581.6,158.97
1783575531,1459,98578.0,25.87,159.29,98580.92,159.03
1783575531,1460,98581.0,25.87,159.03,98580.94,159.03
1783575531,1461,98581.0,25.87,159.03,98580.95,159.03
1783575531,1462,98583.0,25.87,158.85,98581.34,159.0
1783575531,1463,98581.0,25.87,159.03,98581.27,159.0
1783575531,1464,98581.0,25.87,159.03,98581.22,159.01
1783575532,1465,98582.0,25.86,158.94,98581.38,158.99
1783575532,1466,98581.0,25.87,159.03,98581.31,159.0
1783575532,1467,98583.0,25.86,158.85,98581.63,158.97
1783575532,1468,98581.0,25.86,159.03,98581.52,158.98
1783575532,1469,98583.0,25.87,158.85,98581.8,158.96
1783575532,1470,98582.0,25.87,158.94,98581.84,158.95
1783575532,1471,98581.0,25.87,159.03,98581.68,158.97
1783575532,1472,98582.0,25.87,158.94,98581.74,158.96
1783575533,1473,98581.0,25.86,159.02,98581.63,158.97
1783575533,1474,98579.0,25.86,159.2,98581.13,159.01
1783575533,1475,98581.0,25.85,159.02,98581.11,159.01
1783575533,1476,98580.0,25.85,159.11,98580.9,159.03
1783575533,1477,98582.0,25.85,158.93,98581.11,159.01
1783575533,1478,98581.0,25.84,159.02,98581.09,159.01
1783575533,1479,98583.0,25.84,158.84,98581.45,158.98
1783575533,1480,98582.0,25.84,158.93,98581.55,158.97
1783575534,1481,98580.0,25.83,159.1,98581.7,158.95
1783575534,1482,98578.0,25.83,159.28,98581.01,159.01
1783575534,1483,98579.0,25.84,159.19,98580.63,159.05
1783575534,1484,98581.0,25.84,159.02,98580.7,159.04
1783575534,1485,98583.0,25.84,158.84,98581.13,159.0
1783575534,1486,98580.0,25.84,159.1,98580.92,159.02
1783575534,1487,98582.0,25.84,158.93,98581.13,159.0
1783575534,1488,98584.0,25.84,158.75,98581.66,158.96
1783575535,1489,98580.0,25.83,159.1,98581.07,159.0
1783575535,1490,98583.0,25.83,158.83,98581.44,158.97
1783575535,1491,98581.0,25.83,159.01,98581.35,158.98
1783575535,1492,98583.0,25.82,158.83,98581.66,158.95
1783575535,1493,98579.0,25.82,159.19,98581.16,159.0
1783575535,1494,98582.0,25.82,158.92,98581.32,158.98
1783575535,1495,98582.0,25.82,158.92,98581.45,158.97
1783575535,1496,98583.0,25.82,158.83,98581.73,158.95
1783575536,1497,98583.0,25.83,158.83,98582.17,158.9
1783575536,1498,98582.0,25.83,158.92,98582.14,158.9
1783575536,1499,98582.0,25.83,158.92,98582.12,158.91
1783575536,1500,98581.0,25.83,159.0,98581.91,158.92
1783575536,1501,98582.0,25.83,158.92,98581.92,158.92
1783575536,1502,98582.0,25.83,158.92,98581.94,158.92
1783575536,1503,98582.0,25.83,158.92,98581.95,158.92
1783575537,1504,98581.0,25.82,159.0,98581.77,158.94
1783575537,1505,98581.0,25.82,159.0,98581.21,158.98
1783575537,1506,98580.0,25.82,159.09,98580.98,159.0
1783575537,1507,98581.0,25.82,159.0,98580.98,159.0
1783575537,1508,98580.0,25.81,159.09,98580.8,159.02
1783575537,1509,98581.0,25.81,159.0,98580.84,159.01
1783575537,1510,98580.0,25.82,159.09,98580.68,159.03
1783575537,1511,98581.0,25.82,159.0,98580.74,159.02
1783575538,1512,98581.0,25.82,159.0,98580.79,159.02
1783575538,1513,98582.0,25.82,158.91,98581.2,158.98
1783575538,1514,98581.0,25.82,159.0,98581.16,158.99
1783575538,1515,98580.0,25.82,159.09,98580.95,159.0
1783575538,1516,98581.0,25.82,159.0,98580.95,159.0
1783575538,1517,98583.0,25.82,158.82,98581.34,158.97
1783575538,1518,98582.0,25.81,158.91,98581.46,158.96
1783575539,1519,98580.0,25.81,159.09,98581.19,158.98
1783575539,1520,98581.0,25.81,159.0,98581.15,158.99
1783575539,1521,98580.0,25.8,159.09,98580.63,159.03
1783575539,1522,98577.0,25.8,159.35,98579.95,159.09
1783575539,1523,98581.0,25.81,159.0,98580.14,159.08
1783575539,1524,98579.0,25.81,159.18,98579.92,159.09
1783575539,1525,98583.0,25.81,158.82,98580.5,159.04
1783575540,1526,98581.0,25.81,159.0,98580.59,159.04
1783575540,1527,98584.0,25.81,158.73,98581.23,158.98
1783575540,1528,98581.0,25.81,159.0,98581.19,158.98
1783575540,1529,98582.0,25.81,158.91,98580.94,159.0
1783575540,1530,98582.0,25.81,158.91,98581.14,158.99
1783575540,1531,98580.0,25.81,159.09,98580.92,159.01
1783575540,1532,98582.0,25.81,158.91,98581.13,158.99
1783575540,1533,98580.0,25.81,159.09,98580.91,159.01
1783575541,1534,98581.0,25.81,159.0,98580.93,159.01
1783575541,1535,98582.0,25.81,158.91,98581.13,158.99
1783575541,1536,98582.0,25.81,158.91,98581.3,158.97
1783575541,1537,98582.0,25.81,158.91,98581.3,158.97
1783575541,1538,98582.0,25.81,158.91,98581.43,158.96
1783575541,1539,98581.0,25.81,159.0,98581.35,158.97
1783575541,1540,98582.0,25.81,158.91,98581.48,158.96
1783575542,1541,98580.0,25.8,159.09,98581.2,158.98
1783575542,1542,98577.0,25.8,159.35,98580.41,159.05
1783575542,1543,98581.0,25.8,159.0,98580.52,159.04
1783575542,1544,98580.0,25.8,159.09,98580.42,159.05
1783575542,1545,98579.0,25.8,159.18,98580.77,159.02
1783575542,1546,98582.0,25.8,158.91,98581.01,159.0
1783575542,1547,98581.0,25.8,159.0,98581.01,159.0
1783575543,1548,98582.0,25.8,158.91,98581.2,158.98
1783575543,1549,98580.0,25.8,159.09,98580.97,159.0
1783575543,1550,98581.0,25.8,159.0,98580.98,159.0
1783575543,1551,98581.0,25.8,159.0,98580.98,159.0
1783575543,1552,98582.0,25.8,158.91,98581.17,158.98
1783575543,1553,98582.0,25.79,158.91,98581.29,158.97
1783575543,1554,98579.0,25.79,159.18,98580.86,159.01
1783575543,1555,98582.0,25.79,158.91,98581.08,158.99
1783575544,1556,98581.0,25.79,159.0,98581.06,158.99
1783575544,1557,98579.0,25.79,159.18,98580.67,159.03
1783575544,1558,98579.0,25.79,159.18,98580.36,159.06
1783575544,1559,98581.0,25.79,159.0,98580.48,159.05
1783575544,1560,98581.0,25.79,159.0,98580.58,159.04
1783575544,1561,98580.0,25.79,159.09,98580.73,159.02
1783575544,1562,98582.0,25.79,158.91,98580.97,159.0
1783575545,1563,98581.0,25.79,159.0,98580.98,159.0
1783575545,1564,98577.0,25.79,159.35,98580.23,159.07
1783575545,1565,98581.0,25.79,159.0,98580.38,159.05
1783575545,1566,98582.0,25.79,158.91,98580.68,159.03
1783575545,1567,98582.0,25.78,158.91,98580.93,159.01
1783575545,1568,98582.0,25.78,158.91,98581.13,158.99
1783575545,1569,98581.0,25.77,158.99,98581.29,158.97
1783575545,1570,98580.0,25.77,159.08,98581.05,158.99
1783575546,1571,98581.0,25.77,158.99,98581.04,158.99
1783575546,1572,98579.0,25.77,159.17,98580.66,159.02
1783575546,1573,98582.0,25.77,158.91,98580.91,159.0
1783575546,1574,98579.0,25.77,159.17,98580.55,159.03
1783575546,1575,98582.0,25.77,158.91,98580.82,159.01
1783575546,1576,98582.0,25.77,158.91,98581.04,158.99
1783575546,1577,98582.0,25.78,158.91,98581.26,158.97
1783575547,1578,98581.0,25.78,158.99,98581.21,158.98
1783575547,1579,98581.0,25.77,158.99,98581.17,158.98
1783575547,1580,98581.0,25.77,158.99,98581.14,158.98
1783575547,1581,98576.0,25.76,159.44,98580.17,159.07
1783575547,1582,98583.0,25.76,158.82,98580.7,159.02
1783575547,1583,98581.0,25.76,158.99,98580.76,159.02
1783575547,1584,98579.0,25.76,159.17,98580.43,159.04
1783575548,1585,98581.0,25.76,158.99,98580.51,159.04
1783575548,1586,98584.0,25.76,158.73,98581.16,158.98
1783575548,1587,98580.0,25.77,159.08,98580.95,159.0
1783575548,1588,98581.0,25.77,158.99,98580.95,159.0
1783575548,1589,98580.0,25.77,159.08,98580.77,159.01
1783575548,1590,98582.0,25.77,158.91,98581.01,158.99
1783575548,1591,98578.0,25.77,159.26,98580.44,159.04
1783575548,1592,98578.0,25.77,159.26,98579.98,159.08
1783575549,1593,98581.0,25.78,158.99,98580.45,159.04
1783575549,1594,98582.0,25.78,158.9,98580.74,159.01
1783575549,1595,98581.0,25.78,158.99,98580.79,159.01
1783575549,1596,98581.0,25.78,158.99,98580.83,159.0
1783575549,1597,98582.0,25.79,158.9,98581.05,158.98
1783575549,1598,98583.0,25.79,158.81,98581.41,158.95
1783575549,1599,98583.0,25.79,158.81,98581.71,158.92
1783575549,1600,98583.0,25.79,158.81,98581.95,158.9
1783575550,1601,98582.0,25.8,158.9,98581.8,158.91
1783575550,1602,98581.0,25.8,158.98,98581.66,158.93
1783575550,1603,98583.0,25.8,158.8,98581.91,158.9
1783575550,1604,98584.0,25.8,158.71,98582.3,158.86
1783575550,1605,98582.0,25.8,158.89,98582.24,158.87
1783575550,1606,98580.0,25.8,159.07,98581.82,158.91
1783575550,1607,98582.0,25.8,158.89,98581.85,158.9
1783575550,1608,98579.0,25.8,159.15,98581.31,158.95
1783575551,1609,98581.0,25.8,158.98,98581.52,158.93
1783575551,1610,98581.0,25.81,158.98,98581.42,158.94
1783575551,1611,98584.0,25.81,158.71,98581.91,158.9
1783575551,1612,98581.0,25.81,158.98,98581.73,158.91
1783575551,1613,98580.0,25.81,159.07,98581.41,158.94
1783575551,1614,98580.0,25.8,159.07,98581.14,158.97
1783575551,1615,98579.0,25.8,159.15,98580.73,159.0
1783575551,1616,98581.0,25.81,158.98,98580.78,159.0
1783575552,1617,98581.0,25.81,158.98,98581.34,158.95
1783575552,1618,98581.0,25.81,158.97,98581.28,158.95
1783575552,1619,98582.0,25.81,158.88,98581.41,158.94
1783575552,1620,98579.0,25.81,159.15,98580.96,158.98
1783575552,1621,98581.0,25.81,158.97,98580.97,158.98
1783575552,1622,98581.0,25.81,158.97,98580.98,158.97
1783575552,1623,98582.0,25.81,158.88,98581.17,158.96
1783575553,1624,98580.0,25.81,159.06,98580.95,158.98
1783575553,1625,98581.0,25.82,158.97,98581.23,158.95
1783575553,1626,98582.0,25.82,158.88,98581.38,158.94
1783575553,1627,98581.0,25.82,158.97,98581.3,158.95
1783575553,1628,98582.0,25.82,158.88,98581.44,158.93
1783575553,1629,98581.0,25.82,158.97,98581.35,158.94
1783575553,1630,98580.0,25.83,159.06,98581.09,158.96
1783575554,1631,98583.0,25.82,158.8,98581.45,158.93
1783575554,1632,98580.0,25.83,159.06,98581.18,158.95
1783575554,1633,98579.0,25.83,159.14,98580.97,158.97
1783575554,1634,98581.0,25.83,158.97,98580.98,158.97
1783575554,1635,98580.0,25.83,159.06,98580.79,158.99
1783575554,1636,98580.0,25.83,159.06,98580.64,159.0
1783575554,1637,98582.0,25.83,158.87,98580.9,158.97
1783575554,1638,98583.0,25.83,158.79,98581.3,158.94
1783575555,1639,98580.0,25.83,159.05,98581.05,158.96
1783575555,1640,98581.0,25.83,158.96,98581.05,158.96
1783575555,1641,98581.0,25.83,158.96,98580.72,158.99
1783575555,1642,98582.0,25.83,158.87,98580.96,158.97
1783575555,1643,98581.0,25.83,158.96,98580.97,158.96
1783575555,1644,98582.0,25.83,158.87,98581.16,158.95
1783575555,1645,98582.0,25.83,158.87,98581.32,158.93
1783575556,1646,98580.0,25.83,159.05,98581.07,158.96
1783575556,1647,98581.0,25.83,158.96,98581.05,158.96
1783575556,1648,98583.0,25.83,158.78,98581.42,158.92
1783575556,1649,98581.0,25.83,158.96,98581.13,158.95
1783575556,1650,98583.0,25.83,158.78,98581.48,158.91
1783575556,1651,98579.0,25.83,159.13,98581.02,158.96
1783575556,1652,98581.0,25.82,158.96,98581.02,158.96
1783575557,1653,98581.0,25.82,158.96,98581.02,158.96
1783575557,1654,98580.0,25.82,159.04,98580.83,158.97
1783575557,1655,98581.0,25.82,158.96,98580.86,158.97
1783575557,1656,98581.0,25.82,158.96,98580.88,158.97
1783575557,1657,98581.0,25.82,158.96,98581.05,158.95
1783575557,1658,98581.0,25.82,158.96,98581.04,158.95
1783575557,1659,98579.0,25.82,159.13,98580.66,158.99
1783575557,1660,98581.0,25.82,158.96,98580.72,158.98
1783575558,1661,98581.0,25.82,158.96,98580.77,158.98
1783575558,1662,98580.0,25.82,159.04,98580.63,158.99
1783575558,1663,98580.0,25.82,159.04,98580.51,159.0
1783575558,1664,98578.0,25.82,159.22,98580.04,159.04
1783575558,1665,98580.0,25.83,159.04,98580.41,159.01
1783575558,1666,98580.0,25.83,159.04,98580.34,159.01
1783575558,1667,98581.0,25.82,158.95,98580.46,159.0
1783575559,1668,98580.0,25.82,159.04,98580.38,159.01
1783575559,1669,98581.0,25.82,158.95,98580.49,159.0
1783575559,1670,98581.0,25.82,158.95,98580.59,158.99
1783575559,1671,98578.0,25.81,159.22,98580.1,159.03
1783575559,1672,98580.0,25.82,159.04,98580.09,159.03
1783575559,1673,98583.0,25.82,158.77,98580.86,158.96
1783575559,1674,98582.0,25.83,158.86,98581.08,158.94
1783575559,1675,98580.0,25.83,159.04,98580.88,158.96
1783575560,1676,98580.0,25.83,159.04,98580.71,158.98
1783575560,1677,98581.0,25.83,158.95,98580.77,158.97
1783575560,1678,98576.0,25.83,159.39,98579.87,159.05
1783575560,1679,98581.0,25.83,158.95,98580.08,159.03
1783575560,1680,98581.0,25.83,158.95,98580.25,159.02
1783575560,1681,98582.0,25.83,158.86,98580.54,158.99
1783575560,1682,98580.0,25.83,159.04,98580.44,159.0
1783575561,1683,98579.0,25.83,159.13,98580.16,159.03
1783575561,1684,98579.0,25.83,159.13,98579.95,159.04
1783575561,1685,98581.0,25.82,158.95,98580.14,159.03
1783575561,1686,98582.0,25.82,158.86,98580.49,159.0
1783575561,1687,98580.0,25.82,159.04,98580.4,159.0
1783575561,1688,98580.0,25.82,159.04,98580.32,159.01
1783575561,1689,98577.0,25.82,159.3,98579.27,159.1
1783575562,1690,98581.0,25.82,158.95,98579.6,159.07
1783575562,1691,98580.0,25.82,159.04,98579.68,159.07
1783575562,1692,98581.0,25.82,158.95,98579.93,159.05
1783575562,1693,98580.0,25.82,159.04,98579.95,159.04
1783575562,1694,98579.0,25.82,159.13,98579.77,159.06
1783575562,1695,98579.0,25.82,159.13,98579.63,159.07
1783575562,1696,98578.0,25.82,159.22,98579.32,159.11
1783575562,1697,98582.0,25.83,158.87,98580.03,159.04
1783575563,1698,98580.0,25.83,159.04,98580.02,159.04
1783575563,1699,98581.0,25.83,158.96,98580.21,159.03
1783575563,1700,98581.0,25.83,158.96,98580.36,159.01
1783575563,1701,98580.0,25.83,159.04,98580.29,159.02
1783575563,1702,98581.0,25.83,158.96,98580.42,159.01
1783575563,1703,98578.0,25.82,159.22,98579.97,159.05
1783575563,1704,98580.0,25.82,159.04,98579.98,159.05
1783575564,1705,98581.0,25.81,158.96,98580.17,159.03
1783575564,1706,98577.0,25.81,159.31,98579.58,159.08
1783575564,1707,98580.0,25.82,159.04,98579.66,159.08
1783575564,1708,98583.0,25.82,158.78,98580.29,159.02
1783575564,1709,98580.0,25.82,159.04,98580.23,159.02
1783575564,1710,98581.0,25.82,158.96,98580.38,159.01
1783575564,1711,98581.0,25.82,158.96,98580.49,159.0
1783575564,1712,98580.0,25.82,159.04,98580.4,159.01
1783575565,1713,98579.0,25.83,159.13,98579.83,159.05
1783575565,1714,98580.0,25.83,159.04,98579.86,159.05
1783575565,1715,98578.0,25.82,159.22,98579.51,159.08
1783575565,1716,98578.0,25.82,159.22,98579.23,159.11
1783575565,1717,98581.0,25.82,158.95,98579.56,159.08
1783575565,1718,98580.0,25.81,159.04,98579.65,159.07
1783575565,1719,98579.0,25.81,159.13,98579.52,159.08
1783575565,1720,98579.0,25.81,159.13,98579.42,159.09
1783575566,1721,98582.0,25.81,158.86,98579.49,159.08
1783575566,1722,98582.0,25.81,158.86,98579.96,159.04
1783575566,1723,98581.0,25.82,158.95,98580.16,159.03
1783575566,1724,98580.0,25.81,159.04,98580.13,159.03
1783575566,1725,98582.0,25.81,158.86,98580.48,159.0
1783575566,1726,98580.0,25.81,159.04,98580.39,159.01
1783575566,1727,98579.0,25.81,159.13,98580.13,159.03
1783575566,1728,98580.0,25.81,159.04,98580.1,159.03
1783575567,1729,98580.0,25.81,159.04,98579.59,159.08
1783575567,1730,98581.0,25.81,158.95,98579.85,159.05
1783575567,1731,98582.0,25.81,158.86,98580.26,159.02
1783575567,1732,98582.0,25.81,158.86,98580.59,158.99
1783575567,1733,98581.0,25.81,158.95,98580.66,158.98
1783575567,1734,98582.0,25.81,158.86,98580.91,158.96
1783575567,1735,98580.0,25.81,159.04,98580.74,158.97
1783575568,1736,98580.0,25.81,159.04,98580.6,158.99
1783575568,1737,98579.0,25.8,159.13,98580.2,159.02
1783575568,1738,98580.0,25.8,159.04,98580.16,159.03
1783575568,1739,98579.0,25.8,159.13,98579.94,159.05
1783575568,1740,98580.0,25.8,159.04,98579.95,159.04
1783575568,1741,98580.0,25.8,159.04,98579.96,159.04
1783575568,1742,98582.0,25.8,158.86,98580.34,159.01
1783575568,1743,98580.0,25.8,159.04,98580.28,159.01
1783575569,1744,98582.0,25.81,158.86,98580.6,158.99
1783575569,1745,98580.0,25.8,159.04,98580.67,158.98
1783575569,1746,98581.0,25.8,158.95,98580.73,158.97
1783575569,1747,98580.0,25.8,159.04,98580.59,158.99
1783575569,1748,98580.0,25.8,159.04,98580.48,159.0
1783575569,1749,98581.0,25.8,158.95,98580.58,158.99
1783575569,1750,98579.0,25.8,159.13,98580.28,159.01
1783575570,1751,98582.0,25.8,158.86,98580.6,158.99
1783575570,1752,98580.0,25.8,159.04,98580.48,159.0
1783575570,1753,98577.0,25.8,159.31,98579.32,159.11
1783575570,1754,98582.0,25.8,158.87,98579.83,159.06
1783575570,1755,98579.0,25.79,159.13,98579.67,159.07
1783575570,1756,98581.0,25.79,158.96,98579.92,159.05
1783575570,1757,98581.0,25.79,158.96,98580.13,159.03
1783575571,1758,98580.0,25.79,159.04,98580.1,159.04
1783575571,1759,98581.0,25.79,158.96,98580.27,159.02
1783575571,1760,98580.0,25.79,159.04,98580.22,159.03
1783575571,1761,98580.0,25.79,159.04,98580.09,159.03
1783575571,1762,98578.0,25.8,159.22,98579.7,159.07
1783575571,1763,98582.0,25.79,158.86,98580.13,159.03
1783575571,1764,98579.0,25.79,159.13,98579.92,159.05
1783575571,1765,98580.0,25.79,159.04,98579.94,159.05
1783575572,1766,98580.0,25.79,159.04,98579.95,159.04
1783575572,1767,98579.0,25.79,159.13,98579.77,159.06
1783575572,1768,98580.0,25.79,159.04,98579.81,159.06
1783575572,1769,98580.0,25.79,159.04,98579.14,159.12
1783575572,1770,98581.0,25.79,158.95,98579.49,159.08
1783575572,1771,98579.0,25.79,159.13,98579.4,159.09
1783575572,1772,98580.0,25.79,159.04,98579.52,159.08
1783575573,1773,98581.0,25.78,158.95,98579.8,159.06
1783575573,1774,98579.0,25.78,159.13,98579.65,159.07
1783575573,1775,98580.0,25.78,159.04,98579.71,159.06
1783575573,1776,98582.0,25.78,158.86,98580.14,159.02
1783575573,1777,98580.0,25.77,159.03,98579.98,159.04
1783575573,1778,98578.0,25.77,159.21,98579.61,159.07
1783575573,1779,98579.0,25.77,159.12,98579.49,159.08
1783575574,1780,98581.0,25.77,158.95,98579.77,159.05
1783575574,1781,98578.0,25.77,159.21,98579.44,159.08
1783575574,1782,98579.0,25.77,159.12,98579.35,159.09
1783575574,1783,98579.0,25.77,159.12,98579.29,159.1
1783575574,1784,98578.0,25.76,159.21,98579.05,159.12
1783575574,1785,98576.0,25.76,159.38,98579.14,159.1
1783575574,1786,98581.0,25.76,158.94,98579.49,159.07
1783575574,1787,98580.0,25.76,159.03,98579.59,159.07
1783575575,1788,98582.0,25.76,158.85,98580.04,159.03
1783575575,1789,98581.0,25.76,158.94,98580.22,159.01
1783575575,1790,98581.0,25.76,158.94,98580.37,159.0
1783575575,1791,98579.0,25.76,159.12,98580.11,159.02
1783575575,1792,98583.0,25.76,158.76,98580.66,158.97
1783575575,1793,98580.0,25.76,159.03,98579.79,159.05
1783575575,1794,98579.0,25.77,159.12,98579.64,159.06
1783575576,1795,98578.0,25.77,159.21,98579.33,159.09
1783575576,1796,98578.0,25.77,159.21,98579.08,159.11
1783575576,1797,98582.0,25.77,158.85,98579.63,159.06
1783575576,1798,98580.0,25.78,159.03,98579.7,159.06
1783575576,1799,98580.0,25.78,159.03,98579.75,159.05
1783575576,1800,98582.0,25.77,158.85,98580.17,159.01
1783575576,1801,98580.0,25.78,159.03,98579.92,159.04
1783575576,1802,98581.0,25.77,158.94,98580.13,159.02
1783575577,1803,98580.0,25.78,159.03,98580.1,159.02
1783575577,1804,98580.0,25.77,159.03,98580.09,159.02
1783575577,1805,98577.0,25.78,159.29,98579.51,159.07
1783575577,1806,98579.0,25.78,159.12,98579.41,159.08
1783575577,1807,98580.0,25.78,159.03,98579.52,159.07
1783575577,1808,98581.0,25.78,158.95,98579.8,159.05
1783575577,1809,98582.0,25.79,158.86,98580.27,159.01
1783575578,1810,98583.0,25.79,158.77,98580.78,158.97
1783575578,1811,98581.0,25.79,158.95,98580.82,158.96
1783575578,1812,98576.0,25.79,159.39,98579.91,159.04
1783575578,1813,98579.0,25.79,159.12,98579.74,159.06
1783575578,1814,98580.0,25.79,159.03,98579.79,159.05
1783575578,1815,98581.0,25.79,158.95,98580.02,159.03
1783575578,1816,98581.0,25.79,158.95,98580.2,159.02
1783575579,1817,98580.0,25.79,159.03,98580.42,159.0
1783575579,1818,98578.0,25.79,159.21,98579.97,159.04
1783575579,1819,98581.0,25.8,158.95,98580.16,159.02
1783575579,1820,98579.0,25.8,159.12,98579.95,159.04
1783575579,1821,98580.0,25.8,159.03,98579.95,159.04
1783575579,1822,98580.0,25.8,159.03,98579.96,159.04
1783575579,1823,98579.0,25.8,159.12,98579.78,159.05
1783575579,1824,98581.0,25.8,158.95,98580.01,159.03
1783575580,1825,98578.0,25.8,159.21,98579.76,159.06
1783575580,1826,98580.0,25.79,159.03,98579.8,159.05
1783575580,1827,98579.0,25.79,159.12,98579.66,159.06
1783575580,1828,98581.0,25.8,158.95,98579.91,159.04
1783575580,1829,98579.0,25.8,159.12,98579.73,159.06
1783575580,1830,98582.0,25.8,158.86,98580.16,159.02
1783575580,1831,98580.0,25.8,159.03,98580.13,159.02
1783575580,1832,98580.0,25.8,159.03,98580.11,159.02
1783575581,1833,98580.0,25.81,159.04,98580.17,159.02
1783575581,1834,98580.0,25.82,159.04,98580.14,159.03
1783575581,1835,98581.0,25.82,158.95,98580.3,159.01
1783575581,1836,98579.0,25.81,159.13,98580.06,159.03
1783575581,1837,98578.0,25.82,159.22,98579.67,159.07
1783575581,1838,98580.0,25.82,159.04,98579.73,159.06
1783575581,1839,98581.0,25.82,158.95,98579.98,159.04
1783575581,1840,98580.0,25.82,159.04,98579.98,159.04
1783575582,1841,98584.0,25.82,158.69,98581.16,158.94
1783575582,1842,98578.0,25.81,159.22,98580.56,158.99
1783575582,1843,98579.0,25.81,159.13,98580.27,159.02
1783575582,1844,98577.0,25.81,159.3,98579.65,159.07
1783575582,1845,98581.0,25.81,158.95,98579.91,159.05
1783575582,1846,98579.0,25.81,159.13,98579.73,159.06
1783575582,1847,98580.0,25.8,159.04,98579.78,159.06
1783575582,1848,98579.0,25.81,159.13,98579.63,159.07
1783575583,1849,98579.0,25.81,159.13,98579.92,159.05
1783575583,1850,98580.0,25.81,159.04,98579.94,159.05
1783575583,1851,98581.0,25.81,158.96,98580.14,159.03
1783575583,1852,98582.0,25.81,158.87,98580.49,159.0
1783575583,1853,98580.0,25.81,159.04,98580.4,159.01
1783575583,1854,98581.0,25.81,158.96,98580.52,159.0
1783575583,1855,98577.0,25.8,159.31,98579.85,159.06
1783575584,1856,98580.0,25.8,159.04,98579.88,159.06
1783575584,1857,98581.0,25.8,158.96,98579.73,159.07
1783575584,1858,98577.0,25.8,159.32,98579.22,159.12
1783575584,1859,98582.0,25.8,158.87,98579.74,159.07
1783575584,1860,98578.0,25.8,159.23,98579.41,159.1
1783575584,1861,98580.0,25.8,159.05,98579.52,159.09
1783575584,1862,98581.0,25.79,158.96,98579.8,159.07
1783575585,1863,98578.0,25.79,159.23,98579.46,159.1
1783575585,1864,98580.0,25.79,159.05,98579.56,159.09
1783575585,1865,98580.0,25.79,159.06,98579.95,159.06
1783575585,1866,98580.0,25.79,159.06,98579.95,159.06
1783575585,1867,98580.0,25.79,159.06,98579.96,159.06
1783575585,1868,98580.0,25.79,159.06,98579.97,159.06
1783575585,1869,98579.0,25.79,159.14,98579.79,159.07
1783575585,1870,98581.0,25.78,158.97,98580.02,159.05
1783575586,1871,98580.0,25.78,159.06,98580.02,159.05
1783575586,1872,98579.0,25.78,159.14,98579.83,159.07
1783575586,1873,98579.0,25.78,159.15,98579.41,159.11
1783575586,1874,98578.0,25.78,159.24,98579.15,159.14
1783575586,1875,98579.0,25.78,159.15,98579.12,159.14
1783575586,1876,98579.0,25.78,159.15,98579.09,159.14
1783575586,1877,98579.0,25.77,159.15,98579.08,159.14
1783575587,1878,98577.0,25.77,159.33,98578.69,159.18
1783575587,1879,98581.0,25.77,158.97,98579.13,159.14
1783575587,1880,98580.0,25.77,159.06,98579.29,159.12
1783575587,1881,98578.0,25.77,159.24,98579.19,159.13
1783575587,1882,98580.0,25.77,159.06,98579.34,159.12
1783575587,1883,98581.0,25.77,158.97,98579.66,159.09
1783575587,1884,98579.0,25.76,159.15,98579.53,159.1
1783575588,1885,98581.0,25.76,158.97,98579.8,159.08
1783575588,1886,98579.0,25.76,159.15,98579.66,159.09
1783575588,1887,98579.0,25.76,159.15,98579.53,159.1
1783575588,1888,98579.0,25.76,159.15,98579.43,159.11
1783575588,1889,98576.0,25.76,159.42,98578.72,159.18
1783575588,1890,98580.0,25.77,159.07,98578.96,159.16
1783575588,1891,98579.0,25.77,159.15,98578.97,159.16
1783575588,1892,98582.0,25.77,158.89,98579.54,159.11
1783575589,1893,98582.0,25.77,158.89,98580.0,159.07
1783575589,1894,98580.0,25.77,159.07,98580.0,159.07
1783575589,1895,98582.0,25.77,158.89,98580.38,159.03
1783575589,1896,98579.0,25.77,159.15,98580.12,159.06
1783575589,1897,98582.0,25.77,158.88,98580.05,159.06
1783575589,1898,98578.0,25.77,159.24,98579.66,159.09
1783575589,1899,98580.0,25.77,159.06,98579.73,159.09
1783575590,1900,98582.0,25.77,158.88,98580.16,159.05
1783575590,1901,98580.0,25.77,159.06,98580.13,159.05
1783575590,1902,98582.0,25.77,158.88,98580.48,159.02
1783575590,1903,98580.0,25.78,159.06,98580.39,159.03
1783575590,1904,98580.0,25.78,159.06,98580.32,159.03
1783575590,1905,98580.0,25.81,159.07,98579.34,159.12
1783575590,1906,98580.0,25.81,159.07,98579.47,159.11
1783575590,1907,98580.0,25.82,159.07,98579.57,159.1
1783575591,1908,98580.0,25.82,159.07,98579.65,159.1
1783575591,1909,98583.0,25.82,158.8,98580.28,159.04
1783575591,1910,98581.0,25.82,158.98,98580.41,159.03
1783575591,1911,98579.0,25.82,159.15,98580.15,159.05
1783575591,1912,98581.0,25.82,158.98,98580.31,159.04
1783575591,1913,98579.0,25.82,159.15,98579.91,159.07
1783575591,1914,98580.0,25.82,159.07,98579.93,159.07
1783575592,1915,98579.0,25.81,159.15,98579.76,159.09
1783575592,1916,98581.0,25.81,158.98,98579.99,159.07
1783575592,1917,98580.0,25.81,159.07,98579.99,159.07
1783575592,1918,98580.0,25.8,159.07,98579.99,159.07
1783575592,1919,98581.0,25.8,158.98,98580.18,159.05
1783575592,1920,98580.0,25.8,159.07,98580.15,159.05
1783575592,1921,98581.0,25.8,158.98,98580.13,159.06
1783575593,1922,98579.0,25.8,159.15,98579.91,159.07
1783575593,1923,98579.0,25.81,159.15,98579.74,159.09
1783575593,1924,98581.0,25.81,158.98,98579.98,159.07
1783575593,1925,98581.0,25.81,158.98,98580.17,159.05
1783575593,1926,98583.0,25.81,158.8,98580.7,159.0
1783575593,1927,98580.0,25.81,159.07,98580.57,159.02
1783575593,1928,98577.0,25.81,159.33,98579.9,159.08
1783575593,1929,98581.0,25.81,158.98,98580.11,159.06
1783575594,1930,98579.0,25.8,159.15,98579.9,159.08
1783575594,1931,98578.0,25.8,159.24,98579.54,159.11
1783575594,1932,98579.0,25.8,159.15,98579.44,159.12
1783575594,1933,98579.0,25.8,159.15,98579.35,159.12
1783575594,1934,98579.0,25.8,159.15,98579.29,159.13
1783575594,1935,98581.0,25.8,158.98,98579.61,159.1
1783575594,1936,98581.0,25.8,158.98,98579.88,159.08
1783575595,1937,98580.0,25.81,159.07,98579.04,159.15
1783575595,1938,98580.0,25.81,159.07,98579.22,159.14
1783575595,1939,98581.0,25.81,158.98,98579.55,159.11
1783575595,1940,98580.0,25.81,159.07,98579.64,159.1
1783575595,1941,98581.0,25.81,158.98,98579.9,159.08
1783575595,1942,98578.0,25.81,159.24,98579.54,159.1
1783575595,1943,98580.0,25.81,159.06,98579.63,159.09
1783575595,1944,98580.0,25.81,159.06,98579.7,159.09
1783575596,1945,98579.0,25.81,159.15,98579.28,159.12
1783575596,1946,98576.0,25.8,159.41,98578.66,159.18
1783575596,1947,98578.0,25.81,159.24,98578.54,159.19
1783575596,1948,98579.0,25.81,159.15,98578.63,159.18
1783575596,1949,98580.0,25.81,159.06,98578.88,159.16
1783575596,1950,98578.0,25.81,159.24,98578.72,159.17
1783575596,1951,98577.0,25.81,159.33,98578.4,159.2
1783575596,1952,98577.0,25.81,159.33,98578.13,159.23
1783575597,1953,98581.0,25.81,158.97,98579.4,159.11
1783575597,1954,98580.0,25.81,159.06,98579.52,159.1
1783575597,1955,98581.0,25.81,158.97,98579.8,159.08
1783575597,1956,98580.0,25.81,159.06,98579.84,159.08
1783575597,1957,98579.0,25.8,159.15,98579.68,159.09
1783575597,1958,98579.0,25.8,159.15,98579.55,159.1
1783575597,1959,98578.0,25.8,159.24,98579.27,159.13
1783575597,1960,98576.0,25.8,159.41,98578.65,159.18
1783575598,1961,98578.0,25.8,159.24,98579.2,159.13
1783575598,1962,98582.0,25.81,158.89,98579.73,159.09
1783575598,1963,98579.0,25.81,159.15,98579.59,159.1
1783575598,1964,98579.0,25.81,159.15,98579.48,159.11
1783575598,1965,98581.0,25.81,158.98,98579.77,159.09
1783575598,1966,98579.0,25.81,159.15,98579.63,159.1
1783575598,1967,98579.0,25.81,159.15,98579.51,159.11
1783575599,1968,98578.0,25.81,159.24,98579.23,159.13
1783575599,1969,98578.0,25.8,159.24,98579.06,159.15
1783575599,1970,98578.0,25.81,159.24,98578.86,159.17
1783575599,1971,98581.0,25.81,158.98,98579.27,159.13
1783575599,1972,98581.0,25.81,158.98,98579.59,159.1
1783575599,1973,98580.0,25.81,159.07,98579.67,159.1
1783575599,1974,98581.0,25.81,158.98,98579.92,159.07
1783575599,1975,98579.0,25.81,159.15,98579.75,159.09
1783575600,1976,98580.0,25.81,159.07,98579.8,159.08
1783575600,1977,98579.0,25.81,159.15,98580.23,159.05
1783575600,1978,98577.0,25.81,159.33,98579.62,159.1
1783575600,1979,98579.0,25.81,159.16,98579.5,159.12
1783575600,1980,98579.0,25.81,159.16,98579.41,159.12
1783575600,1981,98578.0,25.81,159.25,98579.14,159.15
1783575600,1982,98579.0,25.81,159.16,98579.12,159.15
1783575601,1983,98580.0,25.81,159.07,98579.28,159.14
1783575601,1984,98578.0,25.81,159.25,98579.04,159.16
1783575601,1985,98579.0,25.81,159.16,98579.46,159.12
1783575601,1986,98580.0,25.81,159.07,98579.56,159.11
1783575601,1987,98581.0,25.81,158.98,98579.84,159.09
1783575601,1988,98580.0,25.82,159.07,98579.87,159.08
1783575601,1989,98579.0,25.82,159.16,98579.7,159.1
1783575602,1990,98580.0,25.82,159.07,98579.76,159.09
1783575602,1991,98578.0,25.81,159.25,98579.43,159.12
1783575602,1992,98578.0,25.82,159.25,98579.16,159.15
1783575602,1993,98578.0,25.81,159.24,98579.23,159.13
1783575602,1994,98577.0,25.81,159.33,98578.81,159.17
1783575602,1995,98578.0,25.81,159.24,98578.66,159.19
1783575602,1996,98579.0,25.82,159.15,98578.72,159.18
1783575602,1997,98579.0,25.82,159.15,98578.77,159.17
1783575603,1998,98579.0,25.82,159.15,98578.81,159.17
1783575603,1999,98578.0,25.82,159.24,98578.66,159.19
1783575603,2000,98580.0,25.82,159.07,98578.91,159.16
1783575603,2001,98575.0,25.82,159.51,98578.18,159.23
1783575603,2002,98576.0,25.82,159.42,98577.77,159.26
1783575603,2003,98579.0,25.81,159.15,98578.0,159.24
1783575603,2004,98578.0,25.81,159.24,98578.0,159.24
1783575604,2005,98579.0,25.8,159.15,98578.19,159.23
1783575604,2006,98578.0,25.8,159.24,98578.15,159.23
1783575604,2007,98580.0,25.8,159.07,98578.5,159.2
1783575604,2008,98581.0,25.8,158.98,98578.97,159.16
1783575604,2009,98581.0,25.8,158.98,98579.62,159.1
1783575604,2010,98578.0,25.8,159.24,98579.31,159.13
1783575604,2011,98579.0,25.8,159.15,98579.25,159.13
1783575604,2012,98579.0,25.81,159.15,98579.2,159.14
1783575605,2013,98580.0,25.8,159.07,98579.35,159.12
1783575605,2014,98578.0,25.8,159.24,98579.09,159.15
1783575605,2015,98578.0,25.8,159.24,98578.89,159.16
1783575605,2016,98578.0,25.8,159.24,98578.73,159.18
1783575605,2017,98580.0,25.79,159.07,98579.02,159.15
1783575605,2018,98578.0,25.79,159.24,98578.83,159.17
1783575605,2019,98581.0,25.79,158.98,98579.23,159.13
1783575606,2020,98579.0,25.78,159.15,98579.19,159.13
1783575606,2021,98578.0,25.78,159.24,98578.96,159.15
1783575606,2022,98579.0,25.79,159.15,98578.97,159.15
1783575606,2023,98579.0,25.78,159.15,98578.98,159.15
1783575606,2024,98575.0,25.78,159.5,98578.23,159.22
1783575606,2025,98578.0,25.79,159.24,98578.76,159.17
1783575606,2026,98580.0,25.79,159.06,98578.99,159.15
1783575607,2027,98577.0,25.79,159.33,98578.62,159.18
1783575607,2028,98579.0,25.78,159.15,98578.69,159.18
1783575607,2029,98578.0,25.78,159.24,98578.55,159.19
1783575607,2030,98578.0,25.78,159.24,98578.45,159.2
1783575607,2031,98578.0,25.77,159.24,98578.37,159.21
1783575607,2032,98577.0,25.77,159.33,98578.11,159.23
1783575607,2033,98577.0,25.77,159.33,98578.03,159.23
1783575607,2034,98579.0,25.78,159.15,98578.21,159.22
1783575608,2035,98580.0,25.78,159.06,98578.55,159.19
1783575608,2036,98580.0,25.78,159.06,98578.82,159.17
1783575608,2037,98578.0,25.78,159.24,98578.66,159.18
1783575608,2038,98580.0,25.78,159.06,98578.91,159.16
1783575608,2039,98578.0,25.78,159.24,98578.74,159.17
1783575608,2040,98579.0,25.78,159.15,98578.79,159.17
1783575608,2041,98578.0,25.79,159.23,98578.39,159.2
1783575609,2042,98580.0,25.78,159.06,98578.7,159.17
1783575609,2043,98580.0,25.78,159.06,98578.94,159.15
1783575609,2044,98578.0,25.78,159.23,98578.76,159.17
1783575609,2045,98578.0,25.78,159.23,98578.62,159.18
1783575609,2046,98577.0,25.78,159.32,98578.31,159.2
1783575609,2047,98581.0,25.78,158.97,98578.82,159.16
1783575609,2048,98579.0,25.78,159.14,98578.85,159.16
1783575610,2049,98579.0,25.78,159.15,98578.84,159.16
1783575610,2050,98581.0,25.78,158.97,98579.24,159.13
1783575610,2051,98579.0,25.78,159.15,98579.2,159.13
1783575610,2052,98580.0,25.78,159.06,98579.34,159.12
1783575610,2053,98581.0,25.78,158.97,98579.66,159.09
1783575610,2054,98580.0,25.78,159.06,98579.72,159.09
1783575610,2055,98580.0,25.78,159.06,98579.77,159.08
1783575610,2056,98580.0,25.78,159.06,98579.81,159.08
1783575611,2057,98580.0,25.78,159.06,98579.04,159.15
1783575611,2058,98578.0,25.77,159.24,98578.84,159.16
1783575611,2059,98578.0,25.77,159.24,98578.69,159.18
1783575611,2060,98579.0,25.78,159.15,98578.75,159.17
1783575611,2061,98577.0,25.78,159.33,98578.42,159.2
1783575611,2062,98579.0,25.78,159.15,98578.53,159.19
1783575611,2063,98580.0,25.78,159.06,98578.8,159.17
1783575611,2064,98580.0,25.78,159.06,98579.03,159.15
1783575612,2065,98578.0,25.78,159.24,98578.92,159.16
1783575612,2066,98578.0,25.78,159.24,98578.75,159.18
1783575612,2067,98578.0,25.78,159.24,98578.61,159.19
1783575612,2068,98579.0,25.78,159.15,98578.68,159.18
1783575612,2069,98579.0,25.78,159.15,98578.74,159.18
1783575612,2070,98576.0,25.78,159.42,98578.23,159.22
1783575612,2071,98577.0,25.78,159.33,98577.99,159.24
1783575612,2072,98579.0,25.78,159.15,98578.18,159.23
1783575613,2073,98580.0,25.78,159.07,98578.93,159.16
1783575613,2074,98581.0,25.79,158.98,98579.32,159.13
1783575613,2075,98578.0,25.79,159.24,98579.07,159.15
1783575613,2076,98579.0,25.79,159.15,98579.05,159.15
1783575613,2077,98579.0,25.79,159.15,98579.05,159.15
1783575613,2078,98579.0,25.79,159.15,98579.04,159.15
1783575613,2079,98578.0,25.78,159.24,98578.84,159.17
1783575613,2080,98576.0,25.77,159.42,98578.3,159.22
1783575614,2081,98580.0,25.78,159.07,98578.77,159.18
1783575614,2082,98580.0,25.78,159.07,98579.0,159.15
1783575614,2083,98580.0,25.78,159.07,98579.19,159.14
1783575614,2084,98579.0,25.78,159.15,98579.15,159.14
1783575614,2085,98578.0,25.78,159.24,98578.93,159.16
1783575614,2086,98578.0,25.78,159.24,98578.76,159.18
1783575614,2087,98577.0,25.78,159.33,98578.43,159.21
1783575615,2088,98579.0,25.78,159.15,98578.54,159.2
1783575615,2089,98579.0,25.78,159.15,98578.92,159.16
1783575615,2090,98579.0,25.78,159.15,98578.94,159.16
1783575615,2091,98579.0,25.78,159.15,98578.95,159.16
1783575615,2092,98579.0,25.78,159.15,98578.96,159.16
1783575615,2093,98579.0,25.79,159.15,98578.97,159.16
1783575615,2094,98580.0,25.79,159.07,98579.16,159.14
1783575615,2095,98579.0,25.79,159.15,98579.13,159.14
1783575616,2096,98580.0,25.79,159.07,98579.3,159.13
1783575616,2097,98577.0,25.78,159.33,98578.83,159.16
1783575616,2098,98579.0,25.78,159.15,98578.86,159.16
1783575616,2099,98581.0,25.78,158.97,98579.27,159.13
1783575616,2100,98580.0,25.78,159.06,98579.41,159.11
1783575616,2101,98580.0,25.78,159.06,98579.52,159.1
1783575616,2102,98580.0,25.78,159.06,98579.61,159.1
1783575617,2103,98578.0,25.78,159.24,98579.3,159.12
1783575617,2104,98580.0,25.78,159.06,98579.44,159.11
1783575617,2105,98580.0,25.79,159.06,98579.66,159.09
1783575617,2106,98577.0,25.79,159.33,98579.16,159.13
1783575617,2107,98579.0,25.79,159.15,98579.13,159.14
1783575617,2108,98580.0,25.79,159.06,98579.3,159.12
1783575617,2109,98581.0,25.79,158.97,98579.62,159.09
1783575618,2110,98578.0,25.79,159.23,98579.31,159.12
1783575618,2111,98578.0,25.78,159.23,98579.06,159.14
1783575618,2112,98574.0,25.78,159.59,98578.11,159.22
1783575618,2113,98581.0,25.79,158.97,98579.24,159.12
1783575618,2114,98580.0,25.79,159.06,98579.38,159.11
1783575618,2115,98582.0,25.79,158.88,98579.88,159.07
1783575618,2116,98580.0,25.8,159.06,98579.9,159.06
1783575618,2117,98581.0,25.8,158.97,98580.11,159.05
1783575619,2118,98577.0,25.79,159.32,98579.52,159.1
1783575619,2119,98578.0,25.8,159.23,98579.23,159.12
1783575619,2120,98578.0,25.8,159.23,98579.0,159.14
1783575619,2121,98579.0,25.79,159.14,98579.05,159.14
1783575619,2122,98577.0,25.78,159.32,98578.66,159.17
1783575619,2123,98577.0,25.79,159.32,98578.35,159.2
1783575619,2124,98579.0,25.79,159.14,98578.48,159.19
1783575620,2125,98580.0,25.79,159.06,98578.77,159.16
1783575620,2126,98579.0,25.79,159.14,98578.81,159.16
1783575620,2127,98578.0,25.79,159.23,98578.66,159.17
1783575620,2128,98580.0,25.8,159.06,98578.91,159.15
1783575620,2129,98578.0,25.8,159.23,98578.59,159.18
1783575620,2130,98579.0,25.8,159.14,98578.66,159.17
1783575620,2131,98579.0,25.8,159.14,98578.73,159.17
1783575621,2132,98580.0,25.8,159.06,98578.97,159.15
1783575621,2133,98578.0,25.81,159.23,98578.79,159.16
1783575621,2134,98578.0,25.81,159.23,98578.64,159.18
1783575621,2135,98579.0,25.81,159.14,98578.71,159.17
1783575621,2136,98577.0,25.81,159.32,98578.39,159.2
1783575621,2137,98578.0,25.81,159.24,98578.85,159.16
1783575621,2138,98580.0,25.81,159.06,98579.07,159.14
1783575621,2139,98580.0,25.81,159.06,98579.24,159.13
1783575622,2140,98577.0,25.81,159.33,98578.82,159.17
1783575622,2141,98578.0,25.81,159.24,98578.66,159.18
1783575622,2142,98579.0,25.81,159.15,98578.73,159.17
1783575622,2143,98580.0,25.81,159.06,98578.97,159.15
1783575622,2144,98581.0,25.81,158.97,98579.35,159.12
1783575622,2145,98579.0,25.81,159.15,98579.3,159.12
1783575622,2146,98581.0,25.81,158.97,98579.62,159.09
1783575623,2147,98579.0,25.81,159.15,98579.5,159.11
1783575623,2148,98578.0,25.82,159.24,98579.22,159.13
1783575623,2149,98579.0,25.82,159.15,98579.18,159.13
1783575623,2150,98581.0,25.82,158.97,98579.52,159.1
1783575623,2151,98578.0,25.82,159.24,98579.23,159.13
1783575623,2152,98581.0,25.82,158.98,98579.57,159.1
1783575623,2153,98578.0,25.81,159.24,98579.04,159.15
1783575624,2154,98579.0,25.81,159.15,98579.03,159.15
1783575624,2155,98579.0,25.81,159.15,98579.02,159.15
1783575624,2156,98578.0,25.81,159.24,98578.83,159.17
1783575624,2157,98579.0,25.81,159.15,98578.86,159.17
1783575624,2158,98577.0,25.81,159.33,98578.51,159.2
1783575624,2159,98579.0,25.81,159.15,98578.6,159.19
1783575624,2160,98580.0,25.81,159.07,98578.87,159.17
1783575624,2161,98580.0,25.82,159.07,98579.28,159.14
1783575625,2162,98577.0,25.82,159.34,98578.85,159.17
1783575625,2163,98580.0,25.82,159.07,98579.07,159.15
1783575625,2164,98578.0,25.82,159.25,98578.87,159.17
1783575625,2165,98575.0,25.82,159.51,98578.14,159.24
1783575625,2166,98579.0,25.82,159.16,98578.3,159.22
1783575625,2167,98580.0,25.82,159.07,98578.63,159.19
1783575625,2168,98578.0,25.82,159.25,98578.51,159.2
1783575626,2169,98575.0,25.83,159.51,98578.38,159.21
1783575626,2170,98581.0,25.83,158.98,98578.88,159.17
1783575626,2171,98579.0,25.83,159.16,98578.9,159.17
1783575626,2172,98580.0,25.82,159.07,98579.11,159.15
1783575626,2173,98578.0,25.82,159.25,98578.9,159.17
1783575626,2174,98577.0,25.82,159.34,98578.54,159.2
1783575626,2175,98581.0,25.82,158.98,98579.0,159.16
1783575626,2176,98579.0,25.81,159.16,98579.0,159.16
1783575627,2177,98579.0,25.81,159.16,98578.19,159.23
1783575627,2178,98580.0,25.81,159.07,98578.53,159.2
1783575627,2179,98574.0,25.81,159.6,98577.68,159.28
1783575627,2180,98579.0,25.82,159.16,98577.93,159.25
1783575627,2181,98580.0,25.82,159.07,98578.32,159.22
1783575627,2182,98577.0,25.82,159.34,98578.07,159.24
1783575627,2183,98580.0,25.82,159.07,98578.44,159.21
1783575627,2184,98577.0,25.82,159.34,98578.16,159.23
1783575628,2185,98577.0,25.81,159.34,98577.91,159.26
1783575628,2186,98579.0,25.81,159.15,98578.12,159.23
1783575628,2187,98579.0,25.81,159.15,98578.28,159.22
1783575628,2188,98577.0,25.81,159.33,98578.04,159.24
1783575628,2189,98579.0,25.81,159.15,98578.22,159.22
1783575628,2190,98578.0,25.81,159.24,98578.18,159.23
1783575628,2191,98578.0,25.81,159.24,98578.15,159.23
1783575628,2192,98578.0,25.81,159.24,98578.12,159.23
1783575629,2193,98578.0,25.82,159.24,98578.39,159.21
1783575629,2194,98579.0,25.82,159.15,98578.51,159.2
1783575629,2195,98578.0,25.82,159.24,98578.41,159.21
1783575629,2196,98576.0,25.82,159.42,98577.96,159.25
1783575629,2197,98579.0,25.82,159.15,98578.16,159.23
1783575629,2198,98581.0,25.82,158.98,98578.7,159.18
1783575629,2199,98576.0,25.82,159.42,98578.19,159.23
1783575629,2200,98580.0,25.82,159.07,98578.53,159.2
1783575630,2201,98580.0,25.81,159.07,98578.95,159.16
1783575630,2202,98577.0,25.8,159.33,98578.59,159.19
1783575630,2203,98574.0,25.81,159.6,98577.72,159.27
1783575630,2204,98578.0,25.81,159.24,98577.77,159.26
1783575630,2205,98579.0,25.81,159.15,98578.01,159.24
1783575630,2206,98577.0,25.81,159.33,98577.82,159.26
1783575630,2207,98579.0,25.81,159.15,98578.04,159.24
1783575631,2208,98579.0,25.82,159.15,98578.22,159.22
1783575631,2209,98582.0,25.82,158.89,98579.45,159.11
1783575631,2210,98579.0,25.82,159.15,98579.37,159.12
1783575631,2211,98580.0,25.83,159.07,98579.48,159.11
1783575631,2212,98578.0,25.83,159.24,98579.2,159.14
1783575631,2213,98579.0,25.83,159.15,98579.16,159.14
1783575631,2214,98577.0,25.83,159.33,98578.76,159.18
1783575632,2215,98577.0,25.82,159.33,98578.43,159.21
1783575632,2216,98576.0,25.82,159.42,98577.97,159.25
1783575632,2217,98579.0,25.82,159.15,98578.68,159.18
1783575632,2218,98579.0,25.82,159.15,98578.74,159.18
1783575632,2219,98580.0,25.82,159.07,98578.98,159.16
1783575632,2220,98578.0,25.82,159.24,98578.79,159.17
1783575632,2221,98579.0,25.83,159.15,98578.83,159.17
1783575632,2222,98579.0,25.83,159.15,98578.86,159.17
1783575633,2223,98578.0,25.83,159.24,98578.7,159.18
1783575633,2224,98578.0,25.83,159.24,98578.56,159.19
1783575633,2225,98577.0,25.83,159.33,98578.29,159.22
1783575633,2226,98581.0,25.83,158.98,98578.8,159.17
1783575633,2227,98579.0,25.84,159.15,98578.84,159.17
1783575633,2228,98579.0,25.84,159.15,98578.87,159.17
1783575633,2229,98582.0,25.83,158.89,98579.46,159.11
1783575634,2230,98579.0,25.83,159.15,98579.38,159.12
1783575634,2231,98578.0,25.83,159.24,98579.12,159.14
1783575634,2232,98578.0,25.83,159.24,98578.91,159.16
1783575634,2233,98579.0,25.83,159.15,98579.01,159.15
1783575634,2234,98577.0,25.83,159.33,98578.63,159.18
1783575634,2235,98578.0,25.83,159.24,98578.52,159.19
1783575634,2236,98576.0,25.84,159.41,98578.04,159.23
1783575635,2237,98578.0,25.84,159.24,98578.03,159.23
1783575635,2238,98579.0,25.84,159.15,98578.21,159.22
1783575635,2239,98579.0,25.84,159.15,98578.36,159.21
1783575635,2240,98580.0,25.84,159.06,98578.67,159.18
1783575635,2241,98580.0,25.85,159.06,98579.07,159.14
1783575635,2242,98578.0,25.84,159.23,98578.87,159.16
1783575635,2243,98579.0,25.84,159.14,98578.89,159.15
1783575635,2244,98578.0,25.84,159.23,98578.73,159.17
1783575636,2245,98579.0,25.84,159.14,98578.78,159.16
1783575636,2246,98578.0,25.84,159.23,98578.63,159.18
1783575636,2247,98578.0,25.84,159.23,98578.52,159.19
1783575636,2248,98578.0,25.84,159.23,98578.42,159.2
1783575636,2249,98578.0,25.84,159.23,98578.34,159.2
1783575636,2250,98577.0,25.84,159.32,98578.09,159.22
1783575636,2251,98580.0,25.84,159.06,98578.45,159.19
1783575637,2252,98579.0,25.84,159.14,98578.55,159.18
1783575637,2253,98577.0,25.84,159.32,98578.26,159.2
1783575637,2254,98577.0,25.84,159.32,98578.02,159.22
1783575637,2255,98579.0,25.84,159.14,98578.21,159.21
1783575637,2256,98579.0,25.85,159.14,98578.36,159.2
1783575637,2257,98581.0,25.84,158.96,98578.59,159.17
1783575637,2258,98579.0,25.84,159.13,98578.67,159.16
1783575637,2259,98578.0,25.83,159.22,98578.55,159.17
1783575638,2260,98577.0,25.83,159.31,98578.26,159.2
1783575638,2261,98575.0,25.83,159.49,98577.64,159.25
1783575638,2262,98579.0,25.83,159.13,98577.9,159.23
1783575638,2263,98577.0,25.83,159.31,98577.73,159.25
1783575638,2264,98579.0,25.83,159.13,98577.97,159.22
1783575638,2265,98578.0,25.84,159.22,98578.39,159.19
1783575638,2266,98579.0,25.84,159.13,98578.51,159.18
1783575639,2267,98581.0,25.84,158.96,98578.98,159.14
1783575639,2268,98576.0,25.83,159.4,98578.41,159.18
1783575639,2269,98577.0,25.83,159.31,98578.15,159.21
1783575639,2270,98579.0,25.83,159.13,98578.31,159.19
1783575639,2271,98579.0,25.84,159.13,98578.45,159.18
1783575639,2272,98578.0,25.83,159.22,98578.36,159.19
1783575639,2273,98578.0,25.84,159.22,98578.48,159.18
1783575640,2274,98578.0,25.84,159.22,98578.39,159.19
1783575640,2275,98579.0,25.84,159.13,98578.51,159.18
1783575640,2276,98579.0,25.84,159.13,98578.6,159.17
1783575640,2277,98579.0,25.84,159.13,98578.68,159.16
1783575640,2278,98577.0,25.84,159.31,98578.37,159.19
1783575640,2279,98579.0,25.84,159.13,98578.48,159.18
1783575640,2280,98577.0,25.84,159.31,98578.2,159.2
1783575640,2281,98576.0,25.82,159.4,98577.68,159.25
1783575641,2282,98577.0,25.83,159.31,98577.55,159.26
1783575641,2283,98578.0,25.83,159.22,98577.64,159.25
1783575641,2284,98578.0,25.82,159.22,98577.71,159.25
1783575641,2285,98579.0,25.82,159.13,98577.95,159.23
1783575641,2286,98579.0,25.83,159.13,98578.15,159.21
1783575641,2287,98581.0,25.83,158.96,98578.69,159.16
1783575641,2288,98578.0,25.83,159.22,98578.55,159.17
1783575642,2289,98579.0,25.81,159.13,98578.53,159.17
1783575642,2290,98577.0,25.81,159.3,98578.24,159.19
1783575642,2291,98576.0,25.81,159.39,98577.82,159.23
1783575642,2292,98579.0,25.81,159.13,98578.04,159.21
1783575642,2293,98577.0,25.81,159.3,98577.84,159.23
1783575642,2294,98579.0,25.8,159.13,98578.06,159.21
1783575642,2295,98577.0,25.81,159.3,98577.86,159.23
1783575642,2296,98579.0,25.81,159.13,98578.08,159.21
1783575643,2297,98578.0,25.81,159.22,98577.81,159.23
1783575643,2298,98580.0,25.81,159.04,98578.23,159.2
1783575643,2299,98580.0,25.82,159.04,98578.56,159.17
1783575643,2300,98579.0,25.82,159.12,98578.65,159.15
1783575643,2301,98580.0,25.82,159.03,98578.91,159.13
1783575643,2302,98578.0,25.81,159.21,98578.73,159.15
1783575643,2303,98576.0,25.82,159.39,98578.22,159.19
1783575643,2304,98581.0,25.82,158.95,98578.74,159.15
1783575644,2305,98578.0,25.83,159.21,98579.05,159.12
1783575644,2306,98582.0,25.83,158.86,98579.6,159.07
1783575644,2307,98579.0,25.83,159.12,98579.48,159.08
1783575644,2308,98578.0,25.83,159.21,98579.2,159.1
1783575644,2309,98578.0,25.83,159.21,98578.98,159.12
1783575644,2310,98580.0,25.83,159.03,98579.17,159.11
1783575644,2311,98581.0,25.83,158.94,98579.52,159.07
1783575644,2312,98579.0,25.84,159.12,98579.42,159.08
1783575645,2313,98579.0,25.83,159.12,98579.82,159.04
1783575645,2314,98579.0,25.83,159.12,98579.66,159.06
1783575645,2315,98579.0,25.84,159.12,98579.54,159.07
1783575645,2316,98580.0,25.84,159.03,98579.63,159.06
1783575645,2317,98581.0,25.83,158.94,98579.88,159.04
1783575645,2318,98579.0,25.83,159.12,98579.72,159.05
1783575645,2319,98578.0,25.83,159.21,98579.4,159.08
1783575646,2320,98578.0,25.83,159.2,98579.13,159.1
1783575646,2321,98575.0,25.83,159.47,98578.23,159.18
1783575646,2322,98580.0,25.83,159.02,98578.57,159.15
1783575646,2323,98579.0,25.84,159.11,98578.65,159.14
1783575646,2324,98578.0,25.83,159.2,98578.52,159.15
1783575646,2325,98577.0,25.84,159.29,98578.23,159.18
1783575646,2326,98580.0,25.84,159.02,98578.57,159.15
1783575646,2327,98580.0,25.84,159.02,98578.84,159.13
1783575647,2328,98580.0,25.84,159.02,98579.05,159.11
1783575647,2329,98578.0,25.85,159.19,98578.55,159.15
1783575647,2330,98580.0,25.85,159.02,98578.83,159.12
1783575647,2331,98580.0,25.85,159.02,98579.05,159.1
1783575647,2332,98578.0,25.85,159.19,98578.85,159.12
1783575647,2333,98580.0,25.85,159.02,98579.07,159.1
1783575647,2334,98577.0,25.85,159.28,98578.68,159.13
1783575648,2335,98577.0,25.85,159.28,98578.37,159.16
1783575648,2336,98578.0,25.85,159.19,98578.3,159.16
1783575648,2337,98577.0,25.85,159.28,98577.72,159.21
1783575648,2338,98579.0,25.85,159.1,98577.96,159.19
1783575648,2339,98578.0,25.85,159.19,98577.97,159.19
1783575648,2340,98581.0,25.85,158.92,98578.54,159.14
1783575648,2341,98579.0,25.85,159.1,98578.63,159.13
1783575649,2342,98580.0,25.85,159.01,98578.88,159.11
1783575649,2343,98579.0,25.85,159.1,98578.91,159.11
1783575649,2344,98579.0,25.85,159.1,98578.92,159.11
1783575649,2345,98579.0,25.86,159.1,98579.34,159.07
1783575649,2346,98577.0,25.86,159.27,98578.9,159.1
1783575649,2347,98579.0,25.86,159.1,98578.91,159.1
1783575649,2348,98577.0,25.86,159.27,98578.55,159.14
1783575649,2349,98578.0,25.86,159.18,98578.45,159.14
1783575650,2350,98579.0,25.86,159.1,98578.55,159.14
1783575650,2351,98579.0,25.86,159.1,98578.64,159.13
1783575650,2352,98579.0,25.86,159.1,98578.71,159.12
1783575650,2353,98578.0,25.87,159.18,98578.19,159.17
1783575650,2354,98575.0,25.87,159.45,98577.59,159.22
1783575650,2355,98580.0,25.88,159.01,98578.04,159.18
1783575650,2356,98580.0,25.87,159.01,98578.41,159.15
1783575651,2357,98580.0,25.88,159.01,98578.7,159.12
1783575651,2358,98579.0,25.88,159.1,98578.76,159.12
1783575651,2359,98580.0,25.88,159.01,98578.99,159.1
1783575651,2360,98581.0,25.87,158.92,98579.37,159.06
1783575651,2361,98577.0,25.86,159.27,98578.76,159.12
1783575651,2362,98577.0,25.86,159.27,98578.43,159.15
1783575651,2363,98579.0,25.86,159.1,98578.54,159.14
1783575651,2364,98579.0,25.86,159.1,98578.63,159.13
1783575652,2365,98580.0,25.86,159.01,98578.88,159.11
1783575652,2366,98579.0,25.86,159.1,98578.91,159.1
1783575652,2367,98579.0,25.86,159.1,98578.92,159.1
1783575652,2368,98575.0,25.86,159.45,98578.18,159.17
1783575652,2369,98580.0,25.86,159.01,98578.71,159.12
1783575652,2370,98577.0,25.86,159.27,98578.39,159.15
1783575652,2371,98578.0,25.86,159.18,98578.32,159.16
1783575653,2372,98578.0,25.86,159.18,98578.26,159.16
1783575653,2373,98577.0,25.86,159.27,98578.02,159.18
1783575653,2374,98578.0,25.85,159.18,98578.02,159.18
1783575653,2375,98579.0,25.85,159.1,98578.2,159.17
1783575653,2376,98577.0,25.85,159.27,98577.98,159.19
1783575653,2377,98578.0,25.86,159.18,98578.16,159.17
1783575653,2378,98576.0,25.85,159.36,98577.76,159.21
1783575654,2379,98580.0,25.86,159.01,98578.18,159.17
1783575654,2380,98580.0,25.86,159.01,98578.52,159.14
1783575654,2381,98578.0,25.86,159.18,98578.42,159.15
1783575654,2382,98578.0,25.86,159.18,98578.34,159.15
1783575654,2383,98581.0,25.86,158.92,98578.84,159.11
1783575654,2384,98578.0,25.86,159.18,98578.69,159.12
1783575654,2385,98579.0,25.86,159.1,98578.64,159.13
1783575654,2386,98580.0,25.86,159.01,98578.9,159.1
1783575655,2387,98577.0,25.86,159.28,98578.54,159.14
1783575655,2388,98580.0,25.85,159.01,98578.81,159.12
1783575655,2389,98579.0,25.85,159.1,98578.85,159.11
1783575655,2390,98578.0,25.85,159.19,98578.69,159.13
1783575655,2391,98578.0,25.86,159.19,98578.55,159.14
1783575655,2392,98578.0,25.86,159.19,98578.45,159.15
1783575655,2393,98579.0,25.86,159.1,98578.14,159.18
1783575656,2394,98578.0,25.86,159.19,98578.12,159.18
1783575656,2395,98578.0,25.86,159.19,98578.09,159.18
1783575656,2396,98578.0,25.86,159.19,98578.08,159.18
1783575656,2397,98580.0,25.86,159.02,98578.44,159.16
1783575656,2398,98579.0,25.86,159.11,98578.55,159.15
1783575656,2399,98578.0,25.86,159.19,98578.45,159.16
1783575656,2400,98581.0,25.86,158.93,98578.93,159.11
1783575657,2401,98580.0,25.84,159.02,98579.41,159.07
1783575657,2402,98579.0,25.84,159.11,98579.34,159.08
1783575657,2403,98579.0,25.84,159.11,98579.27,159.08
1783575657,2404,98575.0,25.84,159.46,98578.47,159.15
1783575657,2405,98578.0,25.84,159.19,98578.38,159.16
1783575657,2406,98579.0,25.84,159.11,98578.5,159.15
1783575657,2407,98579.0,25.84,159.11,98578.59,159.14
1783575657,2408,98578.0,25.84,159.19,98578.48,159.15
1783575658,2409,98579.0,25.84,159.11,98579.03,159.1
1783575658,2410,98578.0,25.84,159.19,98578.84,159.12
1783575658,2411,98580.0,25.84,159.02,98579.05,159.1
1783575658,2412,98580.0,25.84,159.02,98579.23,159.09
1783575658,2413,98579.0,25.84,159.11,98579.19,159.09
1783575658,2414,98576.0,25.84,159.37,98578.59,159.14
1783575658,2415,98580.0,25.84,159.02,98578.85,159.12
1783575658,2416,98580.0,25.84,159.02,98579.07,159.1
1783575659,2417,98581.0,25.84,158.93,98579.03,159.1
1783575659,2418,98579.0,25.84,159.11,98579.02,159.1
1783575659,2419,98578.0,25.85,159.19,98578.83,159.12
1783575659,2420,98579.0,25.85,159.11,98578.86,159.12
1783575659,2421,98577.0,25.85,159.28,98578.51,159.15
1783575659,2422,98578.0,25.85,159.19,98578.41,159.16
1783575659,2423,98581.0,25.85,158.93,98578.9,159.12
1783575659,2424,98580.0,25.85,159.02,98579.11,159.1
1783575660,2425,98578.0,25.85,159.19,98579.06,159.1
1783575660,2426,98579.0,25.85,159.11,98579.05,159.1
1783575660,2427,98580.0,25.84,159.02,98579.23,159.09
1783575660,2428,98580.0,25.84,159.02,98579.38,159.07
1783575660,2429,98576.0,25.84,159.37,98578.74,159.13
1783575660,2430,98577.0,25.84,159.28,98578.41,159.16
1783575660,2431,98580.0,25.84,159.02,98578.71,159.13
1783575660,2432,98576.0,25.84,159.37,98578.2,159.18
1783575661,2433,98580.0,25.85,159.01,98578.61,159.14
1783575661,2434,98578.0,25.84,159.19,98578.49,159.15
1783575661,2435,98579.0,25.84,159.1,98578.59,159.14
1783575661,2436,98576.0,25.84,159.37,98578.1,159.18
1783575661,2437,98581.0,25.84,158.92,98578.65,159.13
1783575661,2438,98581.0,25.84,158.92,98579.09,159.09
1783575661,2439,98580.0,25.84,159.01,98579.27,159.08
1783575662,2440,98578.0,25.84,159.19,98579.02,159.1
1783575662,2441,98578.0,25.83,159.19,98578.63,159.13
1783575662,2442,98580.0,25.83,159.01,98578.88,159.11
1783575662,2443,98578.0,25.83,159.19,98578.72,159.13
1783575662,2444,98579.0,25.83,159.1,98578.77,159.12
1783575662,2445,98577.0,25.83,159.27,98578.44,159.15
1783575662,2446,98576.0,25.83,159.36,98577.98,159.19
1783575662,2447,98577.0,25.84,159.27,98577.79,159.2
1783575663,2448,98579.0,25.84,159.1,98578.02,159.18
1783575663,2449,98579.0,25.84,159.1,98578.42,159.15
1783575663,2450,98579.0,25.84,159.1,98578.53,159.14
1783575663,2451,98578.0,25.84,159.18,98578.43,159.15
1783575663,2452,98579.0,25.84,159.09,98578.54,159.13
1783575663,2453,98579.0,25.83,159.09,98578.63,159.12
1783575663,2454,98578.0,25.83,159.18,98578.51,159.13
1783575664,2455,98579.0,25.83,159.09,98578.6,159.13
1783575664,2456,98579.0,25.83,159.09,98578.68,159.12
1783575664,2457,98577.0,25.83,159.27,98578.06,159.17
1783575664,2458,98579.0,25.83,159.09,98578.24,159.16
1783575664,2459,98577.0,25.82,159.27,98578.01,159.18
1783575664,2460,98577.0,25.83,159.27,98577.82,159.19
1783575664,2461,98580.0,25.83,159.0,98578.23,159.16
1783575665,2462,98578.0,25.83,159.18,98578.19,159.16
1783575665,2463,98579.0,25.83,159.09,98578.34,159.15
1783575665,2464,98579.0,25.84,159.09,98578.47,159.14
1783575665,2465,98577.0,25.83,159.26,98578.39,159.14
1783575665,2466,98579.0,25.83,159.09,98578.51,159.13
1783575665,2467,98579.0,25.83,159.09,98578.6,159.12
1783575665,2468,98578.0,25.83,159.17,98578.48,159.13
1783575665,2469,98575.0,25.84,159.44,98577.83,159.19
1783575666,2470,98579.0,25.84,159.09,98578.05,159.17
1783575666,2471,98578.0,25.84,159.17,98578.04,159.17
1783575666,2472,98579.0,25.84,159.09,98578.22,159.15
1783575666,2473,98579.0,25.84,159.09,98578.52,159.13
1783575666,2474,98577.0,25.83,159.26,98578.23,159.15
1783575666,2475,98576.0,25.84,159.36,98577.8,159.2
1783575666,2476,98581.0,25.84,158.91,98578.41,159.14
1783575667,2477,98578.0,25.84,159.18,98578.33,159.15
1783575667,2478,98579.0,25.84,159.09,98578.45,159.14
1783575667,2479,98579.0,25.84,159.09,98578.55,159.13
1783575667,2480,98580.0,25.84,159.01,98578.83,159.11
1783575667,2481,98580.0,25.85,159.01,98579.37,159.07
1783575667,2482,98580.0,25.85,159.01,98579.48,159.06
1783575667,2483,98579.0,25.85,159.11,98579.39,159.07
1783575668,2484,98581.0,25.85,158.93,98579.7,159.05
1783575668,2485,98581.0,25.85,158.93,98579.94,159.02
1783575668,2486,98580.0,25.85,159.02,98579.95,159.02
1783575668,2487,98580.0,25.85,159.02,98579.96,159.02
1783575668,2488,98578.0,25.85,159.2,98579.59,159.06
1783575668,2489,98578.0,25.85,159.21,98579.42,159.08
1783575668,2490,98580.0,25.85,159.03,98579.53,159.07
1783575668,2491,98580.0,25.85,159.03,98579.62,159.06
1783575669,2492,98579.0,25.85,159.12,98579.5,159.07
1783575669,2493,98579.0,25.85,159.12,98579.41,159.09
1783575669,2494,98580.0,25.85,159.03,98579.52,159.08
1783575669,2495,98580.0,25.85,159.03,98579.61,159.07
1783575669,2496,98579.0,25.85,159.12,98579.49,159.08
1783575669,2497,98575.0,25.85,159.49,98578.28,159.2
1783575669,2498,98580.0,25.85,159.04,98578.6,159.17
1783575670,2499,98580.0,25.85,159.04,98578.87,159.14
1783575670,2500,98580.0,25.85,159.04,98579.08,159.13
1783575670,2501,98580.0,25.85,159.05,98579.25,159.12
1783575670,2502,98579.0,25.85,159.14,98579.2,159.12
1783575670,2503,98580.0,25.85,159.06,98579.35,159.11
1783575670,2504,98579.0,25.85,159.14,98579.29,159.12
1783575670,2505,98580.0,25.85,159.07,98578.88,159.17
1783575671,2506,98576.0,25.85,159.42,98578.34,159.21
1783575671,2507,98580.0,25.85,159.07,98578.65,159.19
1783575671,2508,98581.0,25.85,158.98,98579.09,159.15
1783575671,2509,98581.0,25.86,158.99,98579.45,159.13
1783575671,2510,98577.0,25.85,159.34,98578.99,159.17
1783575671,2511,98578.0,25.85,159.25,98578.8,159.18
1783575671,2512,98579.0,25.86,159.17,98578.84,159.18
1783575671,2513,98578.0,25.86,159.26,98578.74,159.19
1783575672,2514,98577.0,25.86,159.35,98578.41,159.23
1783575672,2515,98582.0,25.86,158.91,98579.09,159.17
1783575672,2516,98582.0,25.86,158.91,98579.63,159.12
1783575672,2517,98579.0,25.86,159.18,98579.52,159.13
1783575672,2518,98580.0,25.86,159.09,98579.61,159.12
1783575672,2519,98579.0,25.87,159.18,98579.49,159.14
1783575672,2520,98580.0,25.87,159.09,98579.59,159.13
1783575673,2521,98579.0,25.87,159.18,98579.17,159.17
1783575673,2522,98581.0,25.87,159.01,98579.52,159.14
1783575673,2523,98580.0,25.87,159.1,98579.61,159.13
1783575673,2524,98578.0,25.86,159.27,98579.3,159.16
1783575673,2525,98577.0,25.86,159.36,98578.87,159.2
1783575673,2526,98579.0,25.86,159.19,98578.89,159.2
1783575673,2527,98580.0,25.86,159.1,98579.1,159.18
1783575673,2528,98579.0,25.86,159.19,98579.09,159.18
1783575674,2529,98579.0,25.85,159.19,98578.23,159.26
1783575674,2530,98580.0,25.85,159.1,98578.56,159.23
1783575674,2531,98580.0,25.86,159.1,98578.84,159.21
1783575674,2532,98579.0,25.86,159.19,98578.87,159.2
1783575674,2533,98578.0,25.86,159.28,98578.7,159.22
1783575674,2534,98579.0,25.86,159.19,98578.76,159.21
1783575674,2535,98579.0,25.86,159.19,98578.8,159.21
1783575674,2536,98578.0,25.86,159.28,98578.66,159.22
1783575675,2537,98578.0,25.85,159.28,98578.84,159.21
1783575675,2538,98579.0,25.85,159.19,98578.87,159.2
1783575675,2539,98581.0,25.85,159.02,98579.27,159.17
1783575675,2540,98580.0,25.85,159.1,98579.41,159.16
1783575675,2541,98581.0,25.85,159.02,98579.7,159.13
1783575675,2542,98581.0,25.85,159.02,98579.95,159.11
1783575675,2543,98577.0,25.85,159.37,98579.39,159.16
1783575675,2544,98580.0,25.85,159.1,98579.51,159.15
1783575676,2545,98579.0,25.84,159.19,98578.9,159.2
1783575676,2546,98581.0,25.84,159.02,98579.3,159.17
1783575676,2547,98579.0,25.84,159.19,98579.24,159.17
1783575676,2548,98580.0,25.84,159.1,98579.38,159.16
1783575676,2549,98579.0,25.84,159.19,98579.31,159.16
1783575676,2550,98579.0,25.84,159.19,98579.25,159.17
1783575676,2551,98579.0,25.84,159.19,98579.2,159.17
1783575676,2552,98578.0,25.84,159.28,98578.98,159.19
1783575677,2553,98579.0,25.84,159.19,98578.68,159.22
1783575677,2554,98579.0,25.84,159.19,98578.74,159.21
1783575677,2555,98580.0,25.84,159.1,98578.98,159.19
1783575677,2556,98579.0,25.84,159.19,98578.98,159.19
1783575677,2557,98579.0,25.84,159.19,98578.98,159.19
1783575677,2558,98579.0,25.84,159.19,98578.98,159.19
1783575677,2559,98580.0,25.85,159.1,98579.17,159.18
1783575678,2560,98578.0,25.85,159.28,98578.95,159.2
1783575678,2561,98580.0,25.85,159.1,98578.94,159.2
1783575678,2562,98577.0,25.85,159.36,98578.57,159.22
1783575678,2563,98580.0,25.85,159.1,98578.84,159.2
1783575678,2564,98579.0,25.85,159.19,98578.87,159.2
1783575678,2565,98578.0,25.85,159.27,98578.7,159.21
1783575678,2566,98580.0,25.85,159.1,98578.95,159.19
1783575679,2567,98579.0,25.84,159.19,98578.95,159.19
1783575679,2568,98578.0,25.85,159.27,98578.77,159.21
1783575679,2569,98580.0,25.85,159.09,98579.45,159.14
1783575679,2570,98581.0,25.85,159.0,98579.73,159.12
1783575679,2571,98581.0,25.85,159.0,98579.98,159.1
1783575679,2572,98579.0,25.85,159.18,98579.79,159.11
1783575679,2573,98579.0,25.85,159.18,98579.64,159.12
1783575679,2574,98578.0,25.85,159.26,98579.33,159.15
1783575680,2575,98579.0,25.85,159.18,98579.27,159.15
1783575680,2576,98580.0,25.85,159.09,98579.41,159.14
1783575680,2577,98579.0,25.85,159.18,98579.45,159.14
1783575680,2578,98580.0,25.84,159.09,98579.55,159.13
1783575680,2579,98580.0,25.85,159.09,98579.64,159.12
1783575680,2580,98578.0,25.84,159.26,98579.33,159.14
1783575680,2581,98580.0,25.85,159.08,98579.45,159.13
1783575681,2582,98579.0,25.85,159.17,98579.37,159.14
1783575681,2583,98578.0,25.85,159.26,98579.11,159.16
1783575681,2584,98578.0,25.85,159.26,98578.9,159.18
1783575681,2585,98575.0,25.84,159.52,98578.16,159.24
1783575681,2586,98579.0,25.84,159.17,98578.31,159.23
1783575681,2587,98579.0,25.84,159.17,98578.45,159.21
1783575681,2588,98580.0,25.84,159.08,98578.73,159.19
1783575681,2589,98579.0,25.84,159.17,98578.78,159.18
1783575682,2590,98577.0,25.84,159.34,98578.45,159.21
1783575682,2591,98579.0,25.84,159.17,98578.55,159.21
1783575682,2592,98581.0,25.84,158.99,98579.01,159.16
1783575682,2593,98578.0,25.84,159.25,98578.12,159.24
1783575682,2594,98580.0,25.85,159.07,98578.47,159.21
1783575682,2595,98578.0,25.85,159.25,98578.38,159.21
1783575682,2596,98579.0,25.85,159.16,98578.5,159.2
1783575683,2597,98582.0,25.85,158.9,98579.16,159.15
1783575683,2598,98579.0,25.85,159.16,98579.13,159.15
1783575683,2599,98579.0,25.85,159.16,98579.1,159.15
1783575683,2600,98579.0,25.85,159.16,98579.09,159.15
1783575683,2601,98578.0,25.85,159.25,98579.0,159.16
1783575683,2602,98575.0,25.85,159.51,98578.25,159.23
1783575683,2603,98579.0,25.85,159.16,98578.39,159.21
1783575684,2604,98579.0,25.86,159.16,98578.51,159.2
1783575684,2605,98580.0,25.85,159.07,98578.79,159.18
1783575684,2606,98578.0,25.85,159.25,98578.64,159.19
1783575684,2607,98581.0,25.86,158.98,98579.09,159.15
1783575684,2608,98580.0,25.86,159.07,98579.26,159.14
1783575684,2609,98578.0,25.85,159.25,98578.88,159.17
1783575684,2610,98577.0,25.85,159.34,98578.53,159.2
1783575684,2611,98580.0,25.85,159.07,98578.8,159.18
1783575685,2612,98580.0,25.85,159.07,98579.03,159.16
1783575685,2613,98581.0,25.85,158.98,98579.4,159.13
1783575685,2614,98581.0,25.85,158.98,98579.7,159.1
1783575685,2615,98578.0,25.84,159.25,98579.38,159.13
1783575685,2616,98575.0,25.84,159.51,98578.55,159.2
1783575685,2617,98578.0,25.84,159.25,98578.66,159.2
1783575685,2618,98579.0,25.84,159.16,98578.72,159.18
1783575686,2619,98577.0,25.84,159.34,98578.4,159.21
1783575686,2620,98578.0,25.84,159.25,98578.32,159.22
1783575686,2621,98576.0,25.84,159.43,98577.88,159.26
1783575686,2622,98577.0,25.84,159.34,98577.72,159.27
1783575686,2623,98578.0,25.84,159.25,98577.77,159.27
1783575686,2624,98577.0,25.83,159.34,98577.63,159.29
1783575686,2625,98577.0,25.84,159.34,98577.12,159.33
1783575687,2626,98580.0,25.84,159.08,98577.66,159.28
1783575687,2627,98579.0,25.84,159.17,98577.91,159.26
1783575687,2628,98578.0,25.84,159.25,98577.93,159.26
1783575687,2629,98577.0,25.84,159.34,98577.76,159.28
1783575687,2630,98579.0,25.84,159.17,98577.99,159.25
1783575687,2631,98578.0,25.84,159.25,98577.99,159.25
1783575687,2632,98578.0,25.84,159.25,98577.99,159.25
1783575687,2633,98574.0,25.83,159.61,98577.15,159.33
1783575688,2634,98577.0,25.84,159.34,98577.12,159.33
1783575688,2635,98577.0,25.84,159.35,98577.09,159.34
1783575688,2636,98578.0,25.84,159.26,98577.27,159.32
1783575688,2637,98578.0,25.84,159.26,98577.41,159.31
1783575688,2638,98579.0,25.84,159.17,98577.7,159.29
1783575688,2639,98576.0,25.84,159.44,98577.38,159.31
1783575688,2640,98577.0,25.84,159.35,98577.31,159.32
1783575689,2641,98579.0,25.84,159.17,98577.84,159.27
1783575689,2642,98578.0,25.84,159.26,98577.87,159.27
1783575689,2643,98578.0,25.84,159.26,98577.89,159.27
1783575689,2644,98578.0,25.84,159.26,98577.91,159.27
1783575689,2645,98579.0,25.84,159.17,98578.12,159.25
1783575689,2646,98577.0,25.84,159.35,98577.91,159.27
1783575689,2647,98580.0,25.84,159.08,98578.3,159.23
1783575689,2648,98579.0,25.84,159.17,98578.43,159.22
1783575690,2649,98578.0,25.83,159.25,98577.78,159.27
1783575690,2650,98580.0,25.83,159.08,98578.2,159.24
1783575690,2651,98580.0,25.83,159.08,98578.54,159.21
1783575690,2652,98578.0,25.82,159.25,98578.44,159.21
1783575690,2653,98579.0,25.82,159.17,98578.55,159.21
1783575690,2654,98580.0,25.82,159.08,98578.82,159.18
1783575690,2655,98579.0,25.82,159.17,98578.85,159.18
1783575690,2656,98578.0,25.82,159.25,98578.69,159.19
1783575691,2657,98579.0,25.83,159.17,98578.38,159.22
1783575691,2658,98573.0,25.83,159.7,98577.37,159.31
1783575691,2659,98578.0,25.83,159.25,98577.48,159.3
1783575691,2660,98578.0,25.83,159.25,98577.58,159.29
1783575691,2661,98578.0,25.83,159.25,98577.66,159.28
1783575691,2662,98578.0,25.83,159.25,98577.72,159.28
1783575691,2663,98580.0,25.83,159.08,98578.15,159.24
1783575691,2664,98579.0,25.82,159.17,98578.31,159.23
1783575692,2665,98579.0,25.83,159.17,98578.07,159.25
1783575692,2666,98576.0,25.83,159.44,98577.68,159.29
1783575692,2667,98576.0,25.83,159.44,98577.37,159.31
1783575692,2668,98580.0,25.84,159.08,98577.86,159.27
1783575692,2669,98579.0,25.83,159.17,98578.08,159.25
1783575692,2670,98578.0,25.84,159.26,98578.06,159.25
1783575692,2671,98580.0,25.84,159.08,98578.43,159.22
1783575692,2672,98578.0,25.83,159.25,98578.35,159.22
1783575693,2673,98576.0,25.83,159.43,98577.92,159.26
1783575693,2674,98578.0,25.82,159.25,98577.94,159.26
1783575693,2675,98578.0,25.82,159.25,98577.95,159.26
1783575693,2676,98578.0,25.82,159.25,98577.96,159.26
1783575693,2677,98580.0,25.82,159.08,98578.34,159.22
1783575693,2678,98578.0,25.82,159.25,98578.28,159.23
1783575693,2679,98577.0,25.82,159.34,98578.04,159.25
1783575694,2680,98579.0,25.82,159.17,98578.22,159.23
1783575694,2681,98578.0,25.82,159.25,98578.52,159.2
1783575694,2682,98579.0,25.82,159.16,98578.61,159.19
1783575694,2683,98578.0,25.82,159.25,98578.49,159.2
1783575694,2684,98579.0,25.82,159.16,98578.59,159.2
1783575694,2685,98575.0,25.82,159.51,98577.91,159.26
1783575694,2686,98582.0,25.82,158.9,98578.69,159.19
1783575695,2687,98578.0,25.82,159.24,98578.55,159.19
1783575695,2688,98578.0,25.82,159.24,98578.45,159.2
1783575695,2689,98579.0,25.82,159.15,98578.16,159.23
1783575695,2690,98577.0,25.82,159.33,98577.95,159.25
1783575695,2691,98577.0,25.82,159.33,98577.77,159.26
1783575695,2692,98579.0,25.82,159.15,98578.0,159.24
1783575695,2693,98580.0,25.82,159.07,98578.38,159.21
1783575695,2694,98578.0,25.82,159.24,98578.3,159.22
1783575696,2695,98580.0,25.82,159.07,98578.63,159.19
1783575696,2696,98578.0,25.83,159.24,98578.51,159.2
1783575696,2697,98579.0,25.82,159.15,98578.47,159.2
1783575696,2698,98577.0,25.82,159.33,98578.2,159.23
1783575696,2699,98578.0,25.82,159.24,98578.16,159.23
1783575696,2700,98578.0,25.82,159.24,98578.13,159.23
1783575696,2701,98576.0,25.82,159.42,98577.73,159.27
1783575697,2702,98580.0,25.82,159.07,98578.16,159.23
1783575697,2703,98578.0,25.82,159.24,98578.13,159.23
1783575697,2704,98579.0,25.82,159.15,98578.29,159.22
1783575697,2705,98581.0,25.82,158.98,98579.2,159.14
1783575697,2706,98578.0,25.82,159.24,98578.97,159.16
1783575697,2707,98575.0,25.81,159.51,98578.22,159.22
1783575697,2708,98578.0,25.82,159.24,98578.18,159.23
1783575698,2709,98580.0,25.81,159.07,98578.52,159.2
1783575698,2710,98578.0,25.81,159.24,98578.42,159.21
1783575698,2711,98578.0,25.81,159.24,98578.34,159.21
1783575698,2712,98577.0,25.81,159.33,98578.09,159.23
1783575698,2713,98578.0,25.81,159.24,98577.69,159.27
1783575698,2714,98577.0,25.81,159.33,98577.55,159.28
1783575698,2715,98577.0,25.81,159.33,98577.45,159.29
1783575698,2716,98579.0,25.81,159.15,98577.74,159.27
1783575699,2717,98578.0,25.81,159.25,98577.79,159.27
1783575699,2718,98579.0,25.81,159.16,98578.02,159.25
1783575699,2719,98578.0,25.81,159.25,98578.02,159.25
1783575699,2720,98580.0,25.81,159.07,98578.39,159.21
1783575699,2721,98578.0,25.81,159.25,98577.99,159.25
1783575699,2722,98577.0,25.81,159.34,98577.8,159.27
1783575699,2723,98579.0,25.82,159.16,98578.03,159.25
1783575700,2724,98581.0,25.82,158.98,98578.59,159.2
1783575700,2725,98581.0,25.82,158.98,98579.05,159.16
1783575700,2726,98578.0,25.82,159.25,98578.85,159.17
1783575700,2727,98580.0,25.82,159.07,98579.07,159.15
1783575700,2728,98580.0,25.82,159.07,98579.24,159.14
1783575700,2729,98577.0,25.81,159.34,98577.45,159.3
1783575700,2730,98579.0,25.81,159.17,98577.74,159.28
1783575701,2731,98577.0,25.81,159.34,98577.6,159.29
1783575701,2732,98576.0,25.8,159.43,98577.3,159.32
1783575701,2733,98578.0,25.8,159.25,98577.43,159.3
1783575701,2734,98577.0,25.8,159.34,98577.35,159.31
1783575701,2735,98578.0,25.81,159.25,98577.48,159.3
1783575701,2736,98580.0,25.8,159.08,98577.95,159.26
1783575701,2737,98578.0,25.8,159.25,98577.98,159.26
1783575701,2738,98577.0,25.8,159.34,98577.79,159.27
1783575702,2739,98577.0,25.8,159.34,98577.64,159.29
1783575702,2740,98579.0,25.8,159.17,98577.9,159.26
1783575702,2741,98578.0,25.8,159.25,98577.91,159.26
1783575702,2742,98578.0,25.8,159.25,98577.93,159.26
1783575702,2743,98579.0,25.8,159.17,98578.13,159.24
1783575702,2744,98576.0,25.8,159.43,98577.73,159.28
1783575702,2745,98580.0,25.8,159.08,98578.56,159.2
1783575703,2746,98578.0,25.8,159.25,98578.45,159.21
1783575703,2747,98579.0,25.8,159.17,98578.55,159.2
1783575703,2748,98579.0,25.8,159.17,98578.64,159.2
1783575703,2749,98578.0,25.8,159.25,98578.52,159.21
1783575703,2750,98579.0,25.79,159.17,98578.61,159.2
1783575703,2751,98577.0,25.79,159.34,98578.3,159.23
1783575703,2752,98578.0,25.79,159.25,98578.25,159.23
1783575703,2753,98578.0,25.79,159.25,98577.78,159.27
1783575704,2754,98581.0,25.79,158.99,98578.39,159.22
1783575704,2755,98579.0,25.79,159.17,98578.51,159.21
1783575704,2756,98579.0,25.79,159.17,98578.6,159.2
1783575704,2757,98580.0,25.79,159.08,98578.87,159.18
1783575704,2758,98580.0,25.79,159.08,98579.08,159.16
1783575704,2759,98579.0,25.79,159.17,98579.06,159.16
1783575704,2760,98578.0,25.78,159.25,98578.86,159.18
1783575705,2761,98578.0,25.77,159.26,98578.42,159.22
1783575705,2762,98579.0,25.77,159.17,98578.53,159.21
1783575705,2763,98580.0,25.77,159.08,98578.8,159.19
1783575705,2764,98580.0,25.77,159.08,98579.03,159.17
1783575705,2765,98581.0,25.77,158.99,98579.4,159.14
1783575705,2766,98579.0,25.77,159.17,98579.32,159.14
1783575705,2767,98577.0,25.77,159.35,98578.88,159.18
1783575705,2768,98578.0,25.77,159.26,98578.72,159.2
1783575706,2769,98578.0,25.76,159.26,98578.74,159.19
1783575706,2770,98577.0,25.76,159.35,98578.41,159.22
1783575706,2771,98575.0,25.76,159.52,98577.77,159.28
1783575706,2772,98576.0,25.76,159.44,98577.44,159.31
1783575706,2773,98578.0,25.76,159.26,98577.55,159.3
1783575706,2774,98578.0,25.76,159.26,98577.63,159.3
1783575706,2775,98580.0,25.76,159.09,98578.08,159.26
1783575706,2776,98581.0,25.76,159.0,98578.63,159.21
1783575707,2777,98580.0,25.77,159.09,98579.17,159.16
1783575707,2778,98580.0,25.77,159.09,98579.33,159.15
1783575707,2779,98577.0,25.76,159.35,98578.89,159.19
1783575707,2780,98579.0,25.76,159.18,98578.91,159.18
1783575707,2781,98577.0,25.76,159.35,98578.55,159.22
1783575707,2782,98577.0,25.76,159.35,98578.27,159.24
1783575707,2783,98576.0,25.76,159.44,98577.84,159.28
1783575707,2784,98577.0,25.76,159.35,98577.68,159.29
1783575708,2785,98578.0,25.77,159.26,98578.24,159.24
1783575708,2786,98579.0,25.77,159.18,98578.38,159.24
1783575708,2787,98578.0,25.77,159.27,98578.31,159.24
1783575708,2788,98577.0,25.77,159.36,98578.06,159.26
1783575708,2789,98579.0,25.77,159.18,98578.24,159.25
1783575708,2790,98581.0,25.77,159.0,98578.76,159.2
1783575708,2791,98580.0,25.77,159.09,98578.99,159.18
1783575709,2792,98578.0,25.77,159.27,98578.8,159.2
1783575709,2793,98578.0,25.76,159.27,98578.7,159.21
1783575709,2794,98578.0,25.76,159.27,98578.56,159.22
1783575709,2795,98579.0,25.76,159.18,98578.65,159.21
1783575709,2796,98579.0,25.76,159.18,98578.71,159.21
1783575709,2797,98577.0,25.75,159.36,98578.39,159.24
1783575709,2798,98578.0,25.75,159.27,98578.32,159.24
1783575709,2799,98578.0,25.75,159.27,98578.26,159.25
1783575710,2800,98577.0,25.75,159.36,98578.02,159.27
1783575710,2801,98576.0,25.76,159.45,98577.35,159.33
1783575710,2802,98577.0,25.76,159.36,98577.29,159.33
1783575710,2803,98579.0,25.77,159.18,98577.61,159.3
1783575710,2804,98578.0,25.77,159.27,98577.68,159.3
1783575710,2805,98579.0,25.77,159.18,98577.93,159.28
1783575710,2806,98578.0,25.77,159.27,98577.95,159.27
1783575711,2807,98578.0,25.77,159.27,98577.95,159.27
1783575711,2808,98580.0,25.77,159.09,98578.34,159.24
1783575711,2809,98578.0,25.77,159.27,98578.42,159.24
1783575711,2810,98577.0,25.77,159.36,98578.16,159.26
1783575711,2811,98576.0,25.76,159.45,98577.75,159.3
1783575711,2812,98578.0,25.76,159.27,98577.8,159.29
1783575711,2813,98578.0,25.76,159.27,98577.84,159.29
1783575712,2814,98579.0,25.76,159.19,98578.05,159.27
1783575712,2815,98576.0,25.76,159.45,98577.66,159.3
1783575712,2816,98577.0,25.75,159.36,98577.54,159.32
1783575712,2817,98578.0,25.76,159.27,98577.43,159.33
1783575712,2818,98580.0,25.77,159.1,98577.91,159.28
1783575712,2819,98579.0,25.77,159.19,98578.12,159.26
1783575712,2820,98579.0,25.77,159.19,98578.28,159.25
1783575712,2821,98579.0,25.77,159.19,98578.41,159.24
1783575713,2822,98578.0,25.77,159.27,98578.34,159.25
1783575713,2823,98577.0,25.77,159.36,98578.09,159.27
1783575713,2824,98579.0,25.77,159.19,98578.26,159.25
1783575713,2825,98578.0,25.76,159.27,98577.68,159.3
1783575713,2826,98577.0,25.75,159.36,98577.55,159.31
1783575713,2827,98576.0,25.75,159.45,98577.27,159.34
1783575713,2828,98578.0,25.75,159.27,98577.41,159.33
1783575714,2829,98575.0,25.74,159.54,98576.95,159.37
1783575714,2830,98576.0,25.74,159.45,98576.77,159.38
1783575714,2831,98579.0,25.74,159.19,98577.2,159.35
1783575714,2832,98577.0,25.74,159.36,98577.16,159.35
1783575714,2833,98576.0,25.75,159.45,98576.85,159.38
1783575714,2834,98577.0,25.75,159.36,98576.88,159.37
1783575714,2835,98577.0,25.75,159.36,98576.91,159.37
1783575715,2836,98576.0,25.75,159.45,98576.73,159.39
1783575715,2837,98578.0,25.75,159.27,98576.98,159.37
1783575715,2838,98577.0,25.75,159.36,98576.98,159.36
1783575715,2839,98579.0,25.75,159.19,98577.37,159.33
1783575715,2840,98577.0,25.74,159.37,98577.3,159.34
1783575715,2841,98576.0,25.74,159.45,98576.55,159.4
1783575715,2842,98576.0,25.74,159.45,98576.45,159.41
1783575715,2843,98577.0,25.74,159.36,98576.55,159.4
1783575716,2844,98576.0,25.74,159.45,98576.45,159.41
1783575716,2845,98578.0,25.74,159.27,98576.74,159.39
1783575716,2846,98577.0,25.74,159.36,98576.79,159.38
1783575716,2847,98579.0,25.74,159.19,98577.2,159.35
1783575716,2848,98578.0,25.75,159.27,98577.35,159.33
1783575716,2849,98574.0,25.74,159.63,98576.38,159.42
1783575716,2850,98576.0,25.75,159.45,98576.31,159.42
1783575717,2851,98576.0,25.75,159.45,98576.25,159.43
1783575717,2852,98580.0,25.76,159.1,98576.95,159.37
1783575717,2853,98578.0,25.76,159.27,98577.15,159.35
1783575717,2854,98578.0,25.76,159.27,98577.31,159.34
1783575717,2855,98578.0,25.76,159.27,98577.45,159.32
1783575717,2856,98576.0,25.76,159.45,98577.17,159.35
1783575717,2857,98578.0,25.76,159.28,98577.26,159.35
1783575717,2858,98577.0,25.76,159.37,98577.21,159.35
1783575718,2859,98574.0,25.76,159.63,98576.61,159.4
1783575718,2860,98576.0,25.77,159.46,98576.49,159.41
1783575718,2861,98579.0,25.77,159.2,98576.96,159.38
1783575718,2862,98578.0,25.77,159.29,98577.16,159.36
1783575718,2863,98578.0,25.77,159.29,98577.31,159.35
1783575718,2864,98576.0,25.77,159.46,98577.06,159.37
1783575718,2865,98577.0,25.77,159.37,98577.22,159.35
1783575719,2866,98575.0,25.77,159.55,98576.8,159.39
1783575719,2867,98576.0,25.77,159.47,98576.66,159.41
1783575719,2868,98577.0,25.77,159.38,98576.72,159.4
1783575719,2869,98577.0,25.77,159.38,98576.77,159.4
1783575719,2870,98578.0,25.77,159.29,98577.01,159.38
1783575719,2871,98578.0,25.76,159.29,98577.2,159.36
1783575719,2872,98578.0,25.77,159.29,98577.34,159.35
1783575720,2873,98577.0,25.77,159.38,98577.48,159.34
1783575720,2874,98577.0,25.76,159.38,98577.39,159.34
1783575720,2875,98577.0,25.77,159.38,98577.32,159.35
1783575720,2876,98577.0,25.77,159.38,98577.26,159.36
1783575720,2877,98576.0,25.77,159.47,98577.02,159.38
1783575720,2878,98575.0,25.77,159.56,98576.64,159.42
1783575720,2879,98578.0,25.77,159.3,98576.9,159.39
1783575720,2880,98578.0,25.77,159.3,98577.11,159.38
1783575721,2881,98577.0,25.78,159.39,98577.45,159.35
1783575721,2882,98578.0,25.78,159.31,98577.55,159.35
1783575721,2883,98577.0,25.78,159.4,98577.45,159.36
1783575721,2884,98577.0,25.78,159.4,98577.36,159.36
1783575721,2885,98576.0,25.78,159.48,98577.1,159.39
1783575721,2886,98578.0,25.77,159.31,98577.27,159.37
1783575721,2887,98575.0,25.78,159.57,98576.84,159.41
1783575721,2888,98577.0,25.78,159.4,98576.88,159.41
1783575722,2889,98577.0,25.78,159.4,98576.88,159.41
1783575722,2890,98575.0,25.78,159.58,98576.52,159.44
1783575722,2891,98574.0,25.78,159.67,98576.05,159.49
1783575722,2892,98576.0,25.79,159.49,98576.04,159.49
1783575722,2893,98578.0,25.79,159.32,98576.41,159.46
1783575722,2894,98577.0,25.79,159.41,98576.52,159.45
1783575722,2895,98577.0,25.79,159.41,98576.61,159.44
1783575722,2896,98579.0,25.78,159.23,98577.06,159.4
1783575723,2897,98580.0,25.79,159.15,98577.9,159.33
1783575723,2898,98579.0,25.79,159.23,98578.11,159.31
1783575723,2899,98577.0,25.79,159.41,98577.9,159.33
1783575723,2900,98575.0,25.79,159.59,98577.35,159.38
1783575723,2901,98576.0,25.79,159.5,98577.09,159.4
1783575723,2902,98578.0,25.79,159.32,98577.27,159.39
1783575723,2903,98579.0,25.79,159.23,98577.59,159.36
1783575723,2904,98576.0,25.79,159.51,98577.3,159.39
1783575724,2905,98575.0,25.78,159.59,98576.69,159.44
1783575724,2906,98576.0,25.79,159.51,98576.55,159.46
1783575724,2907,98577.0,25.79,159.42,98576.64,159.45
1783575724,2908,98577.0,25.78,159.42,98576.71,159.44
1783575724,2909,98574.0,25.78,159.68,98576.2,159.49
1783575724,2910,98577.0,25.78,159.42,98576.35,159.47
1783575724,2911,98575.0,25.78,159.6,98576.09,159.5
1783575725,2912,98578.0,25.79,159.33,98576.45,159.47
1783575725,2913,98577.0,25.79,159.42,98576.54,159.46
1783575725,2914,98577.0,25.79,159.42,98576.63,159.46
1783575725,2915,98579.0,25.79,159.25,98577.07,159.42
1783575725,2916,98575.0,25.79,159.6,98576.68,159.45
1783575725,2917,98578.0,25.79,159.33,98576.93,159.43
1783575725,2918,98575.0,25.78,159.6,98576.56,159.46
1783575726,2919,98575.0,25.78,159.6,98576.27,159.49
1783575726,2920,98575.0,25.78,159.6,98576.02,159.51
1783575726,2921,98577.0,25.78,159.42,98575.97,159.51
1783575726,2922,98576.0,25.78,159.51,98575.98,159.51
1783575726,2923,98578.0,25.78,159.33,98576.36,159.48
1783575726,2924,98575.0,25.78,159.6,98576.1,159.5
1783575726,2925,98576.0,25.78,159.51,98576.09,159.5
1783575726,2926,98577.0,25.78,159.42,98576.26,159.49
1783575727,2927,98577.0,25.78,159.42,98576.4,159.48
1783575727,2928,98577.0,25.78,159.42,98576.52,159.46
1783575727,2929,98575.0,25.78,159.59,98575.58,159.54
1783575727,2930,98576.0,25.78,159.51,98575.66,159.54
1783575727,2931,98576.0,25.78,159.51,98575.72,159.53
1783575727,2932,98577.0,25.77,159.42,98575.96,159.51
1783575727,2933,98576.0,25.78,159.51,98575.97,159.51
1783575728,2934,98577.0,25.78,159.42,98576.16,159.49
1783575728,2935,98575.0,25.78,159.59,98575.95,159.51
1783575728,2936,98577.0,25.78,159.42,98576.14,159.49
1783575728,2937,98578.0,25.78,159.33,98576.51,159.46
1783575728,2938,98579.0,25.79,159.24,98576.98,159.42
1783575728,2939,98577.0,25.79,159.42,98576.98,159.42
1783575728,2940,98578.0,25.78,159.33,98577.17,159.4
1783575729,2941,98577.0,25.79,159.42,98577.14,159.4
1783575729,2942,98575.0,25.78,159.59,98576.73,159.44
1783575729,2943,98575.0,25.78,159.59,98576.41,159.47
1783575729,2944,98579.0,25.78,159.24,98576.9,159.43
1783575729,2945,98575.0,25.79,159.59,98576.58,159.45
1783575729,2946,98576.0,25.79,159.51,98576.47,159.46
1783575729,2947,98575.0,25.79,159.59,98576.2,159.49
1783575729,2948,98576.0,25.79,159.51,98576.16,159.49
1783575730,2949,98576.0,25.79,159.51,98576.13,159.49
1783575730,2950,98579.0,25.79,159.24,98576.66,159.45
1783575730,2951,98575.0,25.79,159.59,98576.35,159.47
1783575730,2952,98577.0,25.79,159.41,98576.48,159.46
1783575730,2953,98576.0,25.79,159.5,98576.79,159.43
1783575730,2954,98579.0,25.79,159.23,98577.2,159.39
1783575730,2955,98577.0,25.78,159.41,98577.16,159.4
1783575731,2956,98574.0,25.78,159.68,98576.57,159.45
1783575731,2957,98576.0,25.78,159.5,98576.46,159.46
1783575731,2958,98576.0,25.77,159.49,98576.38,159.46
1783575731,2959,98577.0,25.77,159.41,98576.49,159.45
1783575731,2960,98578.0,25.77,159.32,98576.77,159.43
1783575731,2961,98576.0,25.77,159.49,98575.7,159.52
1783575731,2962,98577.0,25.77,159.4,98575.94,159.49
1783575731,2963,98578.0,25.77,159.31,98576.33,159.46
1783575732,2964,98575.0,25.77,159.58,98576.08,159.48
1783575732,2965,98577.0,25.78,159.4,98576.25,159.47
1783575732,2966,98578.0,25.78,159.31,98576.58,159.44
1783575732,2967,98575.0,25.77,159.58,98576.28,159.46
1783575732,2968,98576.0,25.78,159.48,98576.23,159.46
1783575732,2969,98577.0,25.78,159.4,98576.74,159.42
1783575732,2970,98578.0,25.77,159.31,98576.98,159.4
1783575733,2971,98579.0,25.77,159.22,98577.36,159.36
1783575733,2972,98579.0,25.77,159.22,98577.67,159.34
1783575733,2973,98576.0,25.77,159.48,98577.36,159.36
1783575733,2974,98577.0,25.77,159.39,98577.29,159.36
1783575733,2975,98577.0,25.77,159.39,98577.23,159.37
1783575733,2976,98576.0,25.77,159.48,98577.0,159.39
1783575733,2977,98579.0,25.78,159.21,98576.8,159.41
1783575734,2978,98578.0,25.78,159.3,98577.02,159.39
1783575734,2979,98578.0,25.78,159.3,98577.21,159.37
1783575734,2980,98576.0,25.78,159.48,98576.98,159.39
1783575734,2981,98578.0,25.78,159.3,98577.17,159.38
1783575734,2982,98577.0,25.78,159.39,98577.14,159.38
1783575734,2983,98578.0,25.78,159.3,98577.3,159.36
1783575734,2984,98577.0,25.79,159.39,98577.25,159.37
1783575734,2985,98575.0,25.79,159.57,98576.91,159.4
1783575735,2986,98576.0,25.79,159.48,98576.73,159.41
1783575735,2987,98577.0,25.79,159.39,98576.78,159.41
1783575735,2988,98578.0,25.79,159.3,98577.01,159.39
1783575735,2989,98578.0,25.8,159.3,98577.2,159.37
1783575735,2990,98577.0,25.8,159.39,98577.16,159.38
1783575735,2991,98577.0,25.8,159.39,98577.13,159.38
1783575735,2992,98577.0,25.8,159.39,98577.1,159.38
1783575736,2993,98579.0,25.81,159.21,98577.24,159.37
1783575736,2994,98576.0,25.81,159.48,98577.01,159.39
1783575736,2995,98576.0,25.81,159.48,98576.82,159.41
1783575736,2996,98577.0,25.82,159.39,98576.85,159.4
1783575736,2997,98576.0,25.82,159.48,98576.69,159.42
1783575736,2998,98578.0,25.82,159.31,98576.94,159.4
1783575736,2999,98578.0,25.82,159.31,98577.14,159.38
1783575736,3000,98578.0,25.83,159.31,98577.3,159.37
1783575737,3001,98576.0,25.85,159.49,98576.95,159.41
1783575737,3002,98577.0,25.85,159.4,98576.95,159.4
1783575737,3003,98580.0,25.85,159.14,98577.52,159.36
1783575737,3004,98575.0,25.85,159.58,98577.05,159.4
1783575737,3005,98577.0,25.86,159.41,98577.04,159.4
1783575737,3006,98578.0,25.86,159.32,98577.22,159.39
1783575737,3007,98576.0,25.86,159.49,98576.99,159.41
1783575737,3008,98577.0,25.86,159.41,98576.99,159.41
1783575738,3009,98577.0,25.87,159.41,98576.72,159.44
1783575738,3010,98577.0,25.88,159.42,98576.77,159.44
1783575738,3011,98576.0,25.88,159.51,98576.63,159.45
1783575738,3012,98578.0,25.88,159.33,98576.88,159.43
1783575738,3013,98579.0,25.89,159.24,98577.28,159.39
1783575738,3014,98577.0,25.89,159.42,98577.23,159.4
1783575738,3015,98578.0,25.89,159.33,98577.38,159.39
1783575738,3016,98578.0,25.89,159.33,98577.49,159.38
1783575739,3017,98577.0,25.91,159.43,98577.02,159.43
1783575739,3018,98578.0,25.92,159.34,98577.2,159.41
1783575739,3019,98578.0,25.92,159.34,98577.35,159.4
1783575739,3020,98579.0,25.93,159.26,98577.66,159.37
1783575739,3021,98577.0,25.93,159.43,98577.54,159.39
1783575739,3022,98579.0,25.93,159.26,98577.81,159.36
1783575739,3023,98577.0,25.94,159.44,98577.66,159.38
