unix_time,sample_id,pressure_pa,temperature_c,height_m,kf_pressure_pa,kf_height_m
1783575952,80,98574.71,23.98,158.4,98574.98,158.38
1783575952,81,98574.71,23.98,158.4,98574.98,158.38
1783575952,82,98575.04,23.98,158.37,98575.0,158.38
1783575952,83,98574.71,23.98,158.4,98574.95,158.38
1783575952,84,98574.62,23.98,158.41,98574.82,158.39
1783575953,85,98574.95,23.98,158.38,98574.86,158.39
1783575953,86,98574.95,23.98,158.38,98574.89,158.39
1783575953,87,98574.84,23.97,158.39,98574.9,158.38
1783575953,88,98575.16,23.97,158.36,98574.97,158.37
1783575953,89,98575.16,23.97,158.36,98575.02,158.37
1783575953,90,98575.07,23.97,158.37,98575.05,158.37
1783575953,91,98575.4,23.97,158.34,98575.13,158.36
1783575954,92,98575.55,23.97,158.32,98575.41,158.34
1783575954,93,98575.87,23.97,158.3,98575.52,158.33
1783575954,94,98575.87,23.97,158.3,98575.61,158.32
1783575954,95,98575.77,23.96,158.3,98575.66,158.31
1783575954,96,98575.77,23.96,158.3,98575.7,158.31
1783575954,97,98576.1,23.96,158.27,98575.8,158.3
1783575954,98,98575.99,23.96,158.28,98575.85,158.29
1783575954,99,98575.99,23.96,158.28,98575.9,158.29
1783575955,100,98575.9,23.96,158.29,98575.95,158.28
1783575955,101,98575.84,23.96,158.29,98575.94,158.28
1783575955,102,98576.16,23.96,158.26,98576.0,158.28
1783575955,103,98576.48,23.96,158.24,98576.12,158.27
1783575955,104,98576.38,23.95,158.24,98576.2,158.26
1783575955,105,98576.38,23.95,158.24,98576.25,158.25
1783575955,106,98576.7,23.95,158.21,98576.36,158.24
1783575955,107,98576.28,23.95,158.25,98576.36,158.24
1783575956,108,98576.51,23.95,158.23,98576.59,158.22
1783575956,109,98576.51,23.95,158.23,98576.59,158.22
1783575956,110,98576.83,23.95,158.2,98576.66,158.22
1783575956,111,98576.41,23.95,158.24,98576.62,158.22
1783575956,112,98576.73,23.95,158.21,98576.66,158.22
1783575956,113,98577.05,23.95,158.18,98576.76,158.21
1783575956,114,98576.98,23.94,158.18,98576.83,158.19
1783575956,115,98576.98,23.94,158.18,98576.88,158.19
1783575957,116,98577.21,23.94,158.16,98577.1,158.17
1783575957,117,98576.79,23.94,158.2,98577.05,158.17
1783575957,118,98577.11,23.94,158.17,98577.09,158.17
1783575957,119,98577.43,23.94,158.14,98577.18,158.16
1783575957,120,98577.76,23.94,158.11,98577.32,158.15
1783575957,121,98577.34,23.94,158.15,98577.34,158.15
1783575957,122,98577.66,23.94,158.12,98577.43,158.14
1783575957,123,98577.23,23.93,158.15,98577.41,158.14
1783575958,124,98577.82,23.93,158.1,98577.59,158.12
1783575958,125,98577.4,23.93,158.14,98577.57,158.12
1783575958,126,98577.72,23.93,158.11,98577.62,158.12
1783575958,127,98577.62,23.93,158.12,98577.63,158.12
1783575958,128,98577.62,23.93,158.12,98577.65,158.12
1783575958,129,98577.62,23.93,158.12,98577.66,158.12
1783575958,130,98577.62,23.93,158.12,98577.66,158.12
1783575959,131,98576.87,23.92,158.18,98577.52,158.12
1783575959,132,98575.68,23.93,158.29,98576.8,158.19
1783575959,133,98575.35,23.93,158.32,98576.51,158.22
1783575959,134,98574.7,23.93,158.38,98576.14,158.25
1783575959,135,98574.05,23.93,158.43,98575.71,158.29
1783575959,136,98574.16,23.93,158.43,98575.4,158.32
1783575959,137,98573.51,23.93,158.48,98575.01,158.35
1783575960,138,98572.86,23.93,158.54,98574.56,158.39
1783575960,139,98572.21,23.93,158.6,98574.08,158.43
1783575960,140,98570.43,23.93,158.75,98572.25,158.59
1783575960,141,98570.11,23.93,158.78,98571.81,158.63
1783575960,142,98569.88,23.94,158.81,98571.41,158.67
1783575960,143,98569.24,23.94,158.86,98570.97,158.71
1783575960,144,98568.91,23.94,158.89,98570.55,158.75
1783575960,145,98569.01,23.94,158.88,98570.23,158.78
1783575961,146,98568.37,23.94,158.94,98569.85,158.81
1783575961,147,98568.46,23.94,158.93,98569.57,158.83
1783575961,148,98567.91,23.94,158.98,98568.67,158.91
1783575961,149,98567.59,23.94,159.01,98568.46,158.93
1783575961,150,98567.27,23.94,159.04,98568.23,158.95
1783575961,151,98566.95,23.94,159.07,98567.97,158.98
1783575961,152,98567.01,23.95,159.07,98567.77,159.0
1783575962,153,98566.68,23.95,159.1,98567.55,159.02
1783575962,154,98566.04,23.95,159.15,98567.24,159.05
1783575962,155,98566.13,23.95,159.14,98567.02,159.07
1783575962,156,98565.59,23.95,159.19,98566.24,159.13
1783575962,157,98565.27,23.95,159.22,98566.05,159.15
1783575962,158,98565.37,23.95,159.21,98565.91,159.16
1783575962,159,98565.04,23.95,159.24,98565.74,159.18
1783575962,160,98565.04,23.95,159.24,98565.61,159.19
1783575963,161,98564.72,23.95,159.27,98565.44,159.2
1783575963,162,98565.14,23.96,159.24,98565.38,159.21
1783575963,163,98565.14,23.96,159.24,98565.34,159.22
1783575963,164,98565.73,23.96,159.18,98565.48,159.21
1783575963,165,98565.41,23.96,159.21,98565.48,159.21
1783575963,166,98565.51,23.97,159.21,98565.5,159.21
1783575963,167,98565.18,23.97,159.24,98565.45,159.22
1783575964,168,98565.57,23.97,159.2,98565.48,159.21
1783575964,169,98565.25,23.97,159.23,98565.45,159.22
1783575964,170,98565.67,23.97,159.2,98565.51,159.21
1783575964,171,98565.67,23.97,159.2,98565.55,159.21
1783575964,172,98565.98,23.98,159.17,98565.81,159.19
1783575964,173,98565.71,23.98,159.2,98565.8,159.19
1783575964,174,98565.39,23.98,159.23,98565.73,159.2
1783575965,175,98565.49,23.98,159.22,98565.69,159.2
1783575965,176,98565.59,23.99,159.21,98565.67,159.21
1783575965,177,98566.01,23.99,159.18,98565.75,159.2
1783575965,178,98566.12,23.99,159.17,98565.84,159.19
1783575965,179,98565.85,23.99,159.19,98565.85,159.19
1783575965,180,98565.84,24.0,159.2,98565.9,159.19
1783575965,181,98565.93,24.0,159.19,98565.91,159.19
1783575965,182,98565.66,24.01,159.22,98565.86,159.2
1783575966,183,98565.77,24.01,159.21,98565.85,159.2
1783575966,184,98565.54,24.01,159.23,98565.8,159.21
1783575966,185,98565.65,24.01,159.22,98565.77,159.21
1783575966,186,98566.07,24.02,159.19,98565.84,159.21
1783575966,187,98565.74,24.02,159.22,98565.82,159.21
1783575966,188,98565.79,24.03,159.22,98565.75,159.22
1783575966,189,98565.88,24.03,159.21,98565.78,159.22
1783575967,190,98565.88,24.03,159.21,98565.81,159.21
1783575967,191,98565.95,24.03,159.2,98565.85,159.21
1783575967,192,98566.05,24.03,159.19,98565.9,159.21
1783575967,193,98565.83,24.04,159.22,98565.88,159.21
1783575967,194,98565.51,24.04,159.25,98565.8,159.22
1783575967,195,98565.51,24.04,159.25,98565.75,159.23
1783575967,196,98565.77,24.04,159.22,98565.85,159.22
1783575968,197,98566.52,24.05,159.16,98566.0,159.21
1783575968,198,98566.52,24.05,159.16,98566.12,159.2
1783575968,199,98566.52,24.05,159.16,98566.21,159.19
1783575968,200,98566.94,24.05,159.13,98566.38,159.18
1783575968,201,98566.94,24.05,159.13,98566.5,159.16
1783575968,202,98566.94,24.05,159.13,98566.6,159.16
1783575968,203,98566.94,24.05,159.13,98566.68,159.15
1783575968,204,98568.34,24.05,159.0,98567.51,159.08
1783575969,205,98568.34,24.05,159.0,98567.69,159.06
1783575969,206,98568.34,24.05,159.0,98567.83,159.05
1783575969,207,98568.66,24.05,158.97,98568.01,159.03
1783575969,208,98568.55,24.05,158.98,98568.13,159.02
1783575969,209,98568.55,24.05,158.98,98568.23,159.01
1783575969,210,98568.55,24.05,158.98,98568.3,159.01
1783575969,211,98568.88,24.05,158.95,98568.43,158.99
1783575970,212,98569.76,24.05,158.88,98569.05,158.94
1783575970,213,98570.08,24.05,158.85,98569.27,158.92
1783575970,214,98570.4,24.05,158.82,98569.52,158.9
1783575970,215,98570.3,24.04,158.82,98569.69,158.88
1783575970,216,98570.63,24.04,158.79,98569.89,158.86
1783575970,217,98571.27,24.04,158.74,98570.19,158.83
1783575970,218,98571.6,24.04,158.71,98570.49,158.81
1783575970,219,98571.6,24.04,158.71,98570.73,158.79
1783575971,220,98572.83,24.04,158.6,98571.71,158.7
1783575971,221,98573.48,24.04,158.54,98572.09,158.67
1783575971,222,98573.38,24.04,158.55,98572.38,158.64
1783575971,223,98573.7,24.04,158.52,98572.66,158.62
1783575971,224,98574.35,24.04,158.47,98573.03,158.58
1783575971,225,98574.68,24.04,158.44,98573.39,158.55
1783575971,226,98574.9,24.04,158.42,98573.72,158.52
1783575971,227,98575.23,24.04,158.39,98574.05,158.49
1783575972,228,98575.67,24.03,158.34,98574.93,158.41
1783575972,229,98575.6,24.03,158.35,98575.08,158.4
1783575972,230,98575.93,24.03,158.32,98575.27,158.38
1783575972,231,98575.83,24.03,158.33,98575.39,158.37
1783575972,232,98576.48,24.03,158.27,98575.63,158.35
1783575972,233,98576.38,24.02,158.28,98575.8,158.33
1783575972,234,98576.6,24.02,158.26,98575.98,158.31
1783575972,235,98576.6,24.02,158.26,98576.12,158.3
1783575973,236,98577.3,24.01,158.19,98576.72,158.24
1783575973,237,98577.63,24.01,158.16,98576.92,158.22
1783575973,238,98577.85,24.01,158.14,98577.13,158.21
1783575973,239,98577.76,24.01,158.15,98577.27,158.19
1783575973,240,98578.09,24.01,158.12,98577.45,158.18
1783575973,241,98577.98,24.01,158.13,98577.57,158.17
1783575973,242,98577.98,24.01,158.13,98577.66,158.16
1783575973,243,98577.91,24.0,158.13,98577.73,158.15
1783575974,244,98578.37,24.0,158.09,98578.05,158.12
1783575974,245,98578.26,24.0,158.1,98578.11,158.11
1783575974,246,98578.16,23.99,158.1,98578.13,158.11
1783575974,247,98579.13,23.99,158.02,98578.36,158.09
1783575974,248,98579.07,23.99,158.02,98578.52,158.07
1783575974,249,98578.65,23.99,158.06,98578.56,158.07
1783575974,250,98578.97,23.99,158.03,98578.66,158.06
1783575975,251,98578.87,23.99,158.04,98578.71,158.06
1783575975,252,98578.99,23.98,158.03,98578.91,158.03
1783575975,253,98578.93,23.98,158.03,98578.92,158.03
1783575975,254,98578.93,23.98,158.03,98578.94,158.03
1783575975,255,98578.83,23.98,158.04,98578.93,158.03
1783575975,256,98578.83,23.98,158.04,98578.92,158.03
1783575975,257,98578.73,23.97,158.04,98578.9,158.03
1783575976,258,98578.73,23.97,158.04,98578.88,158.03
1783575976,259,98578.63,23.97,158.05,98578.84,158.03
1783575976,260,98578.79,23.97,158.04,98578.75,158.04
1783575976,261,98578.37,23.96,158.07,98578.68,158.04
1783575976,262,98578.7,23.96,158.04,98578.7,158.04
1783575976,263,98578.91,23.96,158.02,98578.76,158.04
1783575976,264,98579.24,23.96,157.99,98578.88,158.02
1783575976,265,98579.13,23.96,158.0,98578.95,158.02
1783575977,266,98579.13,23.96,158.0,98579.0,158.01
1783575977,267,98579.13,23.96,158.0,98579.04,158.01
1783575977,268,98578.98,23.95,158.01,98579.07,158.0
1783575977,269,98578.87,23.95,158.02,98579.04,158.01
1783575977,270,98579.2,23.95,157.99,98579.09,158.0
1783575977,271,98578.77,23.95,158.03,98579.03,158.01
1783575977,272,98579.1,23.95,158.0,98579.06,158.0
1783575978,273,98579.42,23.95,157.97,98579.16,157.99
1783575978,274,98578.99,23.95,158.01,98579.13,158.0
1783575978,275,98578.99,23.95,158.01,98579.12,158.0
1783575978,276,98578.93,23.94,158.01,98579.15,157.99
1783575978,277,98578.51,23.94,158.05,98579.03,158.0
1783575978,278,98578.18,23.94,158.08,98578.87,158.02
1783575978,279,98578.18,23.94,158.08,98578.73,158.03
1783575979,280,98577.54,23.94,158.13,98578.49,158.05
1783575979,281,98577.21,23.94,158.16,98578.23,158.07
1783575979,282,98576.89,23.94,158.19,98577.96,158.09
1783575979,283,98576.24,23.94,158.25,98577.61,158.13
1783575979,284,98574.72,23.94,158.38,98576.09,158.26
1783575979,285,98574.07,23.94,158.44,98575.68,158.3
1783575979,286,98573.81,23.95,158.47,98575.29,158.34
1783575979,287,98573.49,23.95,158.49,98574.92,158.37
1783575980,288,98573.16,23.95,158.52,98574.56,158.4
1783575980,289,98572.52,23.95,158.58,98574.14,158.44
1783575980,290,98572.52,23.95,158.58,98573.81,158.47
1783575980,291,98572.2,23.95,158.61,98573.48,158.49
1783575980,292,98571.32,23.95,158.69,98572.43,158.59
1783575980,293,98571.0,23.95,158.71,98572.14,158.61
1783575980,294,98571.1,23.95,158.71,98571.94,158.63
1783575981,295,98570.77,23.95,158.73,98571.7,158.65
1783575981,296,98570.77,23.95,158.73,98571.52,158.67
1783575981,297,98570.45,23.95,158.76,98571.3,158.69
1783575981,298,98570.13,23.95,158.79,98571.07,158.71
1783575981,299,98570.55,23.95,158.75,98570.98,158.72
1783575981,300,98569.57,23.95,158.84,98570.32,158.77
1783575981,301,98569.57,23.95,158.84,98570.17,158.79
1783575982,302,98570.0,23.96,158.81,98570.14,158.8
1783575982,303,98569.68,23.96,158.84,98570.05,158.8
1783575982,304,98569.68,23.96,158.84,98569.98,158.81
1783575982,305,98569.35,23.96,158.86,98569.86,158.82
1783575982,306,98569.74,23.96,158.83,98569.85,158.82
1783575982,307,98569.41,23.96,158.86,98569.77,158.83
1783575982,308,98569.29,23.96,158.87,98569.58,158.84
1783575982,309,98569.4,23.97,158.87,98569.55,158.85
1783575983,310,98569.13,23.97,158.89,98569.48,158.86
1783575983,311,98568.81,23.97,158.92,98569.35,158.87
1783575983,312,98569.24,23.97,158.88,98569.34,158.87
1783575983,313,98568.91,23.97,158.91,98569.27,158.88
1783575983,314,98568.91,23.97,158.91,98569.2,158.88
1783575983,315,98569.34,23.97,158.87,98569.24,158.88
1783575983,316,98569.21,23.98,158.89,98569.2,158.89
1783575984,317,98569.21,23.98,158.89,98569.22,158.89
1783575984,318,98569.27,23.98,158.88,98569.24,158.89
1783575984,319,98568.96,23.98,158.91,98569.2,158.89
1783575984,320,98569.05,23.98,158.9,98569.18,158.89
1783575984,321,98569.05,23.98,158.9,98569.16,158.89
1783575984,322,98568.73,23.98,158.93,98569.09,158.9
1783575984,323,98569.15,23.99,158.9,98569.1,158.9
1783575985,324,98569.35,23.99,158.88,98569.24,158.89
1783575985,325,98569.35,23.99,158.88,98569.27,158.89
1783575985,326,98569.74,23.99,158.85,98569.38,158.88
1783575985,327,98569.74,23.99,158.85,98569.47,158.87
1783575985,328,98570.07,23.99,158.82,98569.61,158.86
1783575985,329,98570.39,23.99,158.79,98569.79,158.84
1783575985,330,98570.71,23.99,158.76,98569.99,158.82
1783575985,331,98571.04,23.99,158.73,98570.23,158.8
1783575986,332,98572.91,23.99,158.57,98571.56,158.69
1783575986,333,98573.24,23.99,158.54,98571.93,158.65
1783575986,334,98573.88,23.99,158.48,98572.36,158.62
1783575986,335,98574.11,23.99,158.46,98572.74,158.58
1783575986,336,98574.43,23.99,158.43,98573.11,158.55
1783575986,337,98574.43,23.99,158.43,98573.4,158.52
1783575986,338,98575.09,23.99,158.37,98573.77,158.49
1783575986,339,98575.3,23.99,158.36,98574.1,158.46
1783575987,340,98576.83,23.98,158.22,98575.55,158.33
1783575987,341,98577.15,23.98,158.19,98575.9,158.3
1783575987,342,98577.38,23.98,158.17,98576.23,158.27
1783575987,343,98577.7,23.98,158.14,98576.55,158.24
1783575987,344,98578.02,23.98,158.11,98576.88,158.21
1783575987,345,98577.96,23.98,158.12,98577.13,158.19
1783575987,346,98578.28,23.98,158.09,98577.38,158.17
1783575987,347,98578.18,23.98,158.1,98577.56,158.15
1783575988,348,98578.3,23.97,158.08,98578.12,158.1
1783575988,349,98578.63,23.97,158.05,98578.24,158.09
1783575988,350,98578.53,23.97,158.06,98578.32,158.08
1783575988,351,98578.85,23.97,158.03,98578.45,158.07
1783575988,352,98578.79,23.97,158.04,98578.53,158.06
1783575988,353,98579.12,23.97,158.01,98578.67,158.05
1783575988,354,98579.01,23.96,158.01,98578.76,158.04
1783575988,355,98579.34,23.96,157.98,98578.9,158.02
1783575989,356,98579.79,23.96,157.94,98579.35,157.98
1783575989,357,98579.4,23.96,157.98,98579.38,157.98
1783575989,358,98580.04,23.96,157.92,98579.53,157.97
1783575989,359,98580.04,23.96,157.92,98579.66,157.96
1783575989,360,98580.04,23.96,157.92,98579.75,157.95
1783575989,361,98579.95,23.95,157.92,98579.81,157.94
1783575989,362,98580.27,23.95,157.9,98579.92,157.93
1783575990,363,98580.16,23.95,157.91,98579.99,157.92
1783575990,364,98580.29,23.95,157.89,98580.23,157.9
1783575990,365,98580.23,23.94,157.89,98580.25,157.89
1783575990,366,98580.23,23.94,157.89,98580.26,157.89
1783575990,367,98580.45,23.94,157.88,98580.31,157.89
1783575990,368,98580.45,23.94,157.88,98580.36,157.88
1783575990,369,98580.35,23.94,157.88,98580.38,157.88
1783575990,370,98580.35,23.94,157.88,98580.38,157.88
1783575991,371,98580.25,23.94,157.89,98580.38,157.88
1783575991,372,98580.09,23.93,157.9,98580.27,157.89
1783575991,373,98579.98,23.93,157.91,98580.22,157.89
1783575991,374,98579.98,23.93,157.91,98580.19,157.89
1783575991,375,98579.98,23.93,157.91,98580.16,157.9
1783575991,376,98579.88,23.93,157.92,98580.12,157.9
1783575991,377,98579.88,23.93,157.92,98580.09,157.9
1783575992,378,98580.21,23.93,157.89,98580.13,157.9
1783575992,379,98579.79,23.92,157.92,98580.09,157.9
1783575992,380,98579.95,23.92,157.91,98580.09,157.9
1783575992,381,98579.95,23.92,157.91,98580.08,157.9
1783575992,382,98580.27,23.92,157.88,98580.13,157.89
1783575992,383,98579.84,23.92,157.92,98580.09,157.9
1783575992,384,98579.84,23.92,157.92,98580.05,157.9
1783575993,385,98580.16,23.92,157.89,98580.09,157.9
1783575993,386,98580.07,23.91,157.89,98580.12,157.89
1783575993,387,98580.71,23.91,157.84,98580.27,157.88
1783575993,388,98580.77,23.91,157.83,98580.5,157.85
1783575993,389,98580.99,23.9,157.81,98580.63,157.84
1783575993,390,98581.32,23.9,157.78,98580.8,157.82
1783575993,391,98580.9,23.9,157.81,98580.84,157.82
1783575993,392,98581.55,23.9,157.76,98581.01,157.8
1783575994,393,98581.12,23.9,157.8,98581.05,157.8
1783575994,394,98581.02,23.9,157.8,98581.07,157.8
1783575994,395,98581.35,23.9,157.77,98581.15,157.79
1783575994,396,98581.51,23.89,157.76,98581.3,157.77
1783575994,397,98581.4,23.89,157.77,98581.34,157.77
1783575994,398,98581.73,23.89,157.74,98581.45,157.76
1783575994,399,98581.63,23.89,157.74,98581.51,157.76
1783575995,400,98581.21,23.88,157.78,98581.47,157.75
1783575995,401,98581.21,23.88,157.78,98581.44,157.76
1783575995,402,98581.21,23.88,157.78,98581.41,157.76
1783575995,403,98581.21,23.88,157.78,98581.39,157.76
1783575995,404,98580.16,23.88,157.87,98580.8,157.81
1783575995,405,98579.52,23.88,157.93,98580.55,157.83
1783575995,406,98579.2,23.88,157.95,98580.29,157.86
1783575995,407,98579.2,23.88,157.95,98580.08,157.88
1783575996,408,98579.2,23.88,157.95,98579.91,157.89
1783575996,409,98579.26,23.88,157.95,98579.8,157.9
1783575996,410,98578.94,23.88,157.98,98579.63,157.92
1783575996,411,98578.62,23.88,158.0,98579.44,157.93
1783575996,412,98577.96,23.88,158.06,98578.66,158.0
1783575996,413,98577.65,23.88,158.09,98578.47,158.02
1783575996,414,98577.32,23.88,158.12,98578.24,158.04
1783575997,415,98576.99,23.88,158.15,98578.0,158.06
1783575997,416,98576.99,23.88,158.15,98577.8,158.08
1783575997,417,98576.99,23.88,158.15,98577.66,158.09
1783575997,418,98576.67,23.88,158.18,98577.47,158.11
1783575997,419,98576.35,23.88,158.2,98577.25,158.13
1783575997,420,98575.7,23.88,158.26,98576.52,158.19
1783575997,421,98576.12,23.89,158.23,98576.45,158.2
1783575998,422,98576.12,23.89,158.23,98576.41,158.21
1783575998,423,98575.8,23.89,158.26,98576.3,158.21
1783575998,424,98575.48,23.89,158.29,98576.14,158.23
1783575998,425,98575.15,23.89,158.32,98575.95,158.25
1783575998,426,98575.15,23.89,158.32,98575.8,158.26
1783575998,427,98574.83,23.89,158.34,98575.62,158.27
1783575998,428,98574.51,23.89,158.37,98575.02,158.33
1783575998,429,98574.51,23.89,158.37,98574.94,158.33
1783575999,430,98574.51,23.89,158.37,98574.87,158.34
1783575999,431,98574.51,23.89,158.37,98574.81,158.35
1783575999,432,98574.51,23.89,158.37,98574.77,158.35
1783575999,433,98574.51,23.89,158.37,98574.73,158.35
1783575999,434,98574.51,23.89,158.37,98574.71,158.35
1783575999,435,98574.51,23.89,158.37,98574.69,158.36
1783575999,436,98575.26,23.89,158.31,98575.0,158.33
1783576000,437,98574.93,23.89,158.34,98575.01,158.33
1783576000,438,98574.93,23.89,158.34,98575.02,158.33
1783576000,439,98574.93,23.89,158.34,98575.02,158.33
1783576000,440,98574.6,23.89,158.36,98574.95,158.33
1783576000,441,98574.93,23.89,158.34,98574.96,158.33
1783576000,442,98574.6,23.89,158.36,98574.91,158.34
1783576000,443,98574.6,23.89,158.36,98574.86,158.34
1783576001,444,98574.7,23.89,158.36,98574.86,158.34
1783576001,445,98574.7,23.89,158.36,98574.85,158.34
1783576001,446,98574.38,23.89,158.38,98574.77,158.35
1783576001,447,98574.8,23.89,158.35,98574.8,158.35
1783576001,448,98574.48,23.89,158.38,98574.76,158.35
1783576001,449,98574.48,23.89,158.38,98574.72,158.35
1783576001,450,98574.16,23.89,158.4,98574.62,158.36
1783576001,451,98574.55,23.9,158.37,98574.62,158.37
1783576002,452,98573.67,23.9,158.45,98574.16,158.41
1783576002,453,98573.02,23.9,158.51,98573.94,158.43
1783576002,454,98573.13,23.9,158.5,98573.78,158.44
1783576002,455,98573.13,23.9,158.5,98573.66,158.45
1783576002,456,98572.8,23.9,158.53,98573.5,158.47
1783576002,457,98572.57,23.9,158.55,98573.32,158.48
1783576002,458,98571.93,23.9,158.61,98573.05,158.51
1783576002,459,98571.6,23.9,158.63,98572.76,158.53
1783576003,460,98571.23,23.91,158.67,98571.94,158.61
1783576003,461,98570.9,23.91,158.7,98571.73,158.63
1783576003,462,98570.67,23.91,158.72,98571.53,158.65
1783576003,463,98570.67,23.91,158.72,98571.37,158.66
1783576003,464,98570.45,23.92,158.75,98571.18,158.68
1783576003,465,98570.13,23.92,158.77,98570.98,158.7
1783576003,466,98570.23,23.92,158.77,98570.84,158.71
1783576003,467,98569.9,23.92,158.8,98570.66,158.73
1783576004,468,98569.1,23.92,158.87,98569.89,158.8
1783576004,469,98569.1,23.92,158.87,98569.74,158.81
1783576004,470,98569.1,23.92,158.87,98569.63,158.82
1783576004,471,98568.77,23.92,158.89,98569.46,158.83
1783576004,472,98569.2,23.93,158.86,98569.41,158.84
1783576004,473,98569.2,23.93,158.86,98569.38,158.85
1783576004,474,98568.87,23.93,158.89,98569.29,158.85
1783576004,475,98568.87,23.93,158.89,98569.22,158.86
1783576005,476,98568.65,23.93,158.91,98568.89,158.89
1783576005,477,98568.32,23.93,158.94,98568.79,158.9
1783576005,478,98568.74,23.93,158.9,98568.8,158.9
1783576005,479,98568.74,23.93,158.9,98568.8,158.9
1783576005,480,98568.81,23.93,158.9,98568.82,158.9
1783576005,481,98568.49,23.93,158.92,98568.77,158.9
1783576005,482,98568.59,23.94,158.92,98568.74,158.91
1783576006,483,98568.59,23.94,158.92,98568.73,158.91
1783576006,484,98568.88,23.94,158.9,98568.71,158.91
1783576006,485,98568.63,23.95,158.92,98568.7,158.92
1783576006,486,98568.63,23.95,158.92,98568.7,158.92
1783576006,487,98568.73,23.95,158.91,98568.73,158.91
1783576006,488,98568.84,23.95,158.91,98568.77,158.91
1783576006,489,98568.6,23.95,158.93,98568.74,158.91
1783576007,490,98568.71,23.96,158.92,98568.74,158.92
1783576007,491,98568.77,23.96,158.92,98568.77,158.92
1783576007,492,98568.1,23.97,158.98,98568.45,158.95
1783576007,493,98567.84,23.97,159.0,98568.33,158.96
1783576007,494,98567.94,23.97,158.99,98568.26,158.97
1783576007,495,98568.04,23.97,158.99,98568.23,158.97
1783576007,496,98568.14,23.98,158.98,98568.21,158.98
1783576007,497,98568.24,23.98,158.97,98568.23,158.97
1783576008,498,98568.3,23.98,158.97,98568.26,158.97
1783576008,499,98568.41,23.98,158.96,98568.3,158.97
1783576008,500,98568.23,24.0,158.99,98568.32,158.98
1783576008,501,98568.32,24.0,158.98,98568.33,158.98
1783576008,502,98568.1,24.0,159.0,98568.29,158.98
1783576008,503,98568.2,24.0,158.99,98568.28,158.98
1783576008,504,98568.2,24.0,158.99,98568.27,158.98
1783576009,505,98567.94,24.01,159.02,98568.2,158.99
1783576009,506,98568.13,24.01,159.0,98568.2,158.99
1783576009,507,98567.91,24.01,159.02,98568.14,159.0
1783576009,508,98568.38,24.03,158.99,98568.14,159.01
1783576009,509,98568.48,24.03,158.98,98568.22,159.0
1783576009,510,98568.87,24.03,158.95,98568.37,158.99
1783576009,511,98569.62,24.03,158.88,98568.64,158.97
1783576009,512,98569.62,24.03,158.88,98568.86,158.95
1783576010,513,98570.69,24.04,158.79,98569.25,158.92
1783576010,514,98571.01,24.04,158.76,98569.63,158.88
1783576010,515,98571.34,24.04,158.73,98570.0,158.85
1783576010,516,98573.27,24.04,158.56,98571.73,158.7
1783576010,517,98573.93,24.04,158.5,98572.2,158.66
1783576010,518,98574.15,24.03,158.48,98572.63,158.61
1783576010,519,98574.48,24.03,158.45,98573.03,158.58
1783576011,520,98575.45,24.03,158.36,98573.55,158.53
1783576011,521,98575.35,24.03,158.37,98573.95,158.5
1783576011,522,98575.67,24.03,158.34,98574.32,158.46
1783576011,523,98576.32,24.03,158.29,98574.76,158.43
1783576011,524,98576.8,24.03,158.24,98575.9,158.32
1783576011,525,98577.45,24.03,158.19,98576.23,158.3
1783576011,526,98577.02,24.02,158.22,98576.41,158.27
1783576012,527,98577.35,24.02,158.19,98576.62,158.26
1783576012,528,98577.35,24.02,158.19,98576.78,158.24
1783576012,529,98577.68,24.02,158.16,98576.98,158.22
1783576012,530,98577.9,24.02,158.14,98577.18,158.21
1783576012,531,98578.23,24.02,158.11,98577.41,158.19
1783576012,532,98578.7,24.02,158.07,98578.08,158.13
1783576012,533,98579.03,24.02,158.04,98578.29,158.11
1783576012,534,98578.93,24.01,158.05,98578.44,158.09
1783576013,535,98579.25,24.01,158.02,98578.62,158.07
1783576013,536,98579.16,24.01,158.03,98578.74,158.06
1783576013,537,98579.48,24.01,158.0,98578.91,158.05
1783576013,538,98579.38,24.01,158.01,98579.02,158.04
1783576013,539,98579.7,24.01,157.98,98579.17,158.03
1783576013,540,98580.51,24.0,157.9,98579.88,157.96
1783576013,541,98580.41,24.0,157.91,98580.0,157.95
1783576014,542,98580.73,24.0,157.88,98580.16,157.93
1783576014,543,98580.63,24.0,157.89,98580.27,157.92
1783576014,544,98580.85,24.0,157.87,98580.41,157.91
1783576014,545,98581.18,24.0,157.84,98580.58,157.9
1783576014,546,98581.09,23.99,157.85,98580.7,157.88
1783576014,547,98581.09,23.99,157.85,98580.79,157.87
1783576014,548,98581.13,23.99,157.84,98581.06,157.85
1783576015,549,98581.13,23.99,157.84,98581.09,157.85
1783576015,550,98581.04,23.98,157.84,98581.09,157.84
1783576015,551,98581.37,23.98,157.82,98581.16,157.83
1783576015,552,98581.37,23.98,157.82,98581.22,157.83
1783576015,553,98581.59,23.98,157.8,98581.31,157.82
1783576015,554,98581.52,23.98,157.8,98581.37,157.82
1783576015,555,98581.52,23.98,157.8,98581.41,157.81
1783576015,556,98581.23,23.97,157.82,98581.35,157.81
1783576016,557,98581.55,23.97,157.79,98581.41,157.81
1783576016,558,98581.45,23.97,157.8,98581.43,157.8
1783576016,559,98581.38,23.97,157.81,98581.43,157.8
1783576016,560,98581.7,23.97,157.78,98581.5,157.8
1783576016,561,98581.6,23.96,157.78,98581.53,157.79
1783576016,562,98581.51,23.96,157.79,98581.54,157.79
1783576016,563,98581.83,23.96,157.76,98581.62,157.78
1783576017,564,98581.66,23.96,157.78,98581.62,157.78
1783576017,565,98581.56,23.95,157.78,98581.63,157.78
1783576017,566,98581.56,23.95,157.78,98581.63,157.78
1783576017,567,98581.46,23.95,157.79,98581.6,157.78
1783576017,568,98581.79,23.95,157.76,98581.66,157.77
1783576017,569,98581.69,23.95,157.77,98581.68,157.77
1783576017,570,98582.01,23.95,157.74,98581.77,157.76
1783576017,571,98581.59,23.95,157.78,98581.74,157.77
1783576018,572,98581.74,23.94,157.76,98581.73,157.76
1783576018,573,98581.65,23.94,157.77,98581.73,157.76
1783576018,574,98581.55,23.94,157.78,98581.7,157.76
1783576018,575,98581.87,23.94,157.75,98581.76,157.76
1783576018,576,98581.87,23.94,157.75,98581.8,157.76
1783576018,577,98581.77,23.93,157.75,98581.8,157.75
1783576018,578,98581.7,23.93,157.76,98581.8,157.75
1783576018,579,98582.02,23.93,157.73,98581.86,157.75
1783576019,580,98581.73,23.92,157.75,98581.88,157.74
1783576019,581,98580.98,23.92,157.82,98581.71,157.75
1783576019,582,98580.98,23.92,157.82,98581.57,157.77
1783576019,583,98580.98,23.92,157.82,98581.46,157.78
1783576019,584,98580.27,23.92,157.88,98581.23,157.8
1783576019,585,98579.95,23.92,157.91,98580.97,157.82
1783576019,586,98579.62,23.92,157.94,98580.7,157.84
1783576019,587,98578.98,23.92,157.99,98580.34,157.87
1783576020,588,98576.38,23.92,158.22,98578.52,158.03
1783576020,589,98576.05,23.92,158.25,98578.02,158.08
1783576020,590,98575.8,23.92,158.27,98577.56,158.12
1783576020,591,98575.15,23.92,158.33,98577.06,158.16
1783576020,592,98574.83,23.92,158.36,98576.6,158.2
1783576020,593,98574.18,23.92,158.42,98576.1,158.25
1783576020,594,98573.85,23.92,158.45,98575.64,158.29
1783576021,595,98573.53,23.92,158.47,98575.21,158.33
1783576021,596,98572.55,23.92,158.56,98573.74,158.46
1783576021,597,98572.24,23.92,158.59,98573.44,158.48
1783576021,598,98571.91,23.92,158.62,98573.13,158.51
1783576021,599,98571.91,23.92,158.62,98572.89,158.53
1783576021,600,98571.52,23.92,158.65,98572.62,158.56
1783576021,601,98571.2,23.92,158.68,98572.33,158.58
1783576021,602,98571.2,23.92,158.68,98572.1,158.6
1783576022,603,98570.88,23.92,158.71,98571.86,158.62
1783576022,604,98570.55,23.92,158.74,98571.18,158.68
1783576022,605,98570.13,23.92,158.77,98570.98,158.7
1783576022,606,98570.13,23.92,158.77,98570.81,158.71
1783576022,607,98570.13,23.92,158.77,98570.69,158.73
1783576022,608,98570.45,23.92,158.75,98570.66,158.73
1783576022,609,98570.13,23.92,158.77,98570.56,158.74
1783576023,610,98570.13,23.92,158.77,98570.49,158.74
1783576023,611,98569.8,23.92,158.8,98570.37,158.75
1783576023,612,98569.9,23.92,158.8,98569.96,158.79
1783576023,613,98569.57,23.92,158.82,98569.9,158.8
1783576023,614,98569.26,23.92,158.85,98569.78,158.81
1783576023,615,98569.26,23.92,158.85,98569.69,158.81
1783576023,616,98569.26,23.92,158.85,98569.62,158.82
1783576023,617,98569.26,23.92,158.85,98569.56,158.83
1783576024,618,98569.32,23.92,158.85,98569.53,158.83
1783576024,619,98569.32,23.92,158.85,98569.51,158.83
1783576024,620,98568.67,23.92,158.9,98569.12,158.86
1783576024,621,98568.35,23.92,158.93,98568.97,158.88
1783576024,622,98568.35,23.92,158.93,98568.85,158.89
1783576024,623,98568.35,23.92,158.93,98568.77,158.9
1783576024,624,98568.67,23.92,158.9,98568.77,158.9
1783576025,625,98568.67,23.92,158.9,98568.77,158.9
1783576025,626,98568.35,23.92,158.93,98568.7,158.9
1783576025,627,98568.35,23.92,158.93,98568.64,158.91
1783576025,628,98568.67,23.92,158.9,98568.68,158.9
1783576025,629,98568.67,23.92,158.9,98568.7,158.9
1783576025,630,98568.35,23.92,158.93,98568.64,158.91
1783576025,631,98568.35,23.92,158.93,98568.59,158.91
1783576026,632,98568.45,23.92,158.92,98568.58,158.91
1783576026,633,98568.45,23.92,158.92,98568.57,158.91
1783576026,634,98568.45,23.92,158.92,98568.56,158.91
1783576026,635,98568.13,23.92,158.95,98568.48,158.92
1783576026,636,98568.13,23.92,158.95,98568.31,158.94
1783576026,637,98568.55,23.93,158.92,98568.38,158.93
1783576026,638,98568.23,23.93,158.95,98568.36,158.94
1783576026,639,98568.23,23.93,158.95,98568.35,158.94
1783576027,640,98568.55,23.93,158.92,98568.41,158.93
1783576027,641,98568.23,23.93,158.95,98568.38,158.93
1783576027,642,98567.9,23.93,158.98,98568.3,158.94
1783576027,643,98568.32,23.93,158.94,98568.32,158.94
1783576027,644,98567.77,23.93,158.99,98568.02,158.97
1783576027,645,98567.77,23.93,158.99,98567.98,158.97
1783576027,646,98567.84,23.93,158.98,98567.97,158.97
1783576028,647,98567.84,23.93,158.98,98567.96,158.97
1783576028,648,98567.52,23.93,159.01,98567.88,158.98
1783576028,649,98567.2,23.93,159.04,98567.75,158.99
1783576028,650,98567.29,23.94,159.04,98567.67,159.0
1783576028,651,98567.72,23.94,159.0,98567.7,159.0
1783576028,652,98567.27,23.94,159.04,98567.48,159.02
1783576028,653,98567.66,23.95,159.01,98567.52,159.02
1783576029,654,98567.76,23.95,159.0,98567.59,159.02
1783576029,655,98567.76,23.95,159.0,98567.64,159.01
1783576029,656,98568.18,23.95,158.96,98567.77,159.0
1783576029,657,98568.28,23.95,158.95,98567.9,158.99
1783576029,658,98568.6,23.95,158.93,98568.06,158.97
1783576029,659,98568.6,23.95,158.93,98568.2,158.96
1783576029,660,98570.98,23.96,158.72,98569.5,158.85
1783576029,661,98571.62,23.96,158.66,98569.97,158.81
1783576030,662,98571.84,23.95,158.64,98570.39,158.77
1783576030,663,98572.16,23.95,158.61,98570.78,158.73
1783576030,664,98573.14,23.95,158.53,98571.3,158.69
1783576030,665,98573.37,23.95,158.51,98571.76,158.65
1783576030,666,98574.02,23.95,158.45,98572.26,158.6
1783576030,667,98574.66,23.95,158.39,98572.79,158.56
1783576030,668,98575.76,23.95,158.29,98574.4,158.41
1783576031,669,98576.09,23.95,158.27,98574.77,158.38
1783576031,670,98576.09,23.95,158.27,98575.07,158.35
1783576031,671,98576.02,23.94,158.27,98575.3,158.33
1783576031,672,98576.34,23.94,158.24,98575.54,158.31
1783576031,673,98576.66,23.94,158.21,98575.8,158.29
1783576031,674,98576.56,23.94,158.22,98575.98,158.27
1783576031,675,98577.21,23.94,158.16,98576.26,158.25
1783576032,676,98577.98,23.94,158.09,98577.15,158.17
1783576032,677,98577.88,23.93,158.1,98577.32,158.15
1783576032,678,98578.21,23.93,158.07,98577.52,158.13
1783576032,679,98578.15,23.93,158.07,98577.67,158.11
1783576032,680,98578.46,23.93,158.05,98577.86,158.1
1783576032,681,98578.7,23.93,158.02,98578.05,158.08
1783576032,682,98578.59,23.93,158.03,98578.19,158.07
1783576032,683,98578.91,23.93,158.01,98578.36,158.05
1783576033,684,98579.69,23.92,157.93,98579.02,157.99
1783576033,685,98579.62,23.92,157.94,98579.16,157.98
1783576033,686,98580.27,23.92,157.88,98579.41,157.96
1783576033,687,98580.16,23.92,157.89,98579.59,157.94
1783576033,688,98580.82,23.92,157.83,98579.88,157.92
1783576033,689,98580.71,23.91,157.84,98580.08,157.89
1783576033,690,98580.29,23.91,157.87,98580.14,157.89
1783576033,691,98580.95,23.91,157.82,98580.34,157.87
1783576034,692,98580.68,23.9,157.83,98580.63,157.84
1783576034,693,98580.57,23.9,157.84,98580.63,157.84
1783576034,694,98580.57,23.9,157.84,98580.64,157.84
1783576034,695,98580.57,23.9,157.84,98580.65,157.84
1783576034,696,98580.8,23.9,157.82,98580.7,157.83
1783576034,697,98580.7,23.9,157.83,98580.72,157.83
1783576034,698,98581.02,23.9,157.8,98580.8,157.82
1783576034,699,98580.63,23.89,157.83,98580.8,157.82
1783576035,700,98581.4,23.89,157.77,98581.14,157.79
1783576035,701,98581.3,23.89,157.77,98581.2,157.78
1783576035,702,98581.21,23.88,157.78,98581.22,157.78
1783576035,703,98581.52,23.88,157.75,98581.3,157.77
1783576035,704,98581.46,23.88,157.75,98581.36,157.76
1783576035,705,98581.37,23.88,157.76,98581.38,157.76
1783576035,706,98581.23,23.88,157.77,98581.38,157.76
1783576035,707,98581.55,23.88,157.75,98581.44,157.76
1783576036,708,98581.94,23.87,157.71,98581.58,157.74
1783576036,709,98581.84,23.87,157.72,98581.66,157.73
1783576036,710,98582.06,23.86,157.69,98581.77,157.72
1783576036,711,98581.96,23.86,157.7,98581.84,157.71
1783576036,712,98581.87,23.86,157.71,98581.87,157.71
1783576036,713,98582.19,23.86,157.68,98581.96,157.7
1783576036,714,98582.12,23.86,157.69,98582.02,157.69
1783576037,715,98582.02,23.85,157.69,98582.04,157.69
1783576037,716,98582.4,23.85,157.66,98582.27,157.67
1783576037,717,98582.4,23.85,157.66,98582.32,157.66
1783576037,718,98582.3,23.84,157.66,98582.35,157.65
1783576037,719,98582.52,23.84,157.64,98582.41,157.65
1783576037,720,98582.85,23.84,157.61,98582.53,157.64
1783576037,721,98582.43,23.84,157.65,98582.54,157.64
1783576037,722,98582.33,23.84,157.66,98582.52,157.64
1783576038,723,98582.65,23.84,157.63,98582.58,157.63
1783576038,724,98582.38,23.83,157.65,98582.58,157.63
1783576038,725,98582.61,23.83,157.63,98582.61,157.63
1783576038,726,98582.51,23.82,157.63,98582.62,157.62
1783576038,727,98582.84,23.82,157.6,98582.7,157.61
1783576038,728,98582.45,23.82,157.64,98582.67,157.62
1783576038,729,98582.02,23.82,157.67,98582.56,157.63
1783576039,730,98582.34,23.82,157.64,98582.55,157.63
1783576039,731,98581.92,23.82,157.68,98582.45,157.64
1783576039,732,98581.17,23.81,157.74,98581.93,157.68
1783576039,733,98580.85,23.81,157.77,98581.73,157.69
1783576039,734,98580.52,23.81,157.8,98581.5,157.71
1783576039,735,98580.2,23.81,157.83,98581.25,157.74
1783576039,736,98580.2,23.81,157.83,98581.05,157.75
1783576040,737,98580.2,23.81,157.83,98580.9,157.77
1783576040,738,98579.55,23.81,157.89,98580.64,157.79
1783576040,739,98579.55,23.81,157.89,98580.44,157.81
1783576040,740,98578.91,23.81,157.94,98579.7,157.87
1783576040,741,98578.91,23.81,157.94,98579.55,157.89
1783576040,742,98578.91,23.81,157.94,98579.45,157.89
1783576040,743,98578.58,23.81,157.97,98579.29,157.91
1783576040,744,98579.0,23.82,157.94,98579.25,157.92
1783576041,745,98578.68,23.82,157.97,98579.16,157.93
1783576041,746,98578.68,23.82,157.97,98579.09,157.93
1783576041,747,98579.1,23.82,157.93,98579.12,157.93
1783576041,748,98578.23,23.82,158.01,98578.69,157.97
1783576041,749,98577.91,23.82,158.04,98578.55,157.98
1783576041,750,98577.98,23.82,158.03,98578.45,157.99
1783576041,751,98577.65,23.82,158.06,98578.31,158.0
1783576042,752,98577.0,23.82,158.12,98578.06,158.02
1783576042,753,98577.43,23.83,158.08,98577.95,158.04
1783576042,754,98577.1,23.83,158.11,98577.8,158.05
1783576042,755,98576.78,23.83,158.14,98577.61,158.07
1783576042,756,98577.3,23.83,158.09,98577.46,158.08
1783576042,757,98577.3,23.83,158.09,98577.45,158.08
1783576042,758,98577.4,23.83,158.09,98577.47,158.08
1783576043,759,98577.08,23.83,158.11,98577.41,158.08
1783576043,760,98577.15,23.84,158.11,98577.38,158.09
1783576043,761,98576.82,23.84,158.14,98577.28,158.1
1783576043,762,98576.49,23.84,158.17,98577.14,158.11
1783576043,763,98576.59,23.84,158.16,98577.05,158.12
1783576043,764,98576.15,23.84,158.2,98576.67,158.15
1783576043,765,98576.15,23.84,158.2,98576.59,158.16
1783576043,766,98576.24,23.85,158.2,98576.53,158.17
1783576044,767,98575.92,23.85,158.23,98576.43,158.18
1783576044,768,98575.92,23.85,158.23,98576.34,158.19
1783576044,769,98575.99,23.85,158.22,98576.3,158.19
1783576044,770,98575.66,23.85,158.25,98576.19,158.2
1783576044,771,98576.09,23.85,158.21,98576.19,158.2
1783576044,772,98574.99,23.86,158.31,98575.76,158.25
1783576044,773,98574.66,23.86,158.34,98575.55,158.26
1783576045,774,98574.41,23.86,158.37,98575.33,158.28
1783576045,775,98573.77,23.86,158.42,98575.02,158.31
1783576045,776,98573.54,23.86,158.44,98574.73,158.34
1783576045,777,98572.9,23.86,158.5,98574.36,158.37
1783576045,778,98572.99,23.86,158.49,98574.09,158.39
1783576045,779,98572.34,23.86,158.55,98573.74,158.42
1783576045,780,98571.25,23.87,158.65,98572.52,158.54
1783576045,781,98570.99,23.87,158.67,98572.22,158.56
1783576046,782,98570.66,23.87,158.7,98571.91,158.59
1783576046,783,98570.34,23.87,158.73,98571.59,158.62
1783576046,784,98570.45,23.87,158.72,98571.38,158.64
1783576046,785,98570.12,23.87,158.75,98571.13,158.66
1783576046,786,98569.79,23.87,158.78,98570.87,158.68
1783576046,787,98569.9,23.88,158.77,98570.68,158.71
1783576046,788,98568.92,23.88,158.86,98569.86,158.78
1783576047,789,98568.6,23.88,158.89,98569.61,158.8
1783576047,790,98568.27,23.88,158.92,98569.34,158.82
1783576047,791,98568.73,23.88,158.88,98569.23,158.83
1783576047,792,98568.41,23.88,158.91,98569.08,158.85
1783576047,793,98568.41,23.88,158.91,98568.95,158.86
1783576047,794,98568.41,23.88,158.91,98568.86,158.87
1783576047,795,98568.51,23.88,158.9,98568.8,158.87
1783576048,796,98568.57,23.88,158.89,98568.6,158.89
1783576048,797,98568.25,23.88,158.92,98568.55,158.89
1783576048,798,98567.93,23.88,158.95,98568.44,158.9
1783576048,799,98568.02,23.89,158.94,98568.37,158.91
1783576048,800,98568.02,23.89,158.94,98568.31,158.92
1783576048,801,98567.7,23.89,158.97,98568.2,158.93
1783576048,802,98568.13,23.89,158.94,98568.21,158.93
1783576048,803,98568.13,23.89,158.94,98568.21,158.93
1783576049,804,98567.58,23.89,158.98,98568.01,158.95
1783576049,805,98568.0,23.89,158.95,98568.03,158.94
1783576049,806,98568.0,23.89,158.95,98568.05,158.94
1783576049,807,98568.32,23.89,158.92,98568.13,158.94
1783576049,808,98568.65,23.89,158.89,98568.26,158.92
1783576049,809,98568.98,23.89,158.86,98568.43,158.91
1783576049,810,98569.29,23.89,158.83,98568.63,158.89
1783576049,811,98569.95,23.89,158.78,98568.94,158.86
1783576050,812,98572.34,23.89,158.56,98570.63,158.71
1783576050,813,98573.3,23.89,158.48,98571.23,158.66
1783576050,814,98573.21,23.89,158.49,98571.67,158.62
1783576050,815,98573.85,23.89,158.43,98572.16,158.58
1783576050,816,98574.41,23.88,158.38,98572.66,158.53
1783576050,817,98575.05,23.88,158.32,98573.19,158.48
1783576050,818,98575.3,23.88,158.3,98573.66,158.44
1783576050,819,98575.54,23.88,158.28,98574.09,158.4
1783576051,820,98577.02,23.88,158.15,98575.59,158.27
1783576051,821,98577.57,23.87,158.09,98576.04,158.23
1783576051,822,98577.79,23.87,158.07,98576.44,158.19
1783576051,823,98578.45,23.87,158.01,98576.89,158.15
1783576051,824,98578.7,23.87,157.99,98577.3,158.12
1783576051,825,98578.6,23.87,158.0,98577.6,158.09
1783576051,826,98579.24,23.87,157.94,98577.98,158.06
1783576051,827,98579.47,23.86,157.92,98578.33,158.02
1783576052,828,98580.18,23.86,157.86,98579.39,157.93
1783576052,829,98580.4,23.85,157.83,98579.63,157.9
1783576052,830,98581.05,23.85,157.77,98579.96,157.87
1783576052,831,98580.95,23.85,157.78,98580.2,157.85
1783576052,832,98581.18,23.85,157.76,98580.43,157.83
1783576052,833,98581.49,23.85,157.74,98580.68,157.81
1783576052,834,98581.76,23.85,157.71,98580.94,157.78
1783576053,835,98581.98,23.84,157.69,98581.2,157.76
1783576053,836,98582.75,23.84,157.62,98582.1,157.68
1783576053,837,98582.98,23.84,157.6,98582.31,157.66
1783576053,838,98582.91,23.83,157.6,98582.48,157.64
1783576053,839,98583.23,23.83,157.57,98582.66,157.62
1783576053,840,98583.46,23.83,157.55,98582.86,157.6
1783576053,841,98583.35,23.83,157.56,98582.99,157.59
1783576053,842,98583.26,23.83,157.57,98583.08,157.59
1783576054,843,98583.59,23.83,157.54,98583.22,157.57
1783576054,844,98583.32,23.82,157.56,98583.41,157.55
1783576054,845,98583.63,23.82,157.53,98583.49,157.54
1783576054,846,98583.54,23.82,157.54,98583.53,157.54
1783576054,847,98583.76,23.81,157.51,98583.62,157.53
1783576054,848,98583.66,23.81,157.52,98583.66,157.52
1783576054,849,98583.59,23.81,157.53,98583.67,157.52
1783576055,850,98583.49,23.81,157.54,98583.66,157.52
1783576055,851,98583.82,23.81,157.51,98583.73,157.52
1783576055,852,98583.45,23.8,157.54,98583.71,157.51
1783576055,853,98583.02,23.79,157.57,98583.59,157.52
1783576055,854,98582.93,23.79,157.58,98583.48,157.53
1783576055,855,98583.26,23.79,157.55,98583.47,157.53
1783576055,856,98583.15,23.79,157.56,98583.43,157.53
1783576056,857,98583.05,23.79,157.57,98583.38,157.54
1783576056,858,98582.66,23.78,157.59,98583.27,157.54
1783576056,859,98582.88,23.78,157.58,98583.22,157.55
1783576056,860,98582.91,23.77,157.57,98583.2,157.54
1783576056,861,98583.56,23.77,157.51,98583.31,157.53
1783576056,862,98583.16,23.77,157.55,98583.31,157.53
1783576056,863,98583.39,23.77,157.53,98583.36,157.53
1783576056,864,98583.39,23.77,157.53,98583.4,157.52
1783576057,865,98583.29,23.77,157.53,98583.41,157.52
1783576057,866,98582.87,23.76,157.57,98583.34,157.53
1783576057,867,98582.87,23.76,157.57,98583.27,157.53
1783576057,868,98582.77,23.76,157.57,98583.07,157.55
1783576057,869,98582.7,23.76,157.58,98583.02,157.55
1783576057,870,98582.27,23.76,157.62,98582.9,157.56
1783576057,871,98582.6,23.76,157.59,98582.87,157.57
1783576058,872,98582.51,23.75,157.59,98582.84,157.56
1783576058,873,98582.51,23.75,157.59,98582.8,157.57
1783576058,874,98582.4,23.75,157.6,98582.76,157.57
1783576058,875,98582.4,23.75,157.6,98582.72,157.57
1783576058,876,98582.24,23.75,157.62,98582.55,157.59
1783576058,877,98582.13,23.74,157.62,98582.49,157.59
1783576058,878,98582.13,23.74,157.62,98582.45,157.59
1783576059,879,98582.13,23.74,157.62,98582.42,157.59
1783576059,880,98582.04,23.74,157.63,98582.38,157.6
1783576059,881,98582.04,23.74,157.63,98582.34,157.6
1783576059,882,98581.62,23.74,157.67,98582.23,157.61
1783576059,883,98581.95,23.74,157.64,98582.2,157.61
1783576059,884,98581.12,23.73,157.7,98581.75,157.65
1783576059,885,98580.7,23.73,157.74,98581.56,157.67
1783576059,886,98581.02,23.73,157.71,98581.48,157.67
1783576060,887,98581.02,23.73,157.71,98581.42,157.68
1783576060,888,98580.6,23.73,157.75,98581.28,157.69
1783576060,889,98580.93,23.73,157.72,98581.24,157.69
1783576060,890,98580.5,23.73,157.76,98581.13,157.7
1783576060,891,98580.82,23.73,157.73,98581.1,157.71
1783576060,892,98580.34,23.72,157.77,98580.77,157.73
1783576060,893,98579.91,23.72,157.81,98580.63,157.74
1783576061,894,98579.91,23.72,157.81,98580.52,157.75
1783576061,895,98580.23,23.72,157.78,98580.49,157.75
1783576061,896,98579.81,23.72,157.81,98580.39,157.76
1783576061,897,98580.13,23.72,157.79,98580.38,157.77
1783576061,898,98579.71,23.71,157.82,98580.27,157.77
1783576061,899,98580.04,23.71,157.79,98580.27,157.77
1783576061,900,98579.87,23.71,157.8,98580.15,157.78
1783576062,901,98579.87,23.71,157.8,98580.13,157.78
1783576062,902,98579.77,23.71,157.81,98580.09,157.79
1783576062,903,98579.77,23.71,157.81,98580.05,157.79
1783576062,904,98579.34,23.7,157.85,98579.95,157.79
1783576062,905,98579.34,23.7,157.85,98579.87,157.8
1783576062,906,98579.02,23.7,157.87,98579.73,157.81
1783576062,907,98578.6,23.7,157.91,98579.53,157.83
1783576062,908,98577.63,23.7,158.0,98578.68,157.9
1783576063,909,98577.63,23.7,158.0,98578.5,157.92
1783576063,910,98577.3,23.7,158.03,98578.29,157.94
1783576063,911,98577.3,23.7,158.03,98578.12,157.95
1783576063,912,98576.59,23.7,158.09,98577.83,157.98
1783576063,913,98576.59,23.7,158.09,98577.6,158.0
1783576063,914,98576.98,23.7,158.05,98577.51,158.01
1783576063,915,98576.66,23.7,158.08,98577.37,158.02
1783576064,916,98576.33,23.7,158.11,98576.85,158.06
1783576064,917,98576.33,23.7,158.11,98576.78,158.07
1783576064,918,98576.43,23.7,158.1,98576.75,158.07
1783576064,919,98576.43,23.7,158.1,98576.73,158.08
1783576064,920,98576.43,23.7,158.1,98576.7,158.08
1783576064,921,98576.43,23.7,158.1,98576.69,158.08
1783576064,922,98576.43,23.7,158.1,98576.67,158.08
1783576064,923,98576.53,23.71,158.1,98576.67,158.09
1783576065,924,98575.98,23.71,158.15,98576.5,158.1
1783576065,925,98575.66,23.71,158.17,98576.36,158.11
1783576065,926,98576.09,23.71,158.14,98576.34,158.11
1783576065,927,98575.76,23.71,158.17,98576.26,158.12
1783576065,928,98575.82,23.71,158.16,98576.2,158.13
1783576065,929,98575.82,23.71,158.16,98576.16,158.13
1783576065,930,98575.93,23.72,158.16,98576.16,158.14
1783576065,931,98575.93,23.72,158.16,98576.15,158.14
1783576066,932,98575.8,23.72,158.17,98575.98,158.15
1783576066,933,98575.48,23.72,158.2,98575.91,158.16
1783576066,934,98575.15,23.72,158.23,98575.79,158.17
1783576066,935,98575.57,23.72,158.19,98575.78,158.17
1783576066,936,98575.57,23.72,158.19,98575.77,158.17
1783576066,937,98575.26,23.72,158.22,98575.7,158.18
1783576066,938,98575.32,23.73,158.22,98575.66,158.19
1783576066,939,98575.32,23.73,158.22,98575.63,158.19
1783576067,940,98573.9,23.73,158.34,98575.05,158.24
1783576067,941,98573.35,23.73,158.39,98574.73,158.27
1783576067,942,98572.7,23.73,158.45,98574.34,158.3
1783576067,943,98572.8,23.74,158.44,98574.04,158.33
1783576067,944,98572.55,23.74,158.47,98573.76,158.36
1783576067,945,98572.32,23.74,158.49,98573.48,158.38
1783576067,946,98572.32,23.74,158.49,98573.27,158.4
1783576067,947,98571.68,23.74,158.54,98572.97,158.43
1783576068,948,98570.32,23.75,158.67,98571.72,158.54
1783576068,949,98569.68,23.75,158.72,98571.32,158.58
1783576068,950,98569.77,23.75,158.72,98571.02,158.6
1783576068,951,98569.88,23.75,158.71,98570.81,158.62
1783576068,952,98569.65,23.76,158.73,98570.59,158.65
1783576068,953,98569.32,23.76,158.76,98570.36,158.67
1783576068,954,98569.1,23.76,158.78,98570.13,158.69
1783576069,955,98568.77,23.76,158.81,98569.88,158.71
1783576069,956,98568.73,23.77,158.82,98569.28,158.77
1783576069,957,98568.82,23.77,158.81,98569.22,158.77
1783576069,958,98568.49,23.77,158.84,98569.09,158.79
1783576069,959,98568.6,23.77,158.83,98569.02,158.79
1783576069,960,98568.27,23.77,158.86,98568.9,158.8
1783576069,961,98568.34,23.77,158.85,98568.81,158.81
1783576070,962,98568.02,23.77,158.88,98568.67,158.82
1783576070,963,98567.7,23.77,158.91,98568.5,158.84
1783576070,964,98567.57,23.78,158.93,98568.03,158.89
1783576070,965,98567.57,23.78,158.93,98567.97,158.89
1783576070,966,98567.66,23.78,158.92,98567.94,158.89
1783576070,967,98567.66,23.78,158.92,98567.91,158.9
1783576070,968,98567.66,23.78,158.92,98567.89,158.9
1783576070,969,98567.34,23.78,158.95,98567.8,158.9
1783576071,970,98567.77,23.78,158.91,98567.83,158.9
1783576071,971,98567.45,23.78,158.94,98567.78,158.91
1783576071,972,98567.51,23.79,158.94,98567.69,158.92
1783576071,973,98567.51,23.79,158.94,98567.68,158.92
1783576071,974,98567.61,23.79,158.93,98567.7,158.92
1783576071,975,98567.61,23.79,158.93,98567.71,158.92
1783576071,976,98567.61,23.79,158.93,98567.72,158.92
1783576072,977,98567.29,23.79,158.96,98567.66,158.92
1783576072,978,98568.03,23.79,158.89,98567.77,158.91
1783576072,979,98567.71,23.79,158.92,98567.79,158.91
1783576072,980,98568.35,23.79,158.86,98568.02,158.89
1783576072,981,98568.68,23.79,158.83,98568.2,158.88
1783576072,982,98569.01,23.79,158.8,98568.4,158.86
1783576072,983,98569.32,23.79,158.78,98568.63,158.84
1783576073,984,98569.65,23.79,158.75,98568.88,158.82
1783576073,985,98570.3,23.79,158.69,98569.21,158.79
1783576073,986,98570.63,23.79,158.66,98569.55,158.76
1783576073,987,98570.63,23.79,158.66,98569.81,158.73
1783576073,988,98571.27,23.79,158.6,98570.73,158.65
1783576073,989,98572.02,23.79,158.54,98571.04,158.63
1783576073,990,98572.02,23.79,158.54,98571.28,158.6
1783576073,991,98571.7,23.79,158.57,98571.4,158.59
1783576074,992,98572.02,23.79,158.54,98571.56,158.58
1783576074,993,98572.45,23.8,158.51,98571.78,158.57
1783576074,994,98572.12,23.8,158.54,98571.88,158.56
1783576074,995,98572.12,23.8,158.54,98571.96,158.55
1783576074,996,98572.51,23.8,158.5,98572.35,158.51
1783576074,997,98572.51,23.8,158.5,98572.41,158.51
1783576074,998,98572.51,23.8,158.5,98572.47,158.5
1783576075,999,98572.93,23.8,158.46,98572.6,158.49
1783576075,1000,98572.93,23.8,158.46,98572.7,158.48
1783576075,1001,98572.93,23.8,158.46,98572.78,158.48
1783576075,1002,98572.93,23.8,158.46,98572.84,158.47
1783576075,1003,98572.93,23.8,158.46,98572.89,158.47
1783576075,1004,98573.68,23.8,158.4,98573.39,158.42
1783576075,1005,98574.1,23.81,158.37,98573.56,158.41
1783576075,1006,98574.1,23.81,158.37,98573.71,158.4
1783576076,1007,98573.78,23.81,158.39,98573.76,158.4
1783576076,1008,98574.2,23.81,158.36,98573.88,158.39
1783576076,1009,98573.88,23.81,158.39,98573.91,158.38
1783576076,1010,98573.95,23.81,158.38,98573.95,158.38
1783576076,1011,98574.27,23.81,158.35,98574.05,158.37
1783576076,1012,98574.05,23.81,158.37,98574.26,158.35
1783576076,1013,98574.15,23.82,158.37,98574.26,158.36
1783576077,1014,98573.82,23.82,158.4,98574.2,158.36
1783576077,1015,98573.5,23.82,158.42,98574.08,158.37
1783576077,1016,98573.92,23.82,158.39,98574.07,158.37
1783576077,1017,98573.92,23.82,158.39,98574.07,158.37
1783576077,1018,98573.92,23.82,158.39,98574.07,158.37
1783576077,1019,98573.92,23.82,158.39,98574.07,158.37
1783576077,1020,98574.02,23.82,158.38,98574.16,158.37
1783576078,1021,98574.02,23.82,158.38,98574.16,158.37
1783576078,1022,98574.02,23.82,158.38,98574.16,158.37
1783576078,1023,98574.73,23.82,158.32,98574.3,158.35
1783576078,1024,98574.73,23.82,158.32,98574.42,158.34
1783576078,1025,98575.05,23.82,158.29,98574.59,158.33
1783576078,1026,98575.38,23.82,158.26,98574.78,158.31
1783576078,1027,98575.64,23.82,158.24,98574.99,158.29
1783576078,1028,98577.16,23.82,158.1,98576.1,158.19
1783576079,1029,98577.38,23.82,158.08,98576.41,158.17
1783576079,1030,98577.71,23.82,158.05,98576.71,158.14
1783576079,1031,98577.93,23.81,158.03,98577.01,158.11
1783576079,1032,98578.26,23.81,158.0,98577.3,158.08
1783576079,1033,98578.48,23.81,157.98,98577.59,158.06
1783576079,1034,98578.8,23.81,157.95,98577.88,158.03
1783576079,1035,98579.06,23.81,157.93,98578.16,158.01
1783576080,1036,98580.16,23.8,157.83,98579.38,157.89
1783576080,1037,98580.38,23.8,157.81,98579.63,157.87
1783576080,1038,98580.71,23.8,157.78,98579.89,157.85
1783576080,1039,98580.6,23.8,157.79,98580.07,157.83
1783576080,1040,98580.87,23.8,157.76,98580.27,157.82
1783576080,1041,98581.19,23.8,157.74,98580.5,157.8
1783576080,1042,98581.41,23.79,157.71,98580.73,157.77
1783576080,1043,98581.31,23.79,157.72,98580.88,157.76
1783576081,1044,98581.37,23.78,157.71,98581.3,157.72
1783576081,1045,98580.95,23.78,157.75,98581.26,157.72
1783576081,1046,98581.17,23.78,157.73,98581.27,157.72
1783576081,1047,98581.07,23.78,157.74,98581.27,157.72
1783576081,1048,98581.39,23.78,157.71,98581.33,157.71
1783576081,1049,98581.3,23.77,157.71,98581.35,157.71
1783576081,1050,98581.55,23.77,157.69,98581.43,157.7
1783576081,1051,98581.55,23.77,157.69,98581.49,157.69
1783576082,1052,98581.9,23.76,157.65,98581.79,157.66
1783576082,1053,98581.48,23.76,157.69,98581.76,157.66
1783576082,1054,98581.8,23.76,157.66,98581.8,157.66
1783576082,1055,98581.73,23.76,157.67,98581.82,157.66
1783576082,1056,98581.3,23.76,157.7,98581.74,157.67
1783576082,1057,98581.63,23.76,157.68,98581.75,157.67
1783576082,1058,98581.21,23.75,157.71,98581.68,157.67
1783576082,1059,98581.11,23.75,157.72,98581.59,157.67
1783576083,1060,98581.27,23.75,157.7,98581.52,157.68
1783576083,1061,98581.16,23.74,157.71,98581.48,157.68
1783576083,1062,98581.49,23.74,157.68,98581.52,157.67
1783576083,1063,98581.39,23.74,157.69,98581.53,157.67
1783576083,1064,98581.71,23.74,157.66,98581.61,157.67
1783576083,1065,98581.29,23.74,157.7,98581.58,157.67
1783576083,1066,98580.97,23.74,157.72,98581.48,157.68
1783576084,1067,98580.64,23.74,157.75,98581.34,157.69
1783576084,1068,98578.3,23.74,157.96,98579.98,157.81
1783576084,1069,98577.66,23.74,158.01,98579.52,157.85
1783576084,1070,98577.02,23.74,158.07,98579.02,157.89
1783576084,1071,98576.7,23.74,158.1,98578.56,157.94
1783576084,1072,98576.43,23.74,158.12,98578.14,157.97
1783576084,1073,98575.79,23.74,158.18,98577.67,158.01
1783576084,1074,98575.46,23.74,158.21,98577.23,158.05
1783576085,1075,98574.81,23.74,158.27,98576.75,158.09
1783576085,1076,98573.84,23.74,158.35,98575.27,158.23
1783576085,1077,98573.52,23.74,158.38,98574.93,158.26
1783576085,1078,98573.2,23.74,158.41,98574.59,158.29
1783576085,1079,98572.55,23.74,158.47,98574.2,158.32
1783576085,1080,98572.23,23.74,158.49,98573.81,158.35
1783576085,1081,98572.23,23.74,158.49,98573.51,158.38
1783576086,1082,98571.9,23.74,158.52,98573.2,158.41
1783576086,1083,98571.57,23.74,158.55,98572.89,158.44
1783576086,1084,98570.93,23.74,158.61,98571.95,158.52
1783576086,1085,98570.93,23.74,158.61,98571.77,158.53
1783576086,1086,98570.6,23.74,158.64,98571.56,158.55
1783576086,1087,98570.6,23.74,158.64,98571.39,158.57
1783576086,1088,98570.6,23.74,158.64,98571.26,158.58
1783576087,1089,98570.7,23.74,158.63,98571.18,158.59
1783576087,1090,98570.7,23.74,158.63,98571.12,158.59
1783576087,1091,98570.38,23.74,158.66,98571.0,158.6
1783576087,1092,98569.83,23.74,158.71,98570.45,158.65
1783576087,1093,98569.18,23.74,158.76,98570.22,158.67
1783576087,1094,98568.87,23.74,158.79,98569.97,158.69
1783576087,1095,98568.54,23.74,158.82,98569.7,158.72
1783576087,1096,98568.96,23.75,158.79,98569.58,158.73
1783576088,1097,98568.63,23.75,158.82,98569.41,158.75
1783576088,1098,98568.31,23.75,158.84,98569.22,158.76
1783576088,1099,98567.99,23.75,158.87,98568.99,158.78
1783576088,1100,98567.41,23.75,158.92,98568.23,158.85
1783576088,1101,98567.18,23.75,158.94,98568.04,158.87
1783576088,1102,98567.18,23.75,158.94,98567.89,158.88
1783576088,1103,98566.86,23.75,158.97,98567.71,158.9
1783576089,1104,98566.54,23.75,159.0,98567.5,158.92
1783576089,1105,98566.96,23.75,158.96,98567.42,158.92
1783576089,1106,98566.63,23.75,158.99,98567.29,158.93
1783576089,1107,98566.31,23.75,159.02,98567.12,158.95
1783576089,1108,98565.87,23.76,159.07,98566.56,159.0
1783576089,1109,98565.54,23.76,159.09,98566.38,159.02
1783576089,1110,98565.22,23.76,159.12,98566.17,159.04
1783576089,1111,98564.89,23.76,159.15,98565.93,159.06
1783576090,1112,98564.96,23.76,159.15,98565.76,159.07
1783576090,1113,98564.63,23.76,159.17,98565.55,159.09
1783576090,1114,98565.06,23.76,159.14,98565.48,159.1
1783576090,1115,98564.73,23.76,159.17,98565.36,159.11
1783576090,1116,98565.91,23.77,159.07,98565.52,159.1
1783576090,1117,98565.91,23.77,159.07,98565.64,159.09
1783576090,1118,98565.91,23.77,159.07,98565.73,159.08
1783576091,1119,98566.55,23.77,159.01,98565.95,159.06
1783576091,1120,98566.88,23.77,158.98,98566.18,159.04
1783576091,1121,98567.2,23.77,158.95,98566.43,159.02
1783576091,1122,98567.52,23.77,158.92,98566.7,159.0
1783576091,1123,98567.85,23.77,158.9,98566.98,158.97
1783576091,1124,98569.47,23.77,158.75,98568.38,158.85
1783576091,1125,98569.37,23.77,158.76,98568.62,158.83
1783576092,1126,98569.7,23.77,158.73,98568.88,158.8
1783576092,1127,98569.7,23.77,158.73,98569.09,158.79
1783576092,1128,98570.02,23.77,158.7,98569.32,158.77
1783576092,1129,98570.66,23.77,158.65,98569.64,158.74
1783576092,1130,98570.99,23.77,158.62,98569.96,158.71
1783576092,1131,98571.3,23.77,158.59,98570.28,158.68
1783576092,1132,98573.16,23.76,158.42,98571.85,158.54
1783576092,1133,98573.48,23.76,158.39,98572.23,158.5
1783576093,1134,98573.48,23.76,158.39,98572.53,158.48
1783576093,1135,98573.38,23.76,158.4,98572.75,158.46
1783576093,1136,98573.7,23.76,158.37,98572.99,158.44
1783576093,1137,98574.02,23.76,158.35,98573.25,158.41
1783576093,1138,98573.96,23.76,158.35,98573.44,158.4
1783576093,1139,98574.6,23.76,158.29,98573.72,158.37
1783576093,1140,98574.73,23.75,158.28,98574.51,158.3
1783576094,1141,98574.3,23.75,158.32,98574.5,158.3
1783576094,1142,98574.63,23.75,158.29,98574.56,158.29
1783576094,1143,98574.53,23.75,158.3,98574.59,158.29
1783576094,1144,98574.85,23.75,158.27,98574.69,158.28
1783576094,1145,98575.11,23.75,158.25,98574.81,158.27
1783576094,1146,98575.34,23.74,158.22,98574.96,158.25
1783576094,1147,98575.23,23.74,158.23,98575.05,158.24
1783576095,1148,98575.95,23.73,158.16,98575.71,158.18
1783576095,1149,98575.84,23.73,158.17,98575.77,158.18
1783576095,1150,98576.16,23.73,158.14,98575.9,158.16
1783576095,1151,98576.07,23.73,158.15,98575.98,158.16
1783576095,1152,98575.96,23.73,158.16,98576.01,158.15
1783576095,1153,98575.96,23.73,158.16,98576.04,158.15
1783576095,1154,98576.23,23.72,158.13,98576.13,158.14
1783576095,1155,98576.55,23.72,158.1,98576.26,158.13
1783576096,1156,98576.57,23.72,158.1,98576.54,158.1
1783576096,1157,98577.22,23.72,158.04,98576.73,158.09
1783576096,1158,98577.12,23.71,158.05,98576.85,158.07
1783576096,1159,98577.12,23.71,158.05,98576.95,158.06
1783576096,1160,98577.05,23.71,158.05,98577.01,158.06
1783576096,1161,98577.38,23.71,158.02,98577.13,158.05
1783576096,1162,98577.27,23.71,158.03,98577.2,158.04
1783576096,1163,98577.27,23.71,158.03,98577.25,158.04
1783576097,1164,98577.73,23.7,157.99,98577.52,158.01
1783576097,1165,98577.95,23.7,157.97,98577.66,157.99
1783576097,1166,98577.88,23.7,157.97,98577.75,157.99
1783576097,1167,98578.21,23.7,157.94,98577.89,157.97
1783576097,1168,98578.1,23.7,157.95,98577.98,157.97
1783576097,1169,98578.43,23.7,157.93,98578.12,157.95
1783576097,1170,98578.34,23.69,157.93,98578.21,157.94
1783576097,1171,98577.91,23.69,157.97,98578.19,157.94
1783576098,1172,98578.38,23.69,157.92,98578.4,157.92
1783576098,1173,98578.29,23.68,157.93,98578.42,157.92
1783576098,1174,98578.29,23.68,157.93,98578.44,157.91
1783576098,1175,98578.19,23.68,157.94,98578.43,157.92
1783576098,1176,98577.77,23.68,157.97,98578.33,157.92
1783576098,1177,98577.77,23.68,157.97,98578.25,157.93
1783576098,1178,98577.66,23.68,157.98,98578.17,157.94
1783576098,1179,98577.66,23.68,157.98,98578.11,157.94
1783576099,1180,98578.15,23.67,157.93,98578.13,157.94
1783576099,1181,98577.73,23.67,157.97,98578.09,157.94
1783576099,1182,98577.62,23.67,157.98,98578.03,157.94
1783576099,1183,98577.95,23.67,157.95,98578.05,157.94
1783576099,1184,98577.52,23.66,157.98,98577.99,157.94
1783576099,1185,98578.17,23.66,157.93,98578.08,157.94
1783576099,1186,98577.78,23.66,157.96,98578.06,157.94
1783576100,1187,98577.78,23.66,157.96,98578.05,157.94
1783576100,1188,98577.48,23.65,157.98,98577.9,157.95
1783576100,1189,98577.48,23.65,157.98,98577.85,157.95
1783576100,1190,98577.38,23.65,157.99,98577.8,157.95
1783576100,1191,98577.31,23.65,158.0,98577.74,157.96
1783576100,1192,98577.64,23.65,157.97,98577.77,157.96
1783576100,1193,98577.21,23.65,158.01,98577.7,157.96
1783576100,1194,98577.21,23.65,158.01,98577.64,157.97
1783576101,1195,98577.12,23.64,158.01,98577.59,157.97
1783576101,1196,98576.52,23.64,158.06,98577.22,158.0
1783576101,1197,98576.85,23.64,158.03,98577.19,158.0
1783576101,1198,98576.74,23.63,158.04,98577.14,158.0
1783576101,1199,98577.07,23.63,158.01,98577.17,158.0
1783576101,1200,98576.65,23.63,158.05,98577.11,158.0
1783576101,1201,98576.55,23.63,158.05,98577.04,158.01
1783576102,1202,98576.55,23.63,158.05,98576.98,158.02
1783576102,1203,98576.48,23.63,158.06,98576.92,158.02
1783576102,1204,98576.38,23.62,158.06,98576.84,158.02
1783576102,1205,98575.96,23.62,158.1,98576.7,158.04
1783576102,1206,98575.96,23.62,158.1,98576.59,158.05
1783576102,1207,98575.96,23.62,158.1,98576.5,158.05
1783576102,1208,98575.96,23.62,158.1,98576.44,158.06
1783576103,1209,98575.63,23.62,158.13,98576.31,158.07
1783576103,1210,98574.98,23.62,158.19,98576.08,158.09
1783576103,1211,98574.98,23.62,158.19,98575.9,158.11
1783576103,1212,98573.04,23.62,158.36,98574.6,158.22
1783576103,1213,98573.15,23.62,158.35,98574.34,158.24
1783576103,1214,98572.82,23.62,158.38,98574.07,158.27
1783576103,1215,98572.17,23.62,158.43,98573.72,158.3
1783576103,1216,98571.52,23.62,158.49,98573.3,158.34
1783576104,1217,98571.63,23.63,158.49,98572.98,158.37
1783576104,1218,98570.98,23.63,158.55,98572.6,158.4
1783576104,1219,98570.33,23.63,158.6,98572.16,158.44
1783576104,1220,98569.3,23.63,158.69,98570.73,158.57
1783576104,1221,98569.07,23.64,158.72,98570.42,158.6
1783576104,1222,98568.43,23.64,158.78,98570.05,158.63
1783576104,1223,98568.17,23.64,158.8,98569.7,158.66
1783576105,1224,98567.52,23.64,158.85,98569.28,158.7
1783576105,1225,98567.63,23.64,158.85,98568.98,158.73
1783576105,1226,98567.73,23.64,158.84,98568.76,158.75
1783576105,1227,98567.08,23.64,158.89,98568.45,158.77
1783576105,1228,98566.95,23.65,158.91,98567.65,158.85
1783576105,1229,98566.7,23.65,158.93,98567.49,158.86
1783576105,1230,98566.37,23.65,158.96,98567.3,158.88
1783576106,1231,98566.48,23.65,158.95,98567.17,158.89
1783576106,1232,98566.15,23.65,158.98,98567.0,158.91
1783576106,1233,98566.24,23.66,158.98,98566.88,158.92
1783576106,1234,98565.92,23.66,159.01,98566.73,158.94
1783576106,1235,98565.7,23.66,159.03,98566.55,158.95
1783576106,1236,98565.22,23.66,159.07,98565.91,159.01
1783576106,1237,98565.22,23.66,159.07,98565.8,159.02
1783576106,1238,98565.32,23.67,159.07,98565.74,159.03
1783576107,1239,98564.99,23.67,159.09,98565.63,159.04
1783576107,1240,98565.09,23.67,159.08,98565.55,159.04
1783576107,1241,98565.09,23.67,159.08,98565.5,159.05
1783576107,1242,98565.2,23.67,159.08,98565.48,159.05
1783576107,1243,98564.87,23.67,159.1,98565.39,159.06
1783576107,1244,98564.71,23.68,159.12,98565.21,159.08
1783576107,1245,98564.82,23.68,159.11,98565.17,159.08
1783576108,1246,98564.49,23.68,159.14,98565.07,159.09
1783576108,1247,98564.16,23.68,159.17,98564.92,159.11
1783576108,1248,98564.59,23.68,159.14,98564.89,159.11
1783576108,1249,98564.27,23.68,159.16,98564.8,159.12
1783576108,1250,98563.95,23.68,159.19,98564.66,159.13
1783576108,1251,98564.37,23.68,159.15,98564.64,159.13
1783576108,1252,98564.14,23.69,159.18,98564.52,159.15
1783576109,1253,98564.21,23.69,159.17,98564.5,159.15
1783576109,1254,98564.21,23.69,159.17,98564.48,159.15
1783576109,1255,98563.88,23.69,159.2,98564.4,159.16
1783576109,1256,98563.88,23.69,159.2,98564.33,159.16
1783576109,1257,98563.98,23.69,159.19,98564.3,159.17
1783576109,1258,98563.98,23.69,159.19,98564.27,159.17
1783576109,1259,98563.98,23.69,159.19,98564.26,159.17
1783576109,1260,98563.86,23.7,159.21,98564.22,159.18
1783576110,1261,98563.86,23.7,159.21,98564.19,159.18
1783576110,1262,98563.96,23.7,159.2,98564.18,159.18
1783576110,1263,98563.63,23.7,159.23,98564.1,159.19
1783576110,1264,98564.02,23.7,159.2,98564.13,159.19
1783576110,1265,98563.7,23.7,159.22,98564.08,159.19
1783576110,1266,98563.8,23.7,159.21,98564.06,159.19
1783576110,1267,98563.48,23.7,159.24,98563.98,159.2
1783576111,1268,98563.68,23.71,159.23,98563.97,159.21
1783576111,1269,98564.1,23.71,159.19,98564.04,159.2
1783576111,1270,98563.77,23.71,159.22,98564.02,159.2
1783576111,1271,98564.16,23.71,159.19,98564.09,159.19
1783576111,1272,98563.84,23.71,159.22,98564.08,159.2
1783576111,1273,98563.84,23.71,159.22,98564.07,159.2
1783576111,1274,98564.27,23.72,159.19,98564.15,159.2
1783576111,1275,98564.59,23.72,159.16,98564.28,159.18
1783576112,1276,98566.86,23.72,158.96,98565.41,159.08
1783576112,1277,98567.51,23.72,158.9,98565.9,159.04
1783576112,1278,98567.41,23.71,158.9,98566.26,159.0
1783576112,1279,98568.05,23.71,158.85,98566.68,158.97
1783576112,1280,98568.05,23.71,158.85,98567.02,158.94
1783576112,1281,98568.7,23.71,158.79,98567.41,158.9
1783576112,1282,98568.96,23.71,158.77,98567.78,158.87
1783576112,1283,98569.6,23.71,158.71,98568.21,158.83
1783576113,1284,98571.45,23.71,158.55,98570.02,158.67
1783576113,1285,98571.77,23.71,158.52,98570.44,158.64
1783576113,1286,98571.99,23.71,158.5,98570.81,158.6
1783576113,1287,98572.32,23.71,158.47,98571.17,158.57
1783576113,1288,98572.54,23.7,158.44,98571.52,158.54
1783576113,1289,98572.87,23.7,158.42,98571.84,158.51
1783576113,1290,98573.52,23.7,158.36,98572.24,158.47
1783576113,1291,98573.41,23.7,158.37,98572.53,158.45
1783576114,1292,98574.0,23.7,158.32,98573.44,158.37
1783576114,1293,98574.32,23.7,158.29,98573.66,158.35
1783576114,1294,98574.22,23.7,158.3,98573.83,158.33
1783576114,1295,98574.87,23.7,158.24,98574.09,158.31
1783576114,1296,98575.2,23.7,158.21,98574.37,158.28
1783576114,1297,98575.09,23.69,158.21,98574.57,158.26
1783576114,1298,98575.41,23.69,158.19,98574.8,158.24
1783576114,1299,98575.41,23.69,158.19,98574.97,158.23
1783576115,1300,98576.52,23.69,158.09,98575.88,158.15
1783576115,1301,98576.45,23.69,158.1,98576.04,158.13
1783576115,1302,98576.77,23.69,158.07,98576.24,158.11
1783576115,1303,98576.66,23.68,158.07,98576.38,158.1
1783576115,1304,98576.66,23.68,158.07,98576.48,158.09
1783576115,1305,98576.99,23.68,158.04,98576.63,158.07
1783576115,1306,98576.9,23.68,158.05,98576.73,158.06
1783576116,1307,98576.9,23.68,158.05,98576.81,158.06
1783576116,1308,98576.7,23.68,158.07,98576.91,158.05
1783576116,1309,98577.02,23.68,158.04,98576.98,158.04
1783576116,1310,98576.63,23.67,158.07,98576.96,158.04
1783576116,1311,98576.52,23.67,158.08,98576.91,158.04
1783576116,1312,98576.85,23.67,158.05,98576.95,158.04
1783576116,1313,98576.75,23.67,158.06,98576.95,158.04
1783576117,1314,98577.07,23.67,158.03,98577.02,158.03
1783576117,1315,98576.98,23.67,158.04,98577.05,158.03
1783576117,1316,98577.46,23.66,157.99,98577.34,158.0
1783576117,1317,98577.03,23.66,158.03,98577.32,158.0
1783576117,1318,98576.93,23.66,158.04,98577.28,158.01
1783576117,1319,98577.26,23.66,158.01,98577.32,158.0
1783576117,1320,98577.16,23.65,158.01,98577.33,158.0
1783576117,1321,98577.16,23.65,158.01,98577.34,158.0
1783576118,1322,98577.05,23.65,158.02,98577.32,158.0
1783576118,1323,98577.05,23.65,158.02,98577.31,158.0
1783576118,1324,98576.79,23.64,158.04,98577.23,158.0
1783576118,1325,98577.12,23.64,158.01,98577.26,158.0
1783576118,1326,98577.02,23.64,158.02,98577.26,158.0
1783576118,1327,98576.59,23.64,158.06,98577.16,158.01
1783576118,1328,98576.59,23.64,158.06,98577.09,158.01
1783576119,1329,98576.52,23.64,158.06,98577.02,158.02
1783576119,1330,98576.85,23.64,158.03,98577.03,158.02
1783576119,1331,98577.17,23.64,158.0,98577.11,158.01
1783576119,1332,98576.65,23.63,158.05,98577.06,158.01
1783576119,1333,98576.65,23.63,158.05,98577.02,158.01
1783576119,1334,98576.32,23.63,158.07,98576.92,158.02
1783576119,1335,98575.57,23.63,158.14,98576.68,158.04
1783576120,1336,98575.57,23.63,158.14,98576.49,158.06
1783576120,1337,98574.93,23.63,158.2,98576.2,158.08
1783576120,1338,98574.6,23.63,158.23,98575.91,158.11
1783576120,1339,98574.28,23.63,158.25,98575.61,158.14
1783576120,1340,98573.3,23.63,158.34,98574.53,158.23
1783576120,1341,98573.09,23.63,158.36,98574.27,158.25
1783576120,1342,98572.76,23.63,158.39,98574.0,158.28
1783576120,1343,98572.44,23.63,158.42,98573.71,158.3
1783576121,1344,98571.79,23.63,158.47,98573.35,158.34
1783576121,1345,98571.89,23.63,158.46,98573.09,158.36
1783576121,1346,98571.57,23.63,158.49,98572.81,158.38
1783576121,1347,98571.66,23.64,158.49,98572.62,158.41
1783576121,1348,98569.89,23.64,158.65,98571.34,158.52
1783576121,1349,98569.99,23.64,158.64,98571.1,158.54
1783576121,1350,98569.66,23.64,158.67,98570.84,158.56
1783576122,1351,98569.45,23.65,158.69,98570.59,158.59
1783576122,1352,98569.12,23.65,158.72,98570.32,158.61
1783576122,1353,98568.48,23.65,158.78,98569.98,158.64
1783576122,1354,98568.57,23.65,158.77,98569.73,158.67
1783576122,1355,98568.24,23.65,158.8,98569.45,158.69
1783576122,1356,98567.12,23.65,158.9,98568.36,158.79
1783576122,1357,98567.12,23.65,158.9,98568.14,158.81
1783576122,1358,98567.22,23.66,158.89,98567.99,158.82
1783576123,1359,98566.9,23.66,158.92,98567.8,158.84
1783576123,1360,98566.66,23.66,158.94,98567.61,158.86
1783576123,1361,98566.35,23.66,158.97,98567.39,158.88
1783576123,1362,98566.45,23.66,158.96,98567.23,158.89
1783576123,1363,98566.12,23.66,158.99,98567.04,158.91
1783576123,1364,98565.97,23.67,159.01,98566.52,158.96
1783576123,1365,98565.64,23.67,159.04,98566.38,158.97
1783576124,1366,98566.07,23.67,159.0,98566.35,158.97
1783576124,1367,98565.41,23.67,159.06,98566.2,158.99
1783576124,1368,98565.09,23.67,159.08,98566.01,159.0
1783576124,1369,98565.09,23.67,159.08,98565.86,159.02
1783576124,1370,98564.77,23.67,159.11,98565.67,159.03
1783576124,1371,98565.2,23.67,159.08,98565.62,159.04
1783576124,1372,98564.65,23.67,159.12,98565.29,159.07
1783576125,1373,98564.65,23.67,159.12,98565.2,159.08
1783576125,1374,98564.32,23.67,159.15,98565.05,159.09
1783576125,1375,98564.71,23.68,159.12,98565.02,159.1
1783576125,1376,98564.38,23.68,159.15,98564.92,159.11
1783576125,1377,98564.38,23.68,159.15,98564.85,159.11
1783576125,1378,98564.49,23.68,159.14,98564.82,159.11
1783576125,1379,98564.49,23.68,159.14,98564.8,159.12
1783576125,1380,98564.7,23.68,159.13,98564.77,159.12
1783576126,1381,98564.37,23.68,159.15,98564.73,159.12
1783576126,1382,98564.04,23.68,159.18,98564.63,159.13
1783576126,1383,98564.04,23.68,159.18,98564.55,159.14
1783576126,1384,98563.72,23.68,159.21,98564.41,159.15
1783576126,1385,98564.14,23.69,159.18,98564.4,159.16
1783576126,1386,98563.82,23.69,159.21,98564.32,159.16
1783576126,1387,98563.56,23.69,159.23,98564.2,159.17
1783576127,1388,98563.66,23.69,159.22,98564.02,159.19
1783576127,1389,98563.34,23.69,159.25,98563.92,159.2
1783576127,1390,98563.76,23.69,159.21,98563.93,159.2
1783576127,1391,98563.44,23.69,159.24,98563.87,159.2
1783576127,1392,98563.54,23.7,159.24,98563.84,159.21
1783576127,1393,98563.54,23.7,159.24,98563.81,159.21
1783576127,1394,98563.63,23.7,159.23,98563.81,159.21
1783576127,1395,98563.31,23.7,159.26,98563.75,159.22
1783576128,1396,98564.23,23.71,159.18,98564.15,159.19
1783576128,1397,98564.23,23.71,159.18,98564.2,159.18
1783576128,1398,98564.23,23.71,159.18,98564.25,159.18
1783576128,1399,98564.65,23.71,159.15,98564.38,159.17
1783576128,1400,98564.65,23.71,159.15,98564.48,159.16
1783576128,1401,98564.98,23.71,159.12,98564.63,159.15
1783576128,1402,98564.98,23.71,159.12,98564.74,159.14
1783576128,1403,98565.29,23.71,159.09,98564.9,159.12
1783576129,1404,98566.49,23.71,158.98,98565.67,159.06
1783576129,1405,98566.82,23.71,158.95,98565.96,159.03
1783576129,1406,98567.04,23.7,158.93,98566.24,159.0
1783576129,1407,98567.37,23.7,158.9,98566.52,158.98
1783576129,1408,98567.37,23.7,158.9,98566.74,158.96
1783576129,1409,98568.01,23.7,158.84,98567.05,158.93
1783576129,1410,98568.01,23.7,158.84,98567.3,158.91
1783576129,1411,98568.34,23.7,158.82,98567.56,158.88
1783576130,1412,98569.95,23.7,158.67,98568.92,158.76
1783576130,1413,98570.27,23.7,158.64,98569.25,158.73
1783576130,1414,98570.6,23.7,158.62,98569.58,158.71
1783576130,1415,98571.25,23.7,158.56,98569.98,158.67
1783576130,1416,98571.57,23.7,158.53,98570.36,158.64
1783576130,1417,98571.48,23.7,158.54,98570.64,158.61
1783576130,1418,98571.8,23.7,158.51,98570.93,158.59
1783576131,1419,98572.45,23.7,158.45,98571.3,158.55
1783576131,1420,98572.93,23.7,158.41,98572.47,158.45
1783576131,1421,98573.25,23.7,158.38,98572.68,158.43
1783576131,1422,98573.48,23.69,158.36,98572.9,158.41
1783576131,1423,98573.8,23.69,158.33,98573.13,158.39
1783576131,1424,98574.13,23.69,158.3,98573.39,158.36
1783576131,1425,98574.02,23.69,158.31,98573.57,158.35
1783576131,1426,98573.6,23.69,158.35,98573.62,158.34
1783576132,1427,98573.92,23.69,158.32,98573.73,158.34
1783576132,1428,98573.98,23.68,158.31,98574.04,158.3
1783576132,1429,98574.3,23.68,158.28,98574.14,158.29
1783576132,1430,98574.2,23.68,158.29,98574.2,158.29
1783576132,1431,98574.52,23.68,158.26,98574.31,158.28
1783576132,1432,98574.43,23.68,158.27,98574.38,158.27
1783576132,1433,98574.43,23.68,158.27,98574.44,158.27
1783576133,1434,98574.76,23.68,158.24,98574.55,158.26
1783576133,1435,98574.68,23.67,158.24,98574.63,158.25
1783576133,1436,98574.05,23.67,158.3,98574.6,158.25
1783576133,1437,98574.05,23.67,158.3,98574.53,158.25
1783576133,1438,98573.96,23.66,158.3,98574.46,158.25
1783576133,1439,98574.29,23.66,158.27,98574.47,158.25
1783576133,1440,98573.9,23.66,158.3,98574.39,158.26
1783576133,1441,98573.79,23.66,158.31,98574.31,158.27
1783576134,1442,98573.79,23.66,158.31,98574.25,158.27
1783576134,1443,98574.02,23.66,158.29,98574.25,158.27
1783576134,1444,98575.12,23.65,158.19,98574.7,158.23
1783576134,1445,98575.05,23.65,158.2,98574.82,158.22
1783576134,1446,98575.37,23.65,158.17,98574.98,158.2
1783576134,1447,98575.27,23.65,158.18,98575.09,158.19
1783576134,1448,98575.59,23.65,158.15,98575.25,158.18
1783576135,1449,98575.49,23.64,158.15,98575.36,158.16
1783576135,1450,98576.15,23.64,158.09,98575.58,158.14
1783576135,1451,98576.04,23.64,158.1,98575.73,158.13
1783576135,1452,98576.2,23.64,158.09,98576.01,158.11
1783576135,1453,98575.77,23.63,158.12,98576.01,158.1
1783576135,1454,98576.1,23.63,158.09,98576.08,158.1
1783576135,1455,98575.99,23.63,158.1,98576.11,158.09
1783576136,1456,98576.32,23.63,158.07,98576.2,158.08
1783576136,1457,98576.32,23.63,158.07,98576.27,158.08
1783576136,1458,98575.9,23.63,158.11,98576.24,158.08
1783576136,1459,98576.23,23.63,158.08,98576.29,158.08
1783576136,1460,98574.93,23.63,158.2,98575.88,158.11
1783576136,1461,98574.21,23.63,158.26,98575.57,158.14
1783576136,1462,98574.28,23.63,158.25,98575.34,158.16
1783576136,1463,98573.96,23.63,158.28,98575.09,158.18
1783576137,1464,98573.3,23.63,158.34,98574.76,158.21
1783576137,1465,98572.66,23.63,158.4,98574.36,158.25
1783576137,1466,98572.44,23.63,158.42,98574.0,158.28
1783576137,1467,98571.79,23.63,158.47,98573.58,158.32
1783576137,1468,98569.95,23.63,158.64,98571.78,158.47
1783576137,1469,98569.3,23.63,158.69,98571.3,158.52
1783576137,1470,98568.98,23.63,158.72,98570.85,158.56
1783576138,1471,98569.07,23.64,158.72,98570.52,158.59
1783576138,1472,98568.43,23.64,158.78,98570.12,158.63
1783576138,1473,98568.1,23.64,158.8,98569.73,158.66
1783576138,1474,98567.78,23.64,158.83,98569.37,158.69
1783576138,1475,98567.13,23.64,158.89,98568.94,158.73
1783576138,1476,98566.88,23.64,158.91,98567.88,158.82
1783576138,1477,98566.55,23.64,158.94,98567.64,158.84
1783576139,1478,98566.23,23.64,158.97,98567.39,158.87
1783576139,1479,98566.23,23.64,158.97,98567.19,158.88
1783576139,1480,98566.23,23.64,158.97,98567.03,158.9
1783576139,1481,98566.23,23.64,158.97,98566.91,158.91
1783576139,1482,98566.34,23.64,158.96,98566.84,158.92
1783576139,1483,98566.34,23.64,158.96,98566.78,158.92
1783576139,1484,98565.46,23.64,159.04,98566.17,158.97
1783576139,1485,98565.46,23.64,159.04,98566.07,158.98
1783576140,1486,98565.55,23.65,159.03,98566.0,158.99
1783576140,1487,98565.23,23.65,159.06,98565.88,159.01
1783576140,1488,98564.91,23.65,159.09,98565.72,159.02
1783576140,1489,98565.01,23.65,159.08,98565.62,159.03
1783576140,1490,98564.69,23.65,159.11,98565.47,159.04
1783576140,1491,98564.76,23.65,159.1,98565.37,159.05
1783576140,1492,98564.95,23.66,159.09,98565.3,159.06
1783576141,1493,98565.05,23.66,159.08,98565.3,159.06
1783576141,1494,98565.48,23.66,159.05,98565.38,159.05
1783576141,1495,98565.15,23.66,159.07,98565.38,159.05
1783576141,1496,98565.54,23.66,159.04,98565.46,159.05
1783576141,1497,98565.64,23.67,159.04,98565.54,159.05
1783576141,1498,98566.07,23.67,159.0,98565.7,159.03
1783576141,1499,98565.74,23.67,159.03,98565.75,159.03
1783576142,1500,98566.11,23.68,159.0,98566.02,159.01
1783576142,1501,98566.21,23.68,158.99,98566.11,159.0
1783576142,1502,98565.56,23.68,159.05,98566.04,159.01
1783576142,1503,98565.66,23.68,159.04,98566.0,159.01
1783576142,1504,98565.76,23.69,159.04,98565.99,159.02
1783576142,1505,98565.76,23.69,159.04,98565.98,159.02
1783576142,1506,98565.83,23.69,159.03,98565.99,159.02
1783576142,1507,98565.93,23.69,159.02,98566.02,159.01
1783576143,1508,98566.29,23.7,159.0,98566.33,158.99
1783576143,1509,98566.07,23.7,159.02,98566.31,158.99
1783576143,1510,98565.74,23.7,159.04,98566.23,159.0
1783576143,1511,98565.84,23.71,159.04,98566.19,159.01
1783576143,1512,98565.95,23.71,159.03,98566.18,159.01
1783576143,1513,98565.72,23.71,159.05,98566.13,159.02
1783576143,1514,98565.4,23.71,159.08,98566.01,159.03
1783576143,1515,98565.46,23.71,159.07,98565.93,159.03
1783576144,1516,98565.45,23.72,159.08,98565.64,159.06
1783576144,1517,98565.87,23.72,159.04,98565.73,159.06
1783576144,1518,98566.18,23.72,159.02,98565.87,159.04
1783576144,1519,98566.9,23.73,158.96,98566.12,159.03
1783576144,1520,98567.55,23.73,158.9,98566.46,159.0
1783576144,1521,98567.87,23.73,158.87,98566.8,158.97
1783576144,1522,98568.95,23.73,158.78,98567.3,158.92
1783576144,1523,98569.27,23.73,158.75,98567.76,158.88
1783576145,1524,98571.12,23.73,158.59,98569.7,158.71
1783576145,1525,98571.76,23.73,158.53,98570.18,158.67
1783576145,1526,98572.08,23.73,158.5,98570.63,158.63
1783576145,1527,98572.73,23.73,158.44,98571.11,158.59
1783576145,1528,98573.05,23.73,158.42,98571.56,158.55
1783576145,1529,98573.05,23.73,158.42,98571.92,158.52
1783576145,1530,98573.38,23.73,158.39,98572.27,158.48
1783576145,1531,98573.7,23.73,158.36,98572.62,158.45
1783576146,1532,98574.6,23.72,158.27,98573.87,158.34
1783576146,1533,98574.93,23.72,158.25,98574.13,158.32
1783576146,1534,98575.57,23.72,158.19,98574.48,158.28
1783576146,1535,98575.9,23.72,158.16,98574.82,158.25
1783576146,1536,98575.8,23.72,158.17,98575.07,158.23
1783576146,1537,98575.8,23.72,158.17,98575.27,158.22
1783576146,1538,98576.45,23.72,158.11,98575.55,158.19
1783576147,1539,98576.45,23.72,158.11,98575.78,158.17
1783576147,1540,98577.32,23.72,158.03,98576.65,158.09
1783576147,1541,98577.22,23.72,158.04,98576.81,158.08
1783576147,1542,98577.54,23.72,158.02,98577.01,158.06
1783576147,1543,98577.54,23.72,158.02,98577.16,158.05
1783576147,1544,98577.45,23.71,158.02,98577.27,158.03
1783576147,1545,98577.45,23.71,158.02,98577.34,158.03
1783576147,1546,98577.77,23.71,157.99,98577.48,158.02
1783576148,1547,98578.09,23.71,157.96,98577.65,158.0
1783576148,1548,98578.99,23.71,157.88,98578.39,157.93
1783576148,1549,98579.32,23.71,157.85,98578.63,157.91
1783576148,1550,98578.9,23.71,157.89,98578.73,157.9
1783576148,1551,98578.9,23.71,157.89,98578.8,157.9
1783576148,1552,98578.9,23.71,157.89,98578.87,157.89
1783576148,1553,98579.22,23.71,157.86,98578.98,157.88
1783576149,1554,98579.12,23.71,157.87,98579.05,157.88
1783576149,1555,98579.45,23.71,157.84,98579.18,157.86
1783576149,1556,98579.57,23.7,157.83,98579.53,157.83
1783576149,1557,98579.5,23.7,157.83,98579.56,157.83
1783576149,1558,98579.82,23.7,157.8,98579.66,157.82
1783576149,1559,98579.73,23.7,157.81,98579.71,157.81
1783576149,1560,98580.37,23.7,157.75,98579.89,157.8
1783576150,1561,98580.27,23.69,157.76,98580.02,157.78
1783576150,1562,98580.18,23.69,157.77,98580.1,157.77
1783576150,1563,98580.49,23.69,157.74,98580.23,157.76
1783576150,1564,98580.01,23.69,157.78,98580.27,157.76
1783576150,1565,98579.59,23.68,157.81,98580.17,157.76
1783576150,1566,98579.59,23.68,157.81,98580.09,157.77
1783576150,1567,98579.91,23.68,157.78,98580.1,157.77
1783576150,1568,98579.59,23.68,157.81,98580.03,157.77
1783576151,1569,98579.16,23.68,157.85,98579.89,157.79
1783576151,1570,98578.84,23.68,157.88,98579.71,157.8
1783576151,1571,98578.19,23.68,157.94,98579.43,157.83
1783576151,1572,98576.9,23.68,158.05,98578.23,157.93
1783576151,1573,98576.9,23.68,158.05,98577.99,157.95
1783576151,1574,98576.57,23.68,158.08,98577.73,157.98
1783576151,1575,98576.57,23.68,158.08,98577.53,157.99
1783576152,1576,98576.57,23.68,158.08,98577.37,158.01
1783576152,1577,98576.24,23.68,158.11,98577.17,158.03
1783576152,1578,98575.92,23.68,158.14,98576.95,158.05
1783576152,1579,98575.92,23.68,158.14,98576.77,158.06
1783576152,1580,98575.38,23.68,158.18,98576.05,158.13
1783576152,1581,98575.05,23.68,158.21,98575.88,158.14
1783576152,1582,98575.05,23.68,158.21,98575.74,158.15
1783576153,1583,98575.15,23.69,158.21,98575.66,158.16
1783576153,1584,98574.82,23.69,158.24,98575.52,158.18
1783576153,1585,98574.51,23.69,158.27,98575.35,158.19
1783576153,1586,98574.51,23.69,158.27,98575.21,158.2
1783576153,1587,98574.57,23.69,158.26,98575.12,158.21
1783576153,1588,98574.34,23.69,158.28,98574.67,158.25
1783576153,1589,98574.34,23.69,158.28,98574.65,158.25
1783576153,1590,98574.02,23.69,158.31,98574.55,158.26
1783576154,1591,98574.13,23.69,158.3,98574.51,158.27
1783576154,1592,98574.13,23.69,158.3,98574.47,158.27
1783576154,1593,98574.22,23.7,158.3,98574.45,158.28
1783576154,1594,98573.9,23.7,158.33,98574.38,158.28
1783576154,1595,98573.9,23.7,158.33,98574.31,158.29
1783576154,1596,98573.74,23.7,158.34,98574.16,158.3
1783576154,1597,98573.41,23.7,158.37,98574.05,158.31
1783576155,1598,98573.09,23.7,158.4,98573.88,158.33
1783576155,1599,98573.2,23.7,158.39,98573.78,158.34
1783576155,1600,98573.2,23.7,158.39,98573.7,158.34
1783576155,1601,98573.2,23.7,158.39,98573.63,158.35
1783576155,1602,98572.87,23.7,158.42,98573.51,158.36
1783576155,1603,98572.96,23.71,158.41,98573.42,158.37
1783576155,1604,98572.74,23.71,158.43,98573.09,158.4
1783576156,1605,98573.16,23.71,158.4,98573.15,158.4
1783576156,1606,98572.84,23.71,158.42,98573.13,158.4
1783576156,1607,98573.24,23.71,158.39,98573.19,158.39
1783576156,1608,98573.24,23.71,158.39,98573.24,158.39
1783576156,1609,98573.01,23.72,158.41,98573.23,158.39
1783576156,1610,98572.69,23.72,158.44,98573.16,158.4
1783576156,1611,98572.79,23.72,158.43,98573.12,158.4
1783576156,1612,98570.62,23.72,158.62,98572.17,158.49
1783576157,1613,98570.73,23.72,158.62,98571.91,158.51
1783576157,1614,98570.4,23.72,158.64,98571.63,158.54
1783576157,1615,98570.14,23.73,158.67,98571.34,158.57
1783576157,1616,98569.49,23.73,158.73,98570.98,158.6
1783576157,1617,98569.59,23.73,158.72,98570.73,158.62
1783576157,1618,98569.59,23.73,158.72,98570.52,158.64
1783576157,1619,98569.27,23.73,158.75,98570.3,158.66
1783576158,1620,98568.16,23.73,158.85,98569.2,158.76
1783576158,1621,98567.85,23.73,158.87,98568.95,158.78
1783576158,1622,98567.52,23.73,158.9,98568.68,158.8
1783576158,1623,98567.62,23.74,158.9,98568.48,158.82
1783576158,1624,98567.3,23.74,158.93,98568.27,158.84
1783576158,1625,98567.3,23.74,158.93,98568.09,158.86
1783576158,1626,98567.04,23.74,158.95,98567.91,158.87
1783576158,1627,98566.72,23.74,158.98,98567.69,158.89
1783576159,1628,98565.3,23.74,159.11,98566.57,158.99
1783576159,1629,98565.4,23.75,159.1,98566.36,159.02
1783576159,1630,98565.07,23.75,159.13,98566.12,159.04
1783576159,1631,98565.14,23.75,159.12,98565.95,159.05
1783576159,1632,98564.82,23.75,159.15,98565.74,159.07
1783576159,1633,98564.49,23.75,159.18,98565.52,159.09
1783576159,1634,98564.59,23.75,159.17,98565.35,159.11
1783576159,1635,98564.59,23.75,159.17,98565.23,159.12
1783576160,1636,98564.15,23.76,159.22,98564.74,159.16
1783576160,1637,98564.15,23.76,159.22,98564.65,159.17
1783576160,1638,98564.24,23.76,159.21,98564.59,159.18
1783576160,1639,98564.31,23.76,159.2,98564.57,159.18
1783576160,1640,98564.31,23.76,159.2,98564.55,159.18
1783576160,1641,98564.41,23.76,159.19,98564.55,159.18
1783576160,1642,98564.51,23.77,159.19,98564.57,159.18
1783576160,1643,98564.19,23.77,159.22,98564.52,159.19
1783576161,1644,98564.06,23.77,159.23,98564.44,159.2
1783576161,1645,98564.45,23.77,159.2,98564.48,159.19
1783576161,1646,98564.13,23.77,159.22,98564.44,159.2
1783576161,1647,98564.13,23.77,159.22,98564.41,159.2
1783576161,1648,98564.13,23.77,159.22,98564.38,159.2
1783576161,1649,98564.13,23.77,159.22,98564.36,159.2
1783576161,1650,98564.88,23.78,159.16,98564.5,159.2
1783576161,1651,98564.88,23.78,159.16,98564.62,159.19
1783576162,1652,98567.15,23.78,158.96,98565.88,159.08
1783576162,1653,98567.79,23.78,158.91,98566.32,159.04
1783576162,1654,98568.44,23.78,158.85,98566.8,158.99
1783576162,1655,98568.76,23.78,158.82,98567.26,158.95
1783576162,1656,98569.41,23.78,158.76,98567.75,158.91
1783576162,1657,98570.05,23.78,158.71,98568.27,158.86
1783576162,1658,98570.38,23.78,158.68,98568.76,158.82
1783576163,1659,98570.28,23.77,158.68,98569.12,158.78
1783576163,1660,98571.9,23.77,158.54,98570.66,158.65
1783576163,1661,98572.23,23.77,158.51,98571.02,158.62
1783576163,1662,98572.55,23.77,158.48,98571.38,158.58
1783576163,1663,98572.48,23.77,158.49,98571.65,158.56
1783576163,1664,98572.8,23.77,158.46,98571.93,158.54
1783576163,1665,98573.45,23.77,158.4,98572.29,158.5
1783576164,1666,98573.35,23.77,158.41,98572.55,158.48
1783576164,1667,98574.01,23.77,158.35,98572.89,158.45
1783576164,1668,98574.45,23.76,158.31,98573.93,158.35
1783576164,1669,98574.77,23.76,158.28,98574.15,158.33
1783576164,1670,98575.1,23.76,158.25,98574.39,158.31
1783576164,1671,98574.68,23.76,158.29,98574.48,158.31
1783576164,1672,98574.68,23.76,158.29,98574.56,158.3
1783576164,1673,98575.0,23.76,158.26,98574.69,158.29
1783576165,1674,98574.93,23.76,158.27,98574.77,158.28
1783576165,1675,98575.26,23.76,158.24,98574.91,158.27
1783576165,1676,98575.7,23.75,158.19,98575.28,158.23
1783576165,1677,98575.6,23.75,158.2,98575.38,158.22
1783576165,1678,98575.93,23.75,158.17,98575.54,158.21
1783576165,1679,98575.83,23.75,158.18,98575.64,158.2
1783576165,1680,98576.15,23.75,158.15,98575.79,158.19
1783576166,1681,98576.09,23.75,158.16,98575.89,158.18
1783576166,1682,98575.98,23.74,158.16,98575.95,158.17
1783576166,1683,98576.3,23.74,158.13,98576.06,158.16
1783576166,1684,98577.34,23.74,158.04,98576.76,158.09
1783576166,1685,98577.24,23.73,158.05,98576.91,158.08
1783576166,1686,98577.14,23.73,158.06,98576.99,158.07
1783576166,1687,98577.04,23.73,158.06,98577.04,158.06
1783576167,1688,98577.27,23.73,158.04,98577.13,158.06
1783576167,1689,98577.59,23.73,158.02,98577.27,158.04
1783576167,1690,98577.52,23.72,158.02,98577.37,158.03
1783576167,1691,98577.09,23.72,158.05,98577.35,158.03
1783576167,1692,98576.15,23.71,158.13,98577.04,158.05
1783576167,1693,98575.82,23.71,158.16,98576.82,158.07
1783576167,1694,98575.51,23.71,158.19,98576.58,158.09
1783576167,1695,98575.18,23.71,158.22,98576.32,158.12
1783576168,1696,98575.18,23.71,158.22,98576.12,158.13
1783576168,1697,98574.14,23.71,158.31,98575.73,158.17
1783576168,1698,98573.82,23.71,158.34,98575.37,158.2
1783576168,1699,98573.16,23.71,158.4,98574.94,158.24
1783576168,1700,98571.29,23.71,158.56,98573.24,158.39
1783576168,1701,98570.97,23.71,158.59,98572.8,158.43
1783576168,1702,98570.65,23.71,158.62,98572.38,158.46
1783576169,1703,98569.99,23.71,158.67,98571.91,158.51
1783576169,1704,98569.67,23.71,158.7,98571.47,158.54
1783576169,1705,98569.35,23.71,158.73,98571.05,158.58
1783576169,1706,98569.02,23.71,158.76,98570.66,158.62
1783576169,1707,98568.38,23.71,158.82,98570.22,158.65
1783576169,1708,98567.73,23.71,158.87,98568.91,158.77
1783576169,1709,98567.41,23.71,158.9,98568.63,158.8
1783576170,1710,98567.51,23.72,158.9,98568.43,158.82
1783576170,1711,98567.18,23.72,158.93,98568.2,158.84
1783576170,1712,98567.18,23.72,158.93,98568.02,158.85
1783576170,1713,98566.86,23.72,158.96,98567.81,158.87
1783576170,1714,98566.53,23.72,158.99,98567.58,158.89
1783576170,1715,98566.21,23.72,159.01,98567.33,158.91
1783576170,1716,98565.66,23.72,159.06,98566.48,158.99
1783576170,1717,98565.34,23.72,159.09,98566.28,159.01
1783576171,1718,98565.12,23.72,159.11,98566.07,159.03
1783576171,1719,98565.12,23.72,159.11,98565.91,159.04
1783576171,1720,98565.12,23.72,159.11,98565.78,159.05
1783576171,1721,98564.47,23.72,159.17,98565.54,159.07
1783576171,1722,98564.57,23.72,159.16,98565.38,159.09
1783576171,1723,98564.24,23.72,159.19,98565.17,159.1
1783576171,1724,98563.54,23.73,159.25,98564.28,159.19
1783576172,1725,98563.21,23.73,159.28,98564.09,159.21
1783576172,1726,98563.32,23.73,159.27,98563.97,159.22
1783576172,1727,98562.66,23.73,159.33,98563.73,159.24
1783576172,1728,98562.77,23.74,159.33,98563.55,159.26
1783576172,1729,98562.45,23.74,159.36,98563.35,159.28
1783576172,1730,98562.51,23.74,159.35,98563.21,159.29
1783576172,1731,98562.19,23.74,159.38,98563.03,159.3
1783576172,1732,98562.06,23.74,159.39,98562.59,159.34
1783576173,1733,98562.16,23.75,159.39,98562.54,159.35
1783576173,1734,98562.23,23.75,159.38,98562.51,159.36
1783576173,1735,98561.9,23.75,159.41,98562.41,159.36
1783576173,1736,98562.0,23.75,159.4,98562.36,159.37
1783576173,1737,98562.1,23.75,159.39,98562.34,159.37
1783576173,1738,98561.77,23.75,159.42,98562.26,159.38
1783576173,1739,98561.88,23.76,159.42,98562.2,159.39
1783576174,1740,98561.4,23.76,159.46,98561.8,159.42
1783576174,1741,98561.07,23.76,159.49,98561.68,159.43
1783576174,1742,98561.07,23.76,159.49,98561.59,159.44
1783576174,1743,98561.07,23.76,159.49,98561.51,159.45
1783576174,1744,98561.18,23.76,159.48,98561.48,159.45
1783576174,1745,98561.18,23.76,159.48,98561.45,159.46
1783576174,1746,98561.27,23.77,159.48,98561.44,159.46
1783576174,1747,98561.27,23.77,159.48,98561.44,159.46
1783576175,1748,98562.66,23.77,159.35,98562.05,159.41
1783576175,1749,98563.32,23.77,159.3,98562.36,159.38
1783576175,1750,98564.29,23.77,159.21,98562.8,159.34
1783576175,1751,98564.94,23.77,159.15,98563.3,159.3
1783576175,1752,98565.91,23.77,159.07,98563.89,159.25
1783576175,1753,98566.55,23.77,159.01,98564.49,159.19
1783576175,1754,98566.77,23.77,158.99,98565.02,159.15
1783576175,1755,98567.42,23.77,158.93,98565.56,159.1
1783576176,1756,98569.91,23.76,158.71,98567.98,158.88
1783576176,1757,98570.56,23.76,158.65,98568.56,158.83
1783576176,1758,98570.79,23.76,158.63,98569.07,158.78
1783576176,1759,98571.43,23.76,158.58,98569.61,158.74
1783576176,1760,98571.76,23.76,158.55,98570.1,158.69
1783576176,1761,98572.09,23.76,158.52,98570.56,158.65
1783576176,1762,98572.34,23.76,158.49,98570.98,158.61
1783576176,1763,98572.66,23.76,158.47,98571.38,158.58
1783576177,1764,98573.44,23.75,158.39,98572.62,158.46
1783576177,1765,98573.76,23.75,158.36,98572.9,158.44
1783576177,1766,98573.76,23.75,158.36,98573.12,158.42
1783576177,1767,98573.66,23.75,158.37,98573.27,158.41
1783576177,1768,98573.98,23.75,158.34,98573.46,158.39
1783576177,1769,98574.21,23.75,158.32,98573.66,158.37
1783576177,1770,98574.21,23.75,158.32,98573.81,158.36
1783576178,1771,98574.15,23.75,158.33,98573.92,158.35
1783576178,1772,98574.59,23.74,158.29,98574.41,158.3
1783576178,1773,98574.91,23.74,158.26,98574.55,158.29
1783576178,1774,98574.49,23.74,158.29,98574.58,158.29
1783576178,1775,98574.81,23.74,158.27,98574.66,158.28
1783576178,1776,98574.75,23.74,158.27,98574.72,158.27
1783576178,1777,98574.75,23.74,158.27,98574.77,158.27
1783576178,1778,98574.65,23.73,158.28,98574.78,158.26
1783576179,1779,98574.97,23.73,158.25,98574.86,158.26
1783576179,1780,98574.35,23.73,158.3,98574.7,158.27
1783576179,1781,98574.28,23.72,158.3,98574.66,158.27
1783576179,1782,98574.6,23.72,158.27,98574.69,158.27
1783576179,1783,98574.51,23.72,158.28,98574.69,158.27
1783576179,1784,98574.41,23.72,158.29,98574.66,158.27
1783576179,1785,98575.05,23.72,158.23,98574.79,158.26
1783576180,1786,98574.95,23.72,158.24,98574.87,158.25
1783576180,1787,98574.85,23.71,158.25,98574.91,158.24
1783576180,1788,98574.91,23.71,158.24,98575.09,158.22
1783576180,1789,98574.91,23.71,158.24,98575.09,158.22
1783576180,1790,98575.23,23.71,158.21,98575.16,158.22
1783576180,1791,98575.13,23.7,158.22,98575.2,158.21
1783576180,1792,98575.04,23.7,158.22,98575.21,158.21
1783576181,1793,98575.35,23.7,158.2,98575.28,158.2
1783576181,1794,98575.29,23.7,158.2,98575.33,158.2
1783576181,1795,98575.2,23.7,158.21,98575.34,158.2
1783576181,1796,98575.64,23.69,158.17,98575.63,158.17
1783576181,1797,98575.64,23.69,158.17,98575.67,158.16
1783576181,1798,98575.54,23.69,158.18,98575.69,158.16
1783576181,1799,98575.48,23.69,158.18,98575.69,158.16
1783576181,1800,98575.48,23.69,158.18,98575.69,158.16
1783576182,1801,98575.38,23.68,158.18,98575.66,158.16
1783576182,1802,98575.38,23.68,158.18,98575.65,158.16
1783576182,1803,98574.95,23.68,158.22,98575.54,158.17
1783576182,1804,98574.76,23.68,158.24,98575.17,158.2
1783576182,1805,98574.68,23.67,158.24,98575.12,158.2
1783576182,1806,98574.59,23.67,158.25,98575.05,158.21
1783576182,1807,98574.59,23.67,158.25,98574.99,158.21
1783576183,1808,98574.8,23.67,158.23,98575.0,158.21
1783576183,1809,98574.38,23.67,158.27,98574.91,158.22
1783576183,1810,98575.03,23.67,158.21,98574.98,158.21
1783576183,1811,98574.6,23.66,158.24,98574.95,158.21
1783576183,1812,98574.34,23.66,158.27,98574.88,158.22
1783576183,1813,98574.34,23.66,158.27,98574.8,158.22
1783576183,1814,98573.91,23.65,158.3,98574.66,158.23
1783576183,1815,98573.59,23.65,158.33,98574.48,158.25
1783576184,1816,98573.27,23.65,158.35,98574.27,158.27
1783576184,1817,98572.52,23.65,158.42,98573.95,158.29
1783576184,1818,98571.88,23.65,158.48,98573.55,158.33
1783576184,1819,98571.55,23.65,158.51,98573.17,158.36
1783576184,1820,98569.29,23.65,158.7,98571.31,158.53
1783576184,1821,98568.63,23.65,158.76,98570.79,158.57
1783576184,1822,98567.99,23.65,158.82,98570.24,158.62
1783576185,1823,98568.09,23.65,158.81,98569.83,158.66
1783576185,1824,98567.45,23.65,158.87,98569.37,158.7
1783576185,1825,98567.12,23.65,158.9,98568.93,158.74
1783576185,1826,98566.48,23.65,158.95,98568.45,158.78
1783576185,1827,98566.9,23.66,158.92,98568.16,158.81
1783576185,1828,98565.27,23.66,159.06,98566.76,158.93
1783576185,1829,98564.63,23.66,159.12,98566.35,158.97
1783576186,1830,98564.73,23.66,159.11,98566.05,159.0
1783576186,1831,98564.73,23.66,159.11,98565.82,159.02
1783576186,1832,98564.4,23.66,159.14,98565.56,159.04
1783576186,1833,98564.51,23.66,159.13,98565.38,159.05
1783576186,1834,98564.18,23.66,159.16,98565.17,159.07
1783576186,1835,98563.85,23.66,159.19,98564.94,159.09
1783576186,1836,98563.6,23.66,159.21,98564.32,159.15
1783576186,1837,98563.6,23.66,159.21,98564.21,159.16
1783576187,1838,98563.27,23.66,159.24,98564.05,159.17
1783576187,1839,98563.27,23.66,159.24,98563.94,159.18
1783576187,1840,98563.27,23.66,159.24,98563.84,159.19
1783576187,1841,98563.27,23.66,159.24,98563.77,159.2
1783576187,1842,98563.38,23.67,159.24,98563.72,159.21
1783576187,1843,98563.38,23.67,159.24,98563.69,159.21
1783576187,1844,98563.8,23.67,159.2,98563.79,159.2
1783576188,1845,98563.9,23.67,159.19,98563.86,159.19
1783576188,1846,98563.57,23.67,159.22,98563.84,159.2
1783576188,1847,98563.57,23.67,159.22,98563.83,159.2
1783576188,1848,98563.68,23.67,159.21,98563.84,159.2
1783576188,1849,98563.74,23.68,159.21,98563.86,159.2
1783576188,1850,98563.42,23.68,159.24,98563.81,159.2
1783576188,1851,98563.84,23.68,159.2,98563.86,159.2
1783576189,1852,98563.49,23.69,159.24,98563.72,159.22
1783576189,1853,98563.17,23.69,159.27,98563.65,159.22
1783576189,1854,98563.23,23.69,159.26,98563.6,159.23
1783576189,1855,98563.34,23.69,159.25,98563.59,159.23
1783576189,1856,98563.76,23.69,159.21,98563.66,159.22
1783576189,1857,98563.86,23.7,159.21,98563.74,159.22
1783576189,1858,98563.96,23.7,159.2,98563.83,159.21
1783576189,1859,98563.63,23.7,159.23,98563.83,159.21
1783576190,1860,98563.9,23.71,159.21,98563.84,159.22
1783576190,1861,98564.0,23.71,159.2,98563.91,159.21
1783576190,1862,98564.1,23.71,159.19,98563.99,159.2
1783576190,1863,98563.45,23.71,159.25,98563.91,159.21
1783576190,1864,98563.52,23.71,159.25,98563.87,159.21
1783576190,1865,98563.62,23.72,159.24,98563.85,159.22
1783576190,1866,98563.72,23.72,159.23,98563.86,159.22
1783576190,1867,98563.49,23.72,159.25,98563.82,159.22
1783576191,1868,98562.37,23.73,159.36,98563.27,159.28
1783576191,1869,98562.79,23.73,159.32,98563.2,159.28
1783576191,1870,98562.46,23.73,159.35,98563.09,159.29
1783576191,1871,98562.88,23.73,159.31,98563.08,159.29
1783576191,1872,98562.88,23.73,159.31,98563.08,159.29
1783576191,1873,98562.99,23.73,159.3,98563.1,159.29
1783576191,1874,98562.66,23.73,159.33,98563.05,159.3
1783576191,1875,98562.66,23.73,159.33,98563.0,159.3
1783576192,1876,98563.74,23.74,159.24,98563.35,159.28
1783576192,1877,98564.06,23.74,159.21,98563.54,159.26
1783576192,1878,98564.71,23.74,159.16,98563.83,159.23
1783576192,1879,98564.93,23.73,159.13,98564.11,159.2
1783576192,1880,98565.26,23.73,159.1,98564.39,159.18
1783576192,1881,98565.9,23.73,159.05,98564.75,159.15
1783576192,1882,98566.13,23.73,159.03,98565.09,159.12
1783576192,1883,98566.77,23.73,158.97,98565.48,159.08
1783576193,1884,98568.72,23.73,158.8,98567.18,158.93
1783576193,1885,98569.37,23.73,158.74,98567.69,158.89
1783576193,1886,98569.59,23.73,158.72,98568.13,158.85
1783576193,1887,98570.24,23.73,158.66,98568.63,158.81
1783576193,1888,98570.56,23.73,158.63,98569.08,158.77
1783576193,1889,98571.21,23.73,158.58,98569.57,158.72
1783576193,1890,98571.86,23.73,158.52,98570.09,158.68
1783576194,1891,98571.76,23.73,158.53,98570.48,158.64
1783576194,1892,98573.3,23.72,158.39,98572.09,158.5
1783576194,1893,98573.21,23.72,158.4,98572.37,158.47
1783576194,1894,98573.85,23.72,158.34,98572.73,158.44
1783576194,1895,98574.09,23.72,158.32,98573.05,158.41
1783576194,1896,98574.41,23.72,158.29,98573.38,158.38
1783576194,1897,98574.3,23.72,158.3,98573.62,158.36
1783576194,1898,98574.63,23.72,158.27,98573.88,158.34
1783576195,1899,98574.53,23.71,158.27,98574.05,158.32
1783576195,1900,98575.43,23.71,158.2,98574.95,158.24
1783576195,1901,98575.34,23.71,158.2,98575.07,158.23
1783576195,1902,98575.34,23.71,158.2,98575.16,158.22
1783576195,1903,98575.23,23.71,158.21,98575.22,158.21
1783576195,1904,98575.88,23.71,158.16,98575.4,158.2
1783576195,1905,98575.79,23.7,158.16,98575.53,158.18
1783576196,1906,98576.1,23.7,158.13,98575.7,158.17
1783576196,1907,98575.68,23.7,158.17,98575.73,158.16
1783576196,1908,98575.52,23.7,158.18,98575.77,158.16
1783576196,1909,98575.84,23.7,158.15,98575.82,158.16
1783576196,1910,98575.74,23.69,158.16,98575.85,158.15
1783576196,1911,98575.64,23.69,158.17,98575.85,158.15
1783576196,1912,98575.96,23.69,158.14,98575.92,158.14
1783576197,1913,98575.87,23.69,158.15,98575.95,158.14
1783576197,1914,98575.87,23.69,158.15,98575.98,158.14
1783576197,1915,98575.8,23.69,158.15,98575.98,158.14
1783576197,1916,98576.15,23.68,158.12,98576.21,158.11
1783576197,1917,98576.47,23.68,158.09,98576.31,158.1
1783576197,1918,98576.05,23.68,158.13,98576.3,158.1
1783576197,1919,98575.98,23.67,158.13,98576.28,158.1
1783576197,1920,98576.3,23.67,158.1,98576.33,158.1
1783576198,1921,98576.2,23.67,158.11,98576.34,158.09
1783576198,1922,98576.52,23.67,158.08,98576.43,158.09
1783576198,1923,98576.1,23.67,158.12,98576.41,158.09
1783576198,1924,98575.84,23.66,158.13,98576.34,158.09
1783576198,1925,98576.16,23.66,158.1,98576.35,158.09
1783576198,1926,98576.06,23.66,158.11,98576.34,158.09
1783576198,1927,98576.38,23.66,158.08,98576.39,158.08
1783576199,1928,98576.29,23.66,158.09,98576.41,158.08
1783576199,1929,98576.18,23.65,158.1,98576.41,158.08
1783576199,1930,98576.51,23.65,158.07,98576.48,158.07
1783576199,1931,98576.41,23.65,158.08,98576.52,158.07
1783576199,1932,98575.91,23.65,158.12,98576.47,158.07
1783576199,1933,98576.24,23.65,158.09,98576.47,158.07
1783576199,1934,98576.15,23.64,158.09,98576.45,158.07
1783576200,1935,98576.46,23.64,158.07,98576.5,158.06
1783576200,1936,98576.04,23.64,158.1,98576.45,158.07
1783576200,1937,98575.62,23.64,158.14,98576.32,158.08
1783576200,1938,98575.62,23.64,158.14,98576.22,158.09
1783576200,1939,98575.23,23.64,158.18,98576.05,158.1
1783576200,1940,98573.93,23.64,158.29,98575.13,158.19
1783576200,1941,98573.6,23.64,158.32,98574.85,158.21
1783576200,1942,98572.96,23.64,158.38,98574.5,158.24
1783576201,1943,98571.99,23.64,158.46,98574.02,158.28
1783576201,1944,98571.66,23.64,158.49,98573.56,158.32
1783576201,1945,98570.7,23.64,158.58,98573.0,158.37
1783576201,1946,98570.37,23.64,158.6,98572.48,158.42
1783576201,1947,98569.73,23.64,158.66,98571.95,158.47
1783576201,1948,98568.17,23.64,158.8,98570.09,158.63
1783576201,1949,98567.85,23.64,158.83,98569.66,158.67
1783576202,1950,98568.27,23.64,158.79,98569.41,158.69
1783576202,1951,98567.95,23.64,158.82,98569.14,158.71
1783576202,1952,98567.63,23.64,158.85,98568.87,158.74
1783576202,1953,98566.98,23.64,158.9,98568.52,158.77
1783576202,1954,98566.65,23.64,158.93,98568.16,158.8
1783576202,1955,98566.65,23.64,158.93,98567.89,158.82
1783576202,1956,98566.1,23.64,158.98,98567.07,158.89
1783576202,1957,98566.1,23.64,158.98,98566.91,158.91
1783576203,1958,98565.78,23.64,159.01,98566.72,158.93
1783576203,1959,98565.78,23.64,159.01,98566.57,158.94
1783576203,1960,98565.46,23.64,159.04,98566.38,158.96
1783576203,1961,98565.13,23.64,159.07,98566.16,158.97
1783576203,1962,98565.13,23.64,159.07,98565.99,158.99
1783576203,1963,98565.13,23.64,159.07,98565.86,159.0
1783576203,1964,98565.23,23.65,159.06,98565.59,159.03
1783576204,1965,98564.91,23.65,159.09,98565.49,159.04
1783576204,1966,98565.34,23.65,159.05,98565.51,159.04
1783576204,1967,98565.34,23.65,159.05,98565.52,159.04
1783576204,1968,98564.69,23.65,159.11,98565.38,159.05
1783576204,1969,98565.08,23.65,159.08,98565.37,159.05
1783576204,1970,98564.76,23.65,159.1,98565.28,159.06
1783576204,1971,98564.85,23.65,159.1,98565.23,159.06
1783576205,1972,98564.73,23.66,159.11,98565.01,159.09
1783576205,1973,98565.15,23.66,159.07,98565.09,159.08
1783576205,1974,98565.22,23.66,159.07,98565.16,159.07
1783576205,1975,98564.9,23.66,159.1,98565.16,159.07
1783576205,1976,98564.99,23.67,159.09,98565.16,159.08
1783576205,1977,98565.09,23.67,159.08,98565.19,159.08
1783576205,1978,98564.77,23.67,159.11,98565.14,159.08
1783576205,1979,98564.77,23.67,159.11,98565.11,159.08
1783576206,1980,98564.71,23.68,159.12,98564.98,159.1
1783576206,1981,98564.82,23.68,159.11,98564.99,159.1
1783576206,1982,98564.91,23.68,159.11,98565.02,159.1
1783576206,1983,98564.59,23.68,159.14,98564.97,159.1
1783576206,1984,98564.7,23.68,159.13,98564.95,159.1
1783576206,1985,98564.46,23.69,159.15,98564.89,159.11
1783576206,1986,98564.85,23.69,159.12,98564.92,159.11
1783576206,1987,98564.96,23.69,159.11,98564.98,159.11
1783576207,1988,98564.35,23.7,159.17,98564.76,159.13
1783576207,1989,98564.13,23.7,159.19,98564.66,159.14
1783576207,1990,98564.23,23.71,159.18,98564.6,159.15
1783576207,1991,98564.65,23.71,159.15,98564.65,159.15
1783576207,1992,98565.07,23.71,159.11,98564.78,159.13
1783576207,1993,98565.79,23.71,159.05,98565.04,159.11
1783576207,1994,98566.11,23.71,159.02,98565.3,159.09
1783576207,1995,98566.86,23.72,158.96,98565.68,159.06
1783576208,1996,98568.15,23.72,158.84,98567.09,158.94
1783576208,1997,98568.48,23.72,158.81,98567.42,158.91
1783576208,1998,98569.23,23.72,158.75,98567.84,158.87
1783576208,1999,98569.87,23.72,158.69,98568.31,158.83
1783576208,2000,98570.2,23.72,158.66,98568.76,158.79
1783576208,2001,98570.52,23.72,158.63,98569.17,158.75
1783576208,2002,98571.16,23.72,158.58,98569.64,158.71
1783576208,2003,98571.16,23.72,158.58,98570.01,158.68
1783576209,2004,98572.04,23.72,158.5,98571.31,158.56
1783576209,2005,98572.37,23.72,158.47,98571.58,158.54
1783576209,2006,98572.69,23.72,158.44,98571.85,158.52
1783576209,2007,98572.69,23.72,158.44,98572.07,158.5
1783576209,2008,98572.59,23.71,158.45,98572.22,158.48
1783576209,2009,98572.91,23.71,158.42,98572.41,158.46
1783576209,2010,98573.24,23.71,158.39,98572.63,158.44
1783576210,2011,98573.24,23.71,158.39,98572.8,158.43
1783576210,2012,98574.14,23.71,158.31,98573.5,158.37
1783576210,2013,98574.04,23.71,158.32,98573.66,158.35
1783576210,2014,98574.04,23.71,158.32,98573.78,158.34
1783576210,2015,98573.94,23.71,158.33,98573.85,158.33
1783576210,2016,98574.27,23.71,158.3,98573.98,158.32
1783576210,2017,98574.16,23.7,158.3,98574.06,158.31
1783576211,2018,98574.48,23.7,158.27,98574.2,158.3
1783576211,2019,98574.48,23.7,158.27,98574.3,158.29
1783576211,2020,98574.65,23.7,158.26,98574.56,158.27
1783576211,2021,98574.55,23.7,158.27,98574.6,158.26
1783576211,2022,98574.87,23.7,158.24,98574.7,158.25
1783576211,2023,98575.09,23.69,158.21,98574.84,158.24
1783576211,2024,98575.41,23.69,158.19,98575.0,158.22
1783576211,2025,98575.32,23.69,158.19,98575.11,158.21
1783576212,2026,98575.54,23.69,158.18,98575.24,158.2
1783576212,2027,98575.54,23.69,158.18,98575.35,158.19
1783576212,2028,98575.7,23.68,158.16,98575.7,158.16
1783576212,2029,98575.7,23.68,158.16,98575.74,158.15
1783576212,2030,98575.6,23.68,158.16,98575.76,158.15
1783576212,2031,98575.92,23.68,158.14,98575.84,158.14
1783576212,2032,98575.82,23.68,158.15,98575.88,158.14
1783576213,2033,98575.82,23.68,158.15,98575.91,158.14
1783576213,2034,98575.4,23.68,158.18,98575.84,158.14
1783576213,2035,98575.34,23.67,158.18,98575.79,158.14
1783576213,2036,98575.45,23.67,158.17,98575.65,158.15
1783576213,2037,98575.35,23.67,158.18,98575.63,158.16
1783576213,2038,98575.26,23.66,158.18,98575.61,158.15
1783576213,2039,98575.58,23.66,158.16,98575.65,158.15
1783576214,2040,98575.19,23.66,158.19,98575.59,158.15
1783576214,2041,98575.09,23.66,158.2,98575.53,158.16
1783576214,2042,98575.41,23.66,158.17,98575.55,158.16
1783576214,2043,98575.31,23.66,158.18,98575.55,158.16
1783576214,2044,98575.05,23.65,158.2,98575.37,158.17
1783576214,2045,98575.27,23.65,158.18,98575.39,158.17
1783576214,2046,98574.84,23.64,158.21,98575.33,158.17
1783576214,2047,98575.17,23.64,158.18,98575.34,158.17
1783576215,2048,98575.49,23.64,158.15,98575.42,158.16
1783576215,2049,98575.07,23.64,158.19,98575.4,158.16
1783576215,2050,98575.4,23.64,158.16,98575.45,158.16
1783576215,2051,98575.4,23.64,158.16,98575.48,158.15
1783576215,2052,98574.65,23.64,158.23,98575.18,158.18
1783576215,2053,98574.65,23.64,158.23,98575.12,158.19
1783576215,2054,98574.32,23.64,158.26,98574.99,158.2
1783576216,2055,98574.0,23.64,158.28,98574.83,158.21
1783576216,2056,98573.68,23.64,158.31,98574.63,158.23
1783576216,2057,98573.35,23.64,158.34,98574.41,158.25
1783576216,2058,98573.02,23.64,158.37,98574.16,158.27
1783576216,2059,98573.13,23.64,158.36,98573.98,158.29
1783576216,2060,98571.93,23.64,158.47,98573.09,158.36
1783576216,2061,98571.29,23.64,158.52,98572.75,158.39
1783576216,2062,98571.38,23.65,158.52,98572.5,158.42
1783576217,2063,98571.05,23.65,158.55,98572.23,158.45
1783576217,2064,98571.16,23.65,158.54,98572.05,158.46
1783576217,2065,98570.52,23.65,158.6,98571.77,158.49
1783576217,2066,98570.58,23.65,158.59,98571.56,158.5
1783576217,2067,98570.26,23.65,158.62,98571.33,158.53
1783576217,2068,98569.48,23.66,158.69,98570.42,158.61
1783576217,2069,98569.26,23.66,158.71,98570.22,158.63
1783576218,2070,98568.93,23.66,158.74,98569.99,158.65
1783576218,2071,98568.29,23.66,158.8,98569.67,158.68
1783576218,2072,98568.39,23.66,158.79,98569.45,158.7
1783576218,2073,98568.06,23.66,158.82,98569.2,158.72
1783576218,2074,98567.8,23.66,158.84,98568.95,158.74
1783576218,2075,98567.8,23.66,158.84,98568.75,158.76
1783576218,2076,98566.29,23.67,158.98,98567.58,158.87
1783576219,2077,98566.39,23.67,158.97,98567.37,158.89
1783576219,2078,98566.07,23.67,159.0,98567.13,158.91
1783576219,2079,98565.74,23.67,159.03,98566.88,158.93
1783576219,2080,98565.84,23.67,159.02,98566.7,158.94
1783576219,2081,98565.52,23.67,159.05,98566.49,158.96
1783576219,2082,98565.2,23.67,159.08,98566.26,158.98
1783576219,2083,98565.62,23.67,159.04,98566.16,158.99
1783576219,2084,98564.71,23.68,159.12,98565.59,159.05
1783576220,2085,98564.82,23.68,159.11,98565.47,159.06
1783576220,2086,98564.49,23.68,159.14,98565.3,159.07
1783576220,2087,98564.27,23.68,159.16,98565.13,159.09
1783576220,2088,98564.27,23.68,159.16,98564.98,159.1
1783576220,2089,98563.95,23.68,159.19,98564.8,159.12
1783576220,2090,98563.72,23.68,159.21,98564.62,159.13
1783576220,2091,98563.72,23.68,159.21,98564.47,159.15
1783576221,2092,98563.23,23.69,159.26,98563.91,159.2
1783576221,2093,98563.23,23.69,159.26,98563.81,159.21
1783576221,2094,98563.01,23.69,159.28,98563.69,159.22
1783576221,2095,98562.69,23.69,159.31,98563.52,159.23
1783576221,2096,98562.79,23.69,159.3,98563.41,159.24
1783576221,2097,98562.14,23.69,159.36,98563.18,159.26
1783576221,2098,98561.91,23.7,159.38,98562.95,159.29
1783576221,2099,98561.91,23.7,159.38,98562.77,159.31
1783576222,2100,98561.86,23.7,159.39,98562.49,159.33
1783576222,2101,98562.28,23.71,159.35,98562.48,159.34
1783576222,2102,98562.38,23.71,159.35,98562.5,159.34
1783576222,2103,98562.48,23.71,159.34,98562.53,159.33
1783576222,2104,98562.48,23.71,159.34,98562.56,159.33
1783576222,2105,98562.55,23.71,159.33,98562.6,159.33
1783576222,2106,98562.55,23.71,159.33,98562.63,159.32
1783576222,2107,98562.98,23.72,159.3,98562.75,159.32
1783576223,2108,98563.4,23.72,159.26,98563.19,159.28
1783576223,2109,98564.14,23.72,159.2,98563.43,159.26
1783576223,2110,98564.47,23.72,159.17,98563.7,159.24
1783576223,2111,98564.79,23.72,159.14,98563.97,159.21
1783576223,2112,98565.12,23.72,159.11,98564.26,159.19
1783576223,2113,98565.45,23.72,159.08,98564.55,159.16
1783576223,2114,98565.76,23.72,159.05,98564.85,159.13
1783576223,2115,98566.09,23.72,159.02,98565.16,159.11
1783576224,2116,98567.05,23.72,158.94,98566.28,159.01
1783576224,2117,98567.38,23.72,158.91,98566.55,158.98
1783576224,2118,98567.71,23.72,158.88,98566.84,158.96
1783576224,2119,98568.02,23.72,158.85,98567.13,158.93
1783576224,2120,98568.35,23.72,158.82,98567.43,158.91
1783576224,2121,98568.68,23.72,158.8,98567.73,158.88
1783576224,2122,98569.32,23.72,158.74,98568.11,158.85
1783576225,2123,98569.32,23.72,158.74,98568.41,158.82
1783576225,2124,98571.27,23.72,158.57,98569.84,158.69
1783576225,2125,98572.24,23.72,158.48,98570.4,158.64
1783576225,2126,98572.56,23.72,158.45,98570.9,158.6
1783576225,2127,98572.88,23.72,158.43,98571.36,158.56
1783576225,2128,98573.12,23.72,158.4,98571.77,158.52
1783576225,2129,98573.76,23.72,158.35,98572.23,158.48
1783576225,2130,98574.09,23.72,158.32,98572.67,158.44
1783576226,2131,98574.41,23.72,158.29,98573.09,158.41
1783576226,2132,98574.95,23.72,158.24,98574.29,158.3
1783576226,2133,98575.27,23.72,158.21,98574.54,158.28
1783576226,2134,98575.18,23.71,158.22,98574.72,158.26
1783576226,2135,98575.51,23.71,158.19,98574.93,158.24
1783576226,2136,98575.43,23.71,158.2,98575.08,158.23
1783576226,2137,98575.76,23.71,158.17,98575.27,158.21
1783576227,2138,98575.66,23.71,158.17,98575.39,158.2
1783576227,2139,98575.66,23.71,158.17,98575.49,158.19
1783576227,2140,98576.43,23.7,158.1,98576.0,158.14
1783576227,2141,98576.33,23.7,158.11,98576.11,158.13
1783576227,2142,98576.66,23.7,158.08,98576.27,158.12
1783576227,2143,98576.59,23.7,158.09,98576.38,158.11
1783576227,2144,98576.91,23.7,158.06,98576.53,158.09
1783576227,2145,98576.81,23.7,158.07,98576.63,158.08
1783576228,2146,98577.04,23.69,158.04,98576.77,158.07
1783576228,2147,98577.04,23.69,158.04,98576.87,158.06
1783576228,2148,98577.16,23.69,158.03,98577.15,158.03
1783576228,2149,98577.16,23.69,158.03,98577.2,158.03
1783576228,2150,98577.48,23.69,158.0,98577.3,158.02
1783576228,2151,98577.41,23.69,158.01,98577.37,158.01
1783576228,2152,98577.41,23.69,158.01,98577.42,158.01
1783576229,2153,98577.32,23.68,158.01,98577.45,158.0
1783576229,2154,98577.64,23.68,157.98,98577.53,157.99
1783576229,2155,98577.21,23.68,158.02,98577.51,158.0
1783576229,2156,98577.34,23.68,158.01,98577.54,157.99
1783576229,2157,98576.95,23.67,158.04,98577.46,158.0
1783576229,2158,98577.27,23.67,158.01,98577.47,157.99
1783576229,2159,98577.18,23.67,158.02,98577.45,158.0
1783576230,2160,98577.07,23.67,158.03,98577.41,158.0
1783576230,2161,98576.98,23.67,158.04,98577.37,158.0
1783576230,2162,98576.55,23.66,158.07,98577.25,158.01
1783576230,2163,98576.88,23.66,158.04,98577.22,158.01
1783576230,2164,98576.18,23.65,158.1,98576.82,158.04
1783576230,2165,98576.51,23.65,158.07,98576.8,158.04
1783576230,2166,98576.41,23.65,158.08,98576.77,158.05
1783576230,2167,98576.34,23.65,158.08,98576.72,158.05
1783576231,2168,98576.24,23.65,158.09,98576.66,158.05
1783576231,2169,98576.15,23.64,158.09,98576.61,158.05
1783576231,2170,98576.46,23.64,158.07,98576.63,158.05
1783576231,2171,98576.46,23.64,158.07,98576.64,158.05
1783576231,2172,98576.52,23.64,158.06,98576.67,158.05
1783576231,2173,98576.42,23.63,158.07,98576.66,158.04
1783576231,2174,98575.99,23.63,158.1,98576.57,158.05
1783576232,2175,98576.32,23.63,158.07,98576.56,158.05
1783576232,2176,98576.23,23.63,158.08,98576.54,158.06
1783576232,2177,98576.16,23.63,158.09,98576.51,158.06
1783576232,2178,98576.16,23.63,158.09,98576.48,158.06
1783576232,2179,98575.41,23.62,158.15,98576.31,158.07
1783576232,2180,98574.34,23.62,158.24,98575.58,158.13
1783576232,2181,98574.02,23.62,158.27,98575.3,158.16
1783576233,2182,98573.7,23.62,158.3,98575.01,158.18
1783576233,2183,98573.7,23.62,158.3,98574.78,158.2
1783576233,2184,98573.37,23.62,158.33,98574.53,158.23
1783576233,2185,98573.04,23.62,158.36,98574.27,158.25
1783576233,2186,98573.04,23.62,158.36,98574.05,158.27
1783576233,2187,98572.72,23.62,158.39,98573.82,158.29
1783576233,2188,98572.07,23.62,158.44,98572.99,158.36
1783576233,2189,98571.75,23.62,158.47,98572.77,158.38
1783576234,2190,98571.75,23.62,158.47,98572.6,158.4
1783576234,2191,98571.42,23.62,158.5,98572.4,158.41
1783576234,2192,98571.42,23.62,158.5,98572.24,158.43
1783576234,2193,98571.1,23.62,158.53,98572.05,158.45
1783576234,2194,98570.77,23.62,158.56,98571.83,158.46
1783576234,2195,98570.77,23.62,158.56,98571.66,158.48
1783576234,2196,98570.23,23.62,158.61,98571.01,158.54
1783576235,2197,98570.23,23.62,158.61,98570.89,158.55
1783576235,2198,98569.91,23.62,158.63,98570.73,158.56
1783576235,2199,98569.91,23.62,158.63,98570.6,158.57
1783576235,2200,98569.91,23.62,158.63,98570.5,158.58
1783576235,2201,98570.01,23.63,158.63,98570.44,158.59
1783576235,2202,98570.01,23.63,158.63,98570.39,158.6
1783576235,2203,98570.01,23.63,158.63,98570.36,158.6
1783576236,2204,98570.17,23.63,158.62,98570.25,158.61
1783576236,2205,98569.85,23.63,158.64,98570.21,158.61
1783576236,2206,98569.95,23.63,158.64,98570.2,158.61
1783576236,2207,98569.63,23.63,158.66,98570.13,158.62
1783576236,2208,98569.73,23.64,158.66,98570.09,158.63
1783576236,2209,98569.4,23.64,158.69,98569.98,158.64
1783576236,2210,98569.15,23.64,158.71,98569.85,158.65
1783576236,2211,98569.24,23.64,158.7,98569.77,158.66
1783576237,2212,98568.48,23.65,158.78,98569.33,158.7
1783576237,2213,98568.24,23.65,158.8,98569.14,158.72
1783576237,2214,98567.99,23.65,158.82,98568.95,158.74
1783576237,2215,98567.34,23.65,158.88,98568.65,158.76
1783576237,2216,98567.45,23.65,158.87,98568.44,158.78
1783576237,2217,98566.9,23.66,158.92,98568.16,158.81
1783576237,2218,98566.57,23.66,158.95,98567.87,158.84
1783576237,2219,98566.57,23.66,158.95,98567.64,158.86
1783576238,2220,98565.54,23.66,159.04,98566.7,158.94
1783576238,2221,98564.9,23.66,159.1,98566.36,158.97
1783576238,2222,98564.99,23.67,159.09,98566.11,159.0
1783576238,2223,98564.77,23.67,159.11,98565.87,159.02
1783576238,2224,98564.77,23.67,159.11,98565.68,159.03
1783576238,2225,98564.54,23.67,159.13,98565.48,159.05
