unix_time,sample_id,pressure_pa,temperature_c,height_m,kf_pressure_pa,kf_height_m
1783575952,80,98577.0,26.2,158.2,98577.59,158.15
1783575952,81,98577.0,26.2,158.2,98577.59,158.15
1783575952,82,98580.0,26.2,157.94,98577.98,158.11
1783575952,83,98577.0,26.19,158.2,98577.82,158.13
1783575952,84,98578.0,26.19,158.11,98577.95,158.12
1783575953,85,98579.0,26.19,158.02,98578.12,158.1
1783575953,86,98579.0,26.18,158.02,98578.26,158.09
1783575953,87,98580.0,26.18,157.93,98578.54,158.06
1783575953,88,98581.0,26.18,157.84,98578.94,158.02
1783575953,89,98581.0,26.17,157.84,98579.27,158.0
1783575953,90,98578.0,26.17,158.11,98579.06,158.01
1783575953,91,98579.0,26.17,158.02,98579.05,158.01
1783575954,92,98579.0,26.16,158.02,98579.09,158.01
1783575954,93,98578.0,26.16,158.11,98578.91,158.03
1783575954,94,98580.0,26.16,157.93,98579.09,158.01
1783575954,95,98579.0,26.15,158.01,98579.07,158.01
1783575954,96,98577.0,26.15,158.19,98578.74,158.04
1783575954,97,98577.0,26.16,158.19,98578.46,158.06
1783575954,98,98579.0,26.15,158.01,98578.55,158.05
1783575954,99,98579.0,26.15,158.01,98578.62,158.05
1783575955,100,98580.0,26.15,157.93,98579.3,157.99
1783575955,102,98579.0,26.14,158.01,98579.21,158.0
1783575955,103,98579.0,26.15,158.01,98579.18,158.0
1783575955,104,98579.0,26.14,158.01,98579.15,158.0
1783575955,105,98578.0,26.14,158.1,98578.96,158.01
1783575955,106,98577.0,26.14,158.19,98578.65,158.04
1783575955,107,98578.0,26.14,158.1,98578.55,158.05
1783575956,108,98577.0,26.14,158.19,98578.28,158.07
1783575956,109,98581.0,26.14,157.83,98578.72,158.03
1783575956,110,98579.0,26.14,158.01,98578.77,158.03
1783575956,111,98579.0,26.13,158.01,98578.8,158.03
1783575956,112,98575.0,26.13,158.36,98578.2,158.08
1783575956,113,98578.0,26.13,158.1,98578.16,158.08
1783575956,114,98579.0,26.13,158.0,98578.3,158.07
1783575956,115,98579.0,26.13,158.0,98578.41,158.06
1783575957,116,98580.0,26.12,157.91,98578.93,158.01
1783575957,117,98579.0,26.12,158.0,98578.94,158.01
1783575957,118,98582.0,26.12,157.74,98579.43,157.97
1783575957,119,98581.0,26.12,157.83,98579.68,157.94
1783575957,120,98579.0,26.12,158.0,98579.57,157.95
1783575957,121,98577.0,26.11,158.18,98579.16,157.99
1783575957,122,98577.0,26.12,158.18,98578.81,158.02
1783575957,123,98577.0,26.12,158.17,98578.52,158.04
1783575958,124,98580.0,26.11,157.91,98579.34,157.97
1783575958,125,98580.0,26.11,157.91,98579.45,157.96
1783575958,126,98580.0,26.11,157.91,98579.53,157.95
1783575958,127,98576.0,26.1,158.26,98578.97,158.0
1783575958,128,98576.0,26.11,158.26,98578.49,158.04
1783575958,129,98575.0,26.1,158.35,98577.93,158.09
1783575958,130,98575.0,26.1,158.35,98577.46,158.13
1783575959,131,98575.0,26.1,158.35,98577.06,158.16
1783575959,132,98570.0,26.09,158.79,98574.03,158.44
1783575959,133,98571.0,26.08,158.7,98573.55,158.48
1783575959,134,98569.0,26.08,158.88,98572.82,158.54
1783575959,135,98570.0,26.08,158.79,98572.37,158.58
1783575959,136,98570.0,26.08,158.79,98571.98,158.62
1783575959,137,98567.0,26.08,159.06,98571.19,158.69
1783575959,138,98567.0,26.08,159.06,98570.52,158.75
1783575960,139,98567.0,26.08,159.06,98569.95,158.8
1783575960,140,98570.0,26.07,158.79,98569.45,158.84
1783575960,141,98568.0,26.07,158.97,98569.21,158.86
1783575960,142,98564.0,26.07,159.33,98568.38,158.94
1783575960,143,98568.0,26.07,158.97,98568.31,158.95
1783575960,144,98568.0,26.07,158.97,98568.27,158.95
1783575960,145,98566.0,26.07,159.15,98567.9,158.98
1783575961,146,98566.0,26.06,159.15,98567.59,159.01
1783575961,147,98565.0,26.06,159.24,98567.18,159.05
1783575961,148,98565.0,26.06,159.24,98566.64,159.09
1783575961,149,98564.0,26.06,159.33,98566.22,159.13
1783575961,150,98569.0,26.06,158.89,98566.66,159.09
1783575961,151,98567.0,26.05,159.06,98566.72,159.09
1783575961,152,98566.0,26.05,159.16,98566.6,159.1
1783575962,153,98567.0,26.05,159.07,98566.66,159.1
1783575962,154,98567.0,26.05,159.07,98566.72,159.09
1783575962,155,98565.0,26.05,159.24,98566.45,159.12
1783575962,156,98566.0,26.05,159.16,98566.23,159.14
1783575962,157,98566.0,26.05,159.16,98566.19,159.14
1783575962,158,98565.0,26.05,159.24,98566.0,159.16
1783575962,159,98567.0,26.05,159.07,98566.16,159.14
1783575962,160,98566.0,26.05,159.16,98566.14,159.14
1783575963,161,98569.0,26.05,158.89,98566.6,159.1
1783575963,162,98567.0,26.05,159.07,98566.66,159.1
1783575963,163,98566.0,26.05,159.16,98566.55,159.11
1783575963,164,98566.0,26.05,159.16,98566.23,159.14
1783575963,165,98566.0,26.05,159.16,98566.19,159.14
1783575963,166,98569.0,26.05,158.9,98566.64,159.11
1783575963,167,98566.0,26.05,159.17,98566.54,159.12
1783575964,168,98569.0,26.05,158.9,98566.94,159.08
1783575964,169,98569.0,26.05,158.9,98567.27,159.05
1783575964,170,98566.0,26.05,159.17,98567.06,159.07
1783575964,171,98563.0,26.05,159.43,98566.41,159.13
1783575964,172,98568.0,26.05,159.0,98567.04,159.08
1783575964,173,98569.0,26.05,158.91,98567.35,159.05
1783575964,174,98568.0,26.05,159.0,98567.45,159.04
1783575965,175,98568.0,26.05,159.0,98567.54,159.04
1783575965,176,98563.0,26.05,159.44,98566.81,159.1
1783575965,177,98568.0,26.05,159.0,98567.0,159.09
1783575965,178,98568.0,26.05,159.0,98567.16,159.07
1783575965,179,98567.0,26.05,159.09,98567.14,159.08
1783575965,180,98567.0,26.05,159.09,98567.14,159.08
1783575965,181,98569.0,26.05,158.92,98567.44,159.06
1783575965,182,98569.0,26.05,158.92,98567.69,159.04
1783575966,183,98567.0,26.05,159.1,98567.58,159.05
1783575966,184,98567.0,26.05,159.1,98567.48,159.06
1783575966,185,98566.0,26.05,159.19,98567.25,159.08
1783575966,186,98566.0,26.05,159.19,98567.05,159.1
1783575966,187,98567.0,26.05,159.1,98567.04,159.1
1783575966,188,98564.0,26.05,159.37,98566.92,159.12
1783575966,189,98567.0,26.06,159.11,98566.94,159.12
1783575967,190,98567.0,26.06,159.11,98566.95,159.11
1783575967,191,98566.0,26.06,159.2,98566.8,159.13
1783575967,192,98568.0,26.06,159.02,98566.99,159.11
1783575967,193,98566.0,26.05,159.2,98566.84,159.13
1783575967,194,98565.0,26.06,159.29,98566.54,159.16
1783575967,195,98569.0,26.06,158.94,98566.94,159.12
1783575967,196,98566.0,26.05,159.2,98567.53,159.07
1783575968,197,98569.0,26.05,158.94,98567.77,159.05
1783575968,198,98569.0,26.05,158.94,98567.96,159.04
1783575968,199,98568.0,26.05,159.03,98567.97,159.04
1783575968,200,98569.0,26.05,158.94,98568.13,159.02
1783575968,201,98569.0,26.05,158.94,98568.27,159.01
1783575968,202,98571.0,26.05,158.77,98568.71,158.97
1783575968,203,98571.0,26.04,158.77,98569.08,158.94
1783575968,204,98569.0,26.04,158.94,98569.04,158.94
1783575969,205,98570.0,26.04,158.86,98569.2,158.93
1783575969,206,98569.0,26.03,158.94,98569.16,158.93
1783575969,207,98569.0,26.03,158.94,98569.14,158.93
1783575969,208,98571.0,26.03,158.77,98569.44,158.91
1783575969,209,98572.0,26.03,158.68,98569.85,158.87
1783575969,210,98571.0,26.02,158.77,98570.04,158.85
1783575969,211,98574.0,26.02,158.5,98570.67,158.8
1783575970,212,98574.0,26.01,158.5,98572.04,158.68
1783575970,213,98575.0,26.02,158.41,98572.52,158.63
1783575970,214,98574.0,26.01,158.5,98572.75,158.61
1783575970,215,98574.0,26.01,158.5,98572.95,158.59
1783575970,216,98573.0,26.01,158.59,98572.96,158.59
1783575970,217,98577.0,26.01,158.23,98573.61,158.53
1783575970,218,98576.0,26.01,158.32,98573.99,158.5
1783575970,219,98576.0,26.01,158.32,98574.31,158.47
1783575971,220,98578.0,25.99,158.14,98575.41,158.37
1783575971,221,98576.0,25.99,158.32,98575.5,158.36
1783575971,222,98579.0,25.98,158.06,98576.06,158.32
1783575971,223,98578.0,25.98,158.14,98576.38,158.29
1783575971,224,98579.0,25.98,158.06,98576.8,158.25
1783575971,225,98578.0,25.97,158.14,98576.99,158.23
1783575971,226,98578.0,25.97,158.14,98577.16,158.22
1783575971,227,98579.0,25.97,158.06,98577.45,158.19
1783575972,228,98578.0,25.96,158.14,98577.53,158.18
1783575972,229,98579.0,25.96,158.05,98577.77,158.16
1783575972,230,98576.0,25.96,158.32,98577.48,158.18
1783575972,231,98580.0,25.96,157.96,98577.89,158.15
1783575972,232,98580.0,25.96,157.96,98578.23,158.12
1783575972,233,98580.0,25.96,157.96,98578.51,158.09
1783575972,234,98579.0,25.96,158.05,98578.59,158.08
1783575972,235,98581.0,25.96,157.87,98578.98,158.05
1783575973,236,98579.0,25.95,158.04,98578.55,158.08
1783575973,237,98580.0,25.95,157.95,98578.79,158.06
1783575973,238,98581.0,25.95,157.86,98579.14,158.03
1783575973,239,98581.0,25.95,157.86,98579.44,158.0
1783575973,240,98578.0,25.95,158.13,98579.2,158.02
1783575973,241,98583.0,25.95,157.69,98579.81,157.97
1783575973,242,98582.0,25.95,157.78,98580.16,157.94
1783575973,243,98580.0,25.94,157.95,98580.14,157.93
1783575974,244,98582.0,25.94,157.77,98580.39,157.91
1783575974,245,98583.0,25.94,157.68,98580.81,157.87
1783575974,246,98580.0,25.94,157.94,98580.68,157.88
1783575974,247,98581.0,25.94,157.85,98580.73,157.88
1783575974,248,98581.0,25.93,157.85,98580.77,157.87
1783575974,249,98581.0,25.94,157.85,98580.81,157.87
1783575974,250,98579.0,25.93,158.03,98580.52,157.9
1783575975,251,98578.0,25.93,158.12,98580.12,157.93
1783575975,252,98582.0,25.93,157.76,98581.01,157.85
1783575975,253,98580.0,25.93,157.94,98580.84,157.86
1783575975,254,98578.0,25.93,158.11,98580.39,157.9
1783575975,255,98579.0,25.93,158.02,98580.16,157.92
1783575975,256,98582.0,25.93,157.76,98580.46,157.9
1783575975,257,98581.0,25.93,157.84,98580.55,157.88
1783575976,258,98581.0,25.93,157.84,98580.62,157.88
1783575976,259,98581.0,25.93,157.84,98580.68,157.87
1783575976,260,98581.0,25.93,157.84,98580.44,157.89
1783575976,261,98580.0,25.93,157.93,98580.37,157.89
1783575976,262,98582.0,25.93,157.75,98580.63,157.87
1783575976,263,98583.0,25.93,157.66,98581.02,157.84
1783575976,264,98581.0,25.93,157.84,98581.02,157.84
1783575976,265,98580.0,25.92,157.93,98580.85,157.85
1783575977,266,98582.0,25.92,157.75,98581.04,157.83
1783575977,267,98581.0,25.92,157.84,98581.03,157.83
1783575977,268,98580.0,25.92,157.92,98580.6,157.87
1783575977,269,98582.0,25.92,157.74,98580.83,157.85
1783575977,270,98580.0,25.91,157.92,98580.7,157.86
1783575977,271,98578.0,25.92,158.1,98580.27,157.9
1783575977,272,98581.0,25.92,157.83,98580.38,157.89
1783575978,273,98580.0,25.91,157.92,98580.32,157.89
1783575978,274,98579.0,25.91,158.01,98580.11,157.91
1783575978,275,98580.0,25.91,157.92,98580.09,157.91
1783575978,276,98573.0,25.91,158.53,98577.63,158.12
1783575978,277,98576.0,25.91,158.27,98577.37,158.15
1783575978,278,98574.0,25.9,158.44,98576.83,158.19
1783575978,279,98572.0,25.9,158.62,98576.05,158.26
1783575979,280,98571.0,25.9,158.71,98575.24,158.33
1783575979,281,98569.0,25.89,158.89,98574.24,158.42
1783575979,282,98568.0,25.89,158.97,98573.24,158.51
1783575979,283,98566.0,25.88,159.15,98572.08,158.61
1783575979,284,98567.0,25.88,159.06,98569.51,158.84
1783575979,285,98567.0,25.88,159.06,98569.11,158.88
1783575979,286,98567.0,25.87,159.07,98568.77,158.91
1783575979,287,98566.0,25.88,159.16,98568.33,158.95
1783575980,288,98566.0,25.87,159.16,98567.95,158.98
1783575980,289,98565.0,25.87,159.24,98567.48,159.02
1783575980,290,98565.0,25.87,159.24,98567.08,159.06
1783575980,291,98566.0,25.87,159.16,98566.91,159.08
1783575980,292,98567.0,25.87,159.07,98566.82,159.08
1783575980,293,98567.0,25.87,159.07,98566.85,159.08
1783575980,294,98567.0,25.87,159.07,98566.88,159.08
1783575981,295,98567.0,25.86,159.07,98566.9,159.08
1783575981,296,98567.0,25.87,159.07,98566.91,159.07
1783575981,297,98566.0,25.87,159.16,98566.77,159.09
1783575981,298,98566.0,25.87,159.16,98566.64,159.1
1783575981,299,98566.0,25.86,159.16,98566.54,159.11
1783575981,300,98566.0,25.86,159.16,98566.02,159.15
1783575981,301,98568.0,25.86,158.98,98566.34,159.13
1783575981,302,98567.0,25.86,159.07,98566.45,159.12
1783575982,303,98565.0,25.86,159.25,98566.21,159.14
1783575982,304,98568.0,25.86,158.98,98566.5,159.12
1783575982,305,98567.0,25.86,159.07,98566.58,159.11
1783575982,306,98565.0,25.86,159.25,98566.33,159.13
1783575982,307,98565.0,25.86,159.25,98566.12,159.15
1783575982,308,98567.0,25.86,159.07,98566.54,159.11
1783575982,309,98569.0,25.86,158.9,98566.94,159.08
1783575983,310,98567.0,25.86,159.08,98566.95,159.08
1783575983,311,98568.0,25.86,158.99,98567.12,159.07
1783575983,312,98567.0,25.87,159.08,98567.1,159.07
1783575983,313,98568.0,25.86,158.99,98567.24,159.06
1783575983,314,98565.0,25.87,159.25,98566.88,159.09
1783575983,315,98568.0,25.87,158.99,98567.06,159.07
1783575983,316,98565.0,25.87,159.26,98566.49,159.13
1783575984,317,98568.0,25.87,159.0,98566.73,159.11
1783575984,318,98567.0,25.87,159.08,98566.77,159.1
1783575984,319,98567.0,25.87,159.08,98566.81,159.1
1783575984,320,98568.0,25.87,159.0,98567.0,159.08
1783575984,321,98570.0,25.87,158.82,98567.48,159.04
1783575984,322,98567.0,25.87,159.08,98567.41,159.05
1783575984,323,98568.0,25.87,159.0,98567.5,159.04
1783575984,324,98568.0,25.88,159.0,98567.59,159.04
1783575985,325,98569.0,25.88,158.91,98567.81,159.02
1783575985,326,98572.0,25.88,158.65,98568.48,158.96
1783575985,327,98574.0,25.88,158.47,98569.37,158.88
1783575985,328,98571.0,25.87,158.74,98569.63,158.86
1783575985,329,98574.0,25.87,158.47,98570.34,158.79
1783575985,330,98575.0,25.86,158.38,98571.09,158.73
1783575985,331,98577.0,25.86,158.21,98572.03,158.64
1783575986,332,98579.0,25.83,158.03,98575.46,158.34
1783575986,333,98580.0,25.83,157.94,98576.19,158.28
1783575986,334,98580.0,25.82,157.94,98576.8,158.22
1783575986,335,98582.0,25.81,157.76,98577.63,158.15
1783575986,336,98581.0,25.81,157.85,98578.17,158.1
1783575986,337,98582.0,25.81,157.76,98578.79,158.05
1783575986,338,98581.0,25.81,157.85,98579.14,158.02
1783575986,339,98582.0,25.8,157.76,98579.6,157.98
1783575987,340,98582.0,25.8,157.76,98580.66,157.88
1783575987,341,98580.0,25.8,157.94,98580.55,157.89
1783575987,342,98582.0,25.81,157.76,98580.79,157.87
1783575987,343,98582.0,25.8,157.76,98580.98,157.85
1783575987,344,98578.0,25.8,158.11,98580.51,157.89
1783575987,345,98584.0,25.81,157.58,98581.07,157.84
1783575987,346,98581.0,25.8,157.85,98581.06,157.84
1783575987,347,98582.0,25.8,157.76,98581.21,157.83
1783575988,348,98582.0,25.81,157.75,98581.63,157.79
1783575988,349,98582.0,25.81,157.75,98581.69,157.78
1783575988,350,98581.0,25.81,157.84,98581.58,157.79
1783575988,351,98582.0,25.8,157.75,98581.65,157.79
1783575988,352,98578.0,25.8,158.11,98581.06,157.84
1783575988,353,98580.0,25.8,157.93,98580.89,157.85
1783575988,354,98582.0,25.8,157.75,98581.07,157.83
1783575988,355,98584.0,25.8,157.57,98581.54,157.79
1783575989,356,98582.0,25.8,157.75,98581.71,157.77
1783575989,357,98583.0,25.79,157.66,98581.91,157.76
1783575989,358,98581.0,25.8,157.84,98581.77,157.77
1783575989,359,98581.0,25.8,157.84,98581.64,157.78
1783575989,360,98582.0,25.79,157.75,98581.7,157.78
1783575989,361,98582.0,25.79,157.74,98581.74,157.77
1783575989,362,98581.0,25.79,157.83,98581.63,157.78
1783575990,363,98578.0,25.79,158.1,98581.05,157.83
1783575990,364,98580.0,25.79,157.92,98581.02,157.83
1783575990,365,98583.0,25.79,157.65,98581.34,157.8
1783575990,366,98581.0,25.79,157.83,98581.29,157.8
1783575990,367,98583.0,25.79,157.65,98581.56,157.78
1783575990,368,98581.0,25.79,157.83,98581.47,157.79
1783575990,369,98580.0,25.79,157.91,98581.23,157.81
1783575990,370,98581.0,25.79,157.83,98581.2,157.81
1783575991,371,98582.0,25.78,157.74,98581.33,157.8
1783575991,372,98580.0,25.78,157.91,98580.66,157.85
1783575991,373,98580.0,25.78,157.91,98580.55,157.86
1783575991,374,98580.0,25.78,157.91,98580.47,157.87
1783575991,375,98578.0,25.78,158.09,98580.07,157.9
1783575991,376,98580.0,25.78,157.91,98580.06,157.9
1783575991,377,98582.0,25.78,157.73,98580.38,157.88
1783575992,378,98580.0,25.78,157.91,98580.31,157.88
1783575992,379,98579.0,25.78,157.99,98580.1,157.9
1783575992,380,98581.0,25.78,157.82,98580.24,157.88
1783575992,381,98580.0,25.77,157.9,98580.2,157.89
1783575992,382,98579.0,25.77,157.99,98580.01,157.9
1783575992,383,98579.0,25.77,157.99,98579.84,157.92
1783575992,384,98580.0,25.77,157.9,98579.87,157.92
1783575992,385,98582.0,25.77,157.73,98580.21,157.89
1783575993,386,98580.0,25.77,157.9,98580.18,157.88
1783575993,387,98579.0,25.77,157.99,98579.99,157.9
1783575993,388,98581.0,25.77,157.81,98580.18,157.88
1783575993,389,98579.0,25.76,157.98,98579.99,157.89
1783575993,390,98579.0,25.77,157.98,98579.84,157.91
1783575993,391,98581.0,25.77,157.81,98580.02,157.89
1783575993,392,98581.0,25.77,157.81,98580.18,157.88
1783575994,393,98579.0,25.77,157.98,98579.99,157.89
1783575994,394,98581.0,25.77,157.81,98580.16,157.88
1783575994,395,98581.0,25.77,157.81,98580.29,157.87
1783575994,396,98580.0,25.76,157.89,98580.24,157.87
1783575994,397,98580.0,25.77,157.89,98580.2,157.87
1783575994,398,98580.0,25.76,157.89,98580.17,157.87
1783575994,399,98579.0,25.76,157.98,98579.98,157.89
1783575995,400,98580.0,25.76,157.88,98579.98,157.88
1783575995,401,98579.0,25.76,157.97,98579.83,157.9
1783575995,402,98578.0,25.76,158.06,98579.53,157.92
1783575995,403,98578.0,25.76,158.06,98579.29,157.95
1783575995,404,98574.0,25.75,158.41,98577.29,158.12
1783575995,405,98574.0,25.75,158.41,98576.76,158.17
1783575995,406,98573.0,25.75,158.5,98576.16,158.22
1783575995,407,98574.0,25.75,158.41,98575.81,158.25
1783575996,408,98574.0,25.75,158.41,98575.52,158.28
1783575996,409,98575.0,25.75,158.32,98575.44,158.29
1783575996,410,98574.0,25.75,158.41,98575.2,158.31
1783575996,411,98575.0,25.75,158.32,98575.17,158.31
1783575996,412,98574.0,25.74,158.41,98574.73,158.35
1783575996,413,98572.0,25.73,158.59,98574.3,158.39
1783575996,414,98574.0,25.74,158.41,98574.25,158.39
1783575997,415,98575.0,25.73,158.32,98574.37,158.38
1783575997,416,98575.0,25.73,158.32,98574.47,158.37
1783575997,417,98571.0,25.73,158.68,98573.91,158.42
1783575997,418,98574.0,25.73,158.41,98573.93,158.42
1783575997,419,98575.0,25.73,158.32,98574.1,158.4
1783575997,420,98576.0,25.72,158.24,98574.05,158.41
1783575997,421,98574.0,25.72,158.42,98574.05,158.41
1783575998,422,98573.0,25.72,158.51,98573.88,158.43
1783575998,423,98572.0,25.72,158.59,98573.58,158.45
1783575998,424,98575.0,25.72,158.33,98573.8,158.43
1783575998,425,98572.0,25.72,158.59,98573.52,158.46
1783575998,426,98573.0,25.72,158.51,98573.43,158.47
1783575998,427,98574.0,25.72,158.42,98573.52,158.46
1783575998,428,98575.0,25.72,158.33,98573.98,158.42
1783575998,429,98574.0,25.71,158.42,98573.98,158.42
1783575999,430,98573.0,25.72,158.51,98573.83,158.43
1783575999,431,98576.0,25.72,158.24,98574.18,158.4
1783575999,432,98575.0,25.71,158.33,98574.31,158.39
1783575999,433,98574.0,25.71,158.42,98574.27,158.39
1783575999,434,98573.0,25.71,158.51,98574.06,158.41
1783575999,435,98574.0,25.71,158.42,98574.05,158.41
1783575999,436,98573.0,25.71,158.51,98573.63,158.45
1783576000,437,98575.0,25.71,158.33,98573.85,158.43
1783576000,438,98573.0,25.71,158.51,98573.72,158.44
1783576000,439,98574.0,25.71,158.42,98573.77,158.44
1783576000,440,98572.0,25.71,158.59,98573.48,158.46
1783576000,441,98571.0,25.71,158.68,98573.09,158.5
1783576000,442,98574.0,25.71,158.42,98573.23,158.49
1783576000,443,98574.0,25.71,158.42,98573.36,158.47
1783576001,444,98573.0,25.71,158.51,98573.52,158.46
1783576001,445,98575.0,25.71,158.33,98573.75,158.44
1783576001,446,98574.0,25.71,158.42,98573.79,158.44
1783576001,447,98573.0,25.71,158.51,98573.66,158.45
1783576001,448,98570.0,25.71,158.77,98573.08,158.5
1783576001,449,98571.0,25.71,158.68,98572.74,158.53
1783576001,450,98570.0,25.71,158.77,98572.3,158.57
1783576001,451,98572.0,25.71,158.6,98572.26,158.58
1783576002,452,98571.0,25.72,158.69,98571.38,158.65
1783576002,453,98569.0,25.72,158.86,98571.0,158.69
1783576002,454,98567.0,25.72,159.04,98570.36,158.74
1783576002,455,98566.0,25.72,159.13,98569.66,158.81
1783576002,456,98567.0,25.72,159.04,98569.23,158.84
1783576002,457,98567.0,25.72,159.04,98568.88,158.88
1783576002,458,98569.0,25.72,158.86,98568.9,158.87
1783576002,459,98568.0,25.72,158.95,98568.76,158.89
1783576003,460,98568.0,25.72,158.96,98567.7,158.98
1783576003,461,98567.0,25.72,159.05,98567.59,158.99
1783576003,462,98567.0,25.72,159.05,98567.49,159.0
1783576003,463,98564.0,25.72,159.31,98566.93,159.05
1783576003,464,98566.0,25.72,159.14,98566.78,159.07
1783576003,465,98565.0,25.72,159.23,98566.49,159.1
1783576003,466,98568.0,25.72,158.96,98566.73,159.07
1783576003,467,98566.0,25.72,159.14,98566.62,159.08
1783576004,468,98566.0,25.72,159.14,98566.3,159.11
1783576004,469,98566.0,25.72,159.14,98566.26,159.12
1783576004,470,98568.0,25.72,158.96,98566.54,159.09
1783576004,471,98567.0,25.71,159.05,98566.61,159.09
1783576004,472,98567.0,25.71,159.06,98566.67,159.09
1783576004,473,98565.0,25.71,159.23,98566.41,159.11
1783576004,474,98567.0,25.72,159.06,98566.5,159.1
1783576004,475,98567.0,25.71,159.06,98566.58,159.09
1783576005,476,98567.0,25.71,159.06,98566.83,159.07
1783576005,477,98567.0,25.72,159.06,98566.86,159.07
1783576005,478,98565.0,25.72,159.23,98566.56,159.09
1783576005,479,98567.0,25.72,159.06,98566.63,159.09
1783576005,480,98567.0,25.72,159.06,98566.7,159.08
1783576005,481,98567.0,25.72,159.06,98566.74,159.08
1783576005,482,98568.0,25.72,158.97,98566.95,159.07
1783576006,483,98566.0,25.72,159.15,98566.8,159.08
1783576006,484,98568.0,25.73,158.97,98565.93,159.16
1783576006,485,98567.0,25.73,159.07,98566.1,159.15
1783576006,486,98566.0,25.73,159.16,98566.09,159.15
1783576006,487,98565.0,25.73,159.24,98565.91,159.16
1783576006,488,98568.0,25.73,158.98,98566.25,159.13
1783576006,489,98567.0,25.73,159.07,98566.37,159.12
1783576006,490,98566.0,25.73,159.16,98566.3,159.13
1783576007,491,98569.0,25.73,158.9,98566.73,159.1
1783576007,492,98567.0,25.74,159.08,98566.75,159.1
1783576007,493,98567.0,25.74,159.08,98566.79,159.1
1783576007,494,98566.0,25.74,159.17,98566.66,159.11
1783576007,495,98568.0,25.74,158.99,98566.88,159.09
1783576007,496,98569.0,25.74,158.91,98567.22,159.06
1783576007,497,98565.0,25.74,159.26,98566.86,159.1
1783576008,498,98566.0,25.74,159.17,98566.72,159.11
1783576008,499,98566.0,25.74,159.17,98566.6,159.12
1783576008,500,98569.0,25.74,158.92,98566.95,159.1
1783576008,501,98566.0,25.74,159.18,98566.8,159.11
1783576008,502,98566.0,25.74,159.18,98566.67,159.12
1783576008,503,98567.0,25.74,159.09,98566.73,159.12
1783576008,504,98566.0,25.74,159.18,98566.61,159.13
1783576009,505,98568.0,25.74,159.01,98566.84,159.11
1783576009,506,98567.0,25.74,159.1,98566.86,159.11
1783576009,507,98566.0,25.75,159.19,98566.72,159.12
1783576009,508,98569.0,25.75,158.93,98567.2,159.09
1783576009,509,98570.0,25.75,158.84,98567.65,159.05
1783576009,510,98572.0,25.74,158.67,98568.34,158.99
1783576009,511,98574.0,25.74,158.49,98569.25,158.91
1783576009,512,98576.0,25.74,158.32,98570.34,158.82
1783576010,513,98577.0,25.73,158.23,98571.41,158.73
1783576010,514,98578.0,25.73,158.14,98572.46,158.63
1783576010,515,98580.0,25.72,157.97,98573.67,158.53
1783576010,516,98581.0,25.7,157.88,98576.89,158.24
1783576010,517,98580.0,25.69,157.97,98577.39,158.2
1783576010,518,98579.0,25.69,158.05,98577.65,158.17
1783576010,519,98581.0,25.69,157.87,98578.19,158.12
1783576011,520,98580.0,25.69,157.96,98578.48,158.1
1783576011,521,98580.0,25.69,157.96,98578.72,158.08
1783576011,522,98580.0,25.69,157.96,98578.92,158.06
1783576011,523,98581.0,25.69,157.87,98579.26,158.03
1783576011,524,98582.0,25.69,157.79,98579.88,157.97
1783576011,525,98581.0,25.69,157.87,98580.05,157.96
1783576011,526,98583.0,25.69,157.69,98580.52,157.91
1783576012,527,98581.0,25.69,157.87,98580.6,157.9
1783576012,528,98582.0,25.69,157.78,98580.83,157.88
1783576012,529,98581.0,25.69,157.87,98580.86,157.88
1783576012,530,98581.0,25.7,157.87,98580.88,157.88
1783576012,531,98581.0,25.69,157.87,98580.9,157.88
1783576012,532,98580.0,25.7,157.96,98580.91,157.88
1783576012,533,98582.0,25.7,157.78,98581.08,157.86
1783576012,534,98580.0,25.7,157.95,98580.91,157.87
1783576013,535,98580.0,25.7,157.95,98580.76,157.89
1783576013,536,98580.0,25.7,157.95,98580.63,157.9
1783576013,537,98583.0,25.7,157.69,98581.02,157.86
1783576013,538,98580.0,25.69,157.95,98580.85,157.88
1783576013,539,98582.0,25.7,157.78,98581.04,157.86
1783576013,540,98580.0,25.69,157.95,98581.57,157.81
1783576013,541,98584.0,25.7,157.59,98581.96,157.77
1783576014,542,98580.0,25.7,157.95,98581.65,157.8
1783576014,543,98582.0,25.69,157.77,98581.7,157.8
1783576014,544,98582.0,25.69,157.77,98581.75,157.79
1783576014,545,98581.0,25.69,157.86,98581.63,157.8
1783576014,546,98582.0,25.69,157.76,98581.7,157.79
1783576014,547,98583.0,25.69,157.68,98581.91,157.77
1783576014,548,98577.0,25.69,158.21,98580.72,157.88
1783576015,549,98583.0,25.7,157.68,98581.09,157.85
1783576015,550,98580.0,25.7,157.94,98580.91,157.86
1783576015,551,98581.0,25.7,157.85,98580.93,157.85
1783576015,552,98580.0,25.7,157.94,98580.78,157.87
1783576015,553,98581.0,25.7,157.85,98580.81,157.86
1783576015,554,98583.0,25.7,157.67,98581.16,157.83
1783576015,555,98581.0,25.69,157.85,98581.14,157.84
1783576015,556,98582.0,25.7,157.75,98581.29,157.82
1783576016,557,98584.0,25.7,157.58,98581.73,157.78
1783576016,558,98580.0,25.7,157.93,98581.45,157.8
1783576016,559,98582.0,25.69,157.75,98581.54,157.8
1783576016,560,98577.0,25.69,158.2,98580.81,157.86
1783576016,561,98580.0,25.7,157.93,98580.68,157.87
1783576016,562,98581.0,25.7,157.84,98580.73,157.86
1783576016,563,98581.0,25.7,157.84,98580.77,157.86
1783576017,564,98581.0,25.69,157.84,98581.02,157.84
1783576017,565,98579.0,25.7,158.01,98580.7,157.86
1783576017,566,98582.0,25.7,157.74,98580.91,157.84
1783576017,567,98580.0,25.69,157.92,98580.76,157.85
1783576017,568,98580.0,25.69,157.92,98580.63,157.86
1783576017,569,98577.0,25.69,158.19,98580.05,157.92
1783576017,570,98580.0,25.69,157.92,98580.04,157.92
1783576017,571,98580.0,25.69,157.92,98580.03,157.92
1783576018,572,98581.0,25.69,157.83,98580.99,157.83
1783576018,573,98580.0,25.69,157.91,98580.84,157.84
1783576018,574,98582.0,25.69,157.74,98581.02,157.82
1783576018,575,98580.0,25.68,157.91,98580.86,157.84
1783576018,576,98576.0,25.68,158.27,98580.08,157.91
1783576018,577,98582.0,25.69,157.73,98580.38,157.88
1783576018,578,98580.0,25.69,157.91,98580.32,157.88
1783576018,579,98578.0,25.68,158.09,98579.95,157.91
1783576019,580,98575.0,25.68,158.35,98578.81,158.01
1783576019,581,98573.0,25.68,158.52,98577.88,158.09
1783576019,582,98572.0,25.68,158.61,98576.94,158.17
1783576019,583,98573.0,25.67,158.52,98576.3,158.23
1783576019,584,98571.0,25.67,158.7,98575.45,158.31
1783576019,585,98570.0,25.67,158.79,98574.58,158.38
1783576019,586,98569.0,25.67,158.87,98573.69,158.46
1783576019,587,98568.0,25.67,158.96,98572.77,158.54
1783576020,588,98565.0,25.66,159.23,98569.85,158.8
1783576020,589,98568.0,25.67,158.96,98569.55,158.83
1783576020,590,98567.0,25.67,159.05,98569.15,158.86
1783576020,591,98569.0,25.67,158.87,98569.13,158.86
1783576020,592,98566.0,25.67,159.14,98568.63,158.91
1783576020,593,98568.0,25.67,158.96,98568.52,158.92
1783576020,594,98566.0,25.67,159.14,98568.12,158.95
1783576020,595,98569.0,25.67,158.87,98568.26,158.94
1783576021,596,98568.0,25.67,158.96,98567.33,159.02
1783576021,597,98570.0,25.67,158.79,98567.76,158.98
1783576021,598,98564.0,25.66,159.32,98567.16,159.04
1783576021,599,98568.0,25.67,158.96,98567.29,159.03
1783576021,600,98565.0,25.67,159.23,98566.92,159.06
1783576021,601,98567.0,25.67,159.05,98566.94,159.06
1783576021,602,98565.0,25.67,159.23,98566.63,159.08
1783576022,603,98566.0,25.66,159.14,98566.52,159.09
1783576022,604,98568.0,25.67,158.96,98567.12,159.04
1783576022,605,98566.0,25.67,159.14,98566.94,159.06
1783576022,606,98567.0,25.67,159.05,98566.95,159.06
1783576022,607,98567.0,25.67,159.05,98566.95,159.06
1783576022,608,98568.0,25.68,158.96,98567.12,159.04
1783576022,609,98567.0,25.68,159.05,98567.1,159.04
1783576023,610,98570.0,25.68,158.79,98567.56,159.0
1783576023,611,98566.0,25.68,159.14,98567.31,159.02
1783576023,612,98569.0,25.68,158.87,98566.62,159.08
1783576023,613,98566.0,25.68,159.14,98566.52,159.09
1783576023,614,98567.0,25.68,159.05,98566.59,159.09
1783576023,615,98566.0,25.68,159.14,98566.5,159.09
1783576023,616,98567.0,25.69,159.05,98566.58,159.09
1783576023,617,98565.0,25.68,159.23,98566.33,159.11
1783576024,618,98565.0,25.69,159.23,98566.12,159.13
1783576024,619,98568.0,25.69,158.96,98566.42,159.1
1783576024,620,98565.0,25.69,159.23,98566.3,159.11
1783576024,621,98567.0,25.69,159.05,98566.41,159.1
1783576024,622,98567.0,25.69,159.05,98566.51,159.09
1783576024,623,98569.0,25.69,158.87,98566.91,159.06
1783576024,624,98568.0,25.69,158.96,98567.08,159.04
1783576025,625,98566.0,25.69,159.14,98566.91,159.06
1783576025,626,98568.0,25.7,158.96,98567.08,159.04
1783576025,627,98568.0,25.7,158.96,98567.23,159.03
1783576025,628,98569.0,25.7,158.87,98567.23,159.03
1783576025,629,98567.0,25.7,159.05,98567.19,159.03
1783576025,630,98565.0,25.7,159.23,98566.84,159.07
1783576025,631,98567.0,25.7,159.05,98566.86,159.06
1783576026,632,98567.0,25.7,159.05,98566.88,159.06
1783576026,633,98567.0,25.7,159.05,98566.9,159.06
1783576026,634,98567.0,25.7,159.05,98566.91,159.06
1783576026,635,98569.0,25.71,158.87,98567.25,159.03
1783576026,636,98568.0,25.71,158.96,98567.24,159.03
1783576026,637,98567.0,25.71,159.06,98567.2,159.04
1783576026,638,98567.0,25.71,159.06,98567.17,159.04
1783576026,639,98569.0,25.71,158.88,98567.47,159.02
1783576027,640,98568.0,25.71,158.97,98567.55,159.01
1783576027,641,98569.0,25.72,158.88,98567.79,158.99
1783576027,642,98568.0,25.72,158.97,98567.82,158.98
1783576027,643,98569.0,25.72,158.88,98568.01,158.97
1783576027,644,98570.0,25.72,158.79,98567.94,158.97
1783576027,645,98566.0,25.72,159.14,98567.63,159.0
1783576027,646,98567.0,25.72,159.06,98567.52,159.01
1783576028,647,98567.0,25.73,159.06,98567.44,159.02
1783576028,648,98567.0,25.73,159.06,98567.37,159.02
1783576028,649,98567.0,25.73,159.06,98567.3,159.03
1783576028,650,98568.0,25.73,158.97,98567.41,159.03
1783576028,651,98568.0,25.73,158.97,98567.51,159.02
1783576028,652,98568.0,25.74,158.97,98567.32,159.03
1783576028,653,98569.0,25.74,158.89,98567.59,159.02
1783576029,654,98569.0,25.74,158.89,98567.81,159.0
1783576029,655,98571.0,25.74,158.71,98568.32,158.95
1783576029,656,98572.0,25.74,158.63,98568.91,158.9
1783576029,657,98572.0,25.73,158.63,98569.41,158.85
1783576029,658,98574.0,25.73,158.45,98570.14,158.79
1783576029,659,98573.0,25.73,158.54,98570.6,158.75
1783576029,660,98575.0,25.7,158.37,98573.41,158.51
1783576029,661,98581.0,25.7,157.84,98574.63,158.4
1783576030,662,98580.0,25.69,157.92,98575.48,158.32
1783576030,663,98581.0,25.69,157.83,98576.37,158.24
1783576030,664,98579.0,25.68,158.01,98576.79,158.2
1783576030,665,98582.0,25.67,157.74,98577.63,158.13
1783576030,666,98580.0,25.67,157.92,98578.01,158.1
1783576030,667,98579.0,25.67,158.01,98578.16,158.08
1783576030,668,98582.0,25.67,157.74,98579.62,157.95
1783576031,669,98577.0,25.67,158.19,98579.2,157.99
1783576031,670,98580.0,25.67,157.92,98579.33,157.98
1783576031,671,98581.0,25.67,157.83,98579.59,157.95
1783576031,672,98582.0,25.68,157.74,98579.98,157.92
1783576031,673,98580.0,25.68,157.91,98579.98,157.92
1783576031,674,98580.0,25.68,157.91,98579.98,157.92
1783576031,675,98580.0,25.67,157.91,98579.98,157.92
1783576031,676,98582.0,25.68,157.74,98580.94,157.83
1783576032,677,98580.0,25.68,157.91,98580.79,157.84
1783576032,678,98581.0,25.68,157.82,98580.82,157.84
1783576032,679,98580.0,25.67,157.91,98580.69,157.85
1783576032,680,98580.0,25.67,157.91,98580.58,157.86
1783576032,681,98582.0,25.67,157.73,98580.8,157.84
1783576032,682,98580.0,25.68,157.91,98580.67,157.85
1783576032,683,98582.0,25.67,157.73,98580.88,157.83
1783576033,684,98580.0,25.67,157.9,98580.12,157.89
1783576033,685,98579.0,25.67,157.99,98579.94,157.91
1783576033,686,98581.0,25.67,157.82,98580.11,157.89
1783576033,687,98582.0,25.67,157.73,98580.41,157.87
1783576033,688,98578.0,25.67,158.08,98580.02,157.9
1783576033,689,98581.0,25.67,157.81,98580.18,157.88
1783576033,690,98580.0,25.67,157.9,98580.15,157.89
1783576033,691,98581.0,25.67,157.81,98580.28,157.87
1783576034,692,98581.0,25.67,157.81,98580.77,157.83
1783576034,693,98583.0,25.67,157.63,98581.13,157.79
1783576034,694,98581.0,25.67,157.81,98581.11,157.8
1783576034,695,98581.0,25.66,157.81,98581.09,157.8
1783576034,696,98578.0,25.66,158.07,98580.59,157.84
1783576034,697,98582.0,25.66,157.72,98580.82,157.82
1783576034,698,98582.0,25.66,157.72,98581.01,157.8
1783576034,699,98582.0,25.66,157.71,98581.16,157.79
1783576035,700,98581.0,25.66,157.8,98581.29,157.77
1783576035,701,98581.0,25.66,157.8,98581.24,157.78
1783576035,702,98581.0,25.66,157.79,98581.2,157.78
1783576035,703,98580.0,25.66,157.88,98581.01,157.79
1783576035,704,98580.0,25.66,157.88,98580.84,157.81
1783576035,705,98580.0,25.66,157.88,98580.71,157.82
1783576035,706,98581.0,25.66,157.79,98580.76,157.82
1783576035,707,98577.0,25.65,158.15,98580.16,157.87
1783576036,708,98580.0,25.66,157.88,98580.5,157.83
1783576036,709,98582.0,25.66,157.7,98580.74,157.81
1783576036,710,98583.0,25.65,157.61,98581.1,157.78
1783576036,711,98582.0,25.66,157.7,98581.24,157.76
1783576036,712,98580.0,25.65,157.87,98581.05,157.78
1783576036,713,98580.0,25.66,157.87,98580.88,157.79
1783576036,714,98580.0,25.65,157.87,98580.74,157.81
1783576037,715,98580.0,25.65,157.87,98580.63,157.81
1783576037,716,98581.0,25.65,157.78,98580.53,157.82
1783576037,717,98581.0,25.65,157.78,98580.61,157.81
1783576037,718,98581.0,25.65,157.77,98580.67,157.8
1783576037,719,98581.0,25.65,157.77,98580.73,157.8
1783576037,720,98581.0,25.65,157.77,98580.77,157.79
1783576037,721,98580.0,25.65,157.86,98580.65,157.8
1783576037,722,98581.0,25.65,157.77,98580.7,157.8
1783576038,723,98582.0,25.65,157.69,98580.91,157.78
1783576038,724,98579.0,25.65,157.94,98580.84,157.78
1783576038,725,98580.0,25.65,157.86,98580.71,157.79
1783576038,726,98578.0,25.64,158.03,98580.27,157.83
1783576038,727,98576.0,25.64,158.2,98579.59,157.89
1783576038,728,98579.0,25.65,157.94,98579.49,157.9
1783576038,729,98578.0,25.65,158.03,98579.25,157.92
1783576039,730,98578.0,25.65,158.03,98579.05,157.94
1783576039,731,98576.0,25.65,158.2,98578.55,157.98
1783576039,732,98574.0,25.64,158.37,98576.68,158.14
1783576039,733,98577.0,25.64,158.11,98576.73,158.13
1783576039,734,98576.0,25.64,158.2,98576.62,158.14
1783576039,735,98576.0,25.64,158.2,98576.52,158.15
1783576039,736,98572.0,25.64,158.55,98575.79,158.22
1783576039,737,98573.0,25.63,158.46,98575.34,158.26
1783576040,738,98574.0,25.63,158.37,98575.13,158.28
1783576040,739,98573.0,25.63,158.46,98574.78,158.31
1783576040,740,98575.0,25.62,158.29,98574.43,158.34
1783576040,741,98574.0,25.62,158.37,98574.36,158.34
1783576040,742,98572.0,25.62,158.55,98573.98,158.38
1783576040,743,98574.0,25.62,158.37,98573.98,158.38
1783576040,744,98574.0,25.62,158.38,98573.98,158.38
1783576041,745,98572.0,25.62,158.56,98573.66,158.41
1783576041,746,98572.0,25.62,158.56,98573.4,158.43
1783576041,747,98572.0,25.62,158.56,98573.17,158.45
1783576041,748,98575.0,25.62,158.29,98573.51,158.42
1783576041,749,98573.0,25.62,158.47,98573.43,158.43
1783576041,750,98574.0,25.63,158.38,98573.52,158.42
1783576041,751,98573.0,25.63,158.47,98573.44,158.43
1783576042,752,98574.0,25.62,158.38,98573.53,158.42
1783576042,753,98574.0,25.62,158.39,98573.61,158.42
1783576042,754,98576.0,25.62,158.21,98573.99,158.39
1783576042,755,98573.0,25.62,158.47,98573.84,158.4
1783576042,756,98576.0,25.62,158.21,98573.98,158.39
1783576042,757,98574.0,25.62,158.39,98573.98,158.39
1783576042,758,98573.0,25.62,158.47,98573.83,158.4
1783576042,759,98574.0,25.62,158.39,98573.86,158.4
1783576043,760,98573.0,25.62,158.48,98573.72,158.42
1783576043,761,98576.0,25.63,158.21,98574.09,158.38
1783576043,762,98571.0,25.62,158.66,98573.59,158.43
1783576043,763,98570.0,25.62,158.74,98573.02,158.48
1783576043,764,98574.0,25.63,158.39,98573.6,158.43
1783576043,765,98574.0,25.63,158.39,98573.66,158.42
1783576043,766,98574.0,25.63,158.4,98573.72,158.42
1783576044,767,98576.0,25.64,158.22,98574.09,158.39
1783576044,768,98574.0,25.63,158.4,98574.07,158.39
1783576044,769,98573.0,25.63,158.48,98573.9,158.41
1783576044,770,98575.0,25.64,158.31,98574.08,158.39
1783576044,771,98573.0,25.63,158.48,98573.91,158.4
1783576044,772,98571.0,25.64,158.67,98572.25,158.56
1783576044,773,98570.0,25.64,158.75,98571.89,158.59
1783576045,774,98568.0,25.64,158.93,98571.27,158.64
1783576045,775,98567.0,25.63,159.02,98570.58,158.7
1783576045,776,98564.0,25.63,159.28,98569.52,158.8
1783576045,777,98566.0,25.64,159.11,98568.96,158.85
1783576045,778,98565.0,25.63,159.2,98568.33,158.9
1783576045,779,98567.0,25.64,159.02,98568.12,158.92
1783576045,780,98566.0,25.63,159.11,98567.11,159.01
1783576045,781,98566.0,25.64,159.11,98566.93,159.03
1783576046,782,98567.0,25.64,159.02,98566.94,159.03
1783576046,783,98566.0,25.64,159.11,98566.79,159.04
1783576046,784,98564.0,25.64,159.29,98566.34,159.08
1783576046,785,98565.0,25.64,159.2,98566.13,159.1
1783576046,786,98565.0,25.64,159.2,98565.95,159.12
1783576046,787,98565.0,25.64,159.21,98565.8,159.14
1783576046,788,98566.0,25.64,159.12,98565.63,159.15
1783576047,789,98566.0,25.64,159.12,98565.7,159.14
1783576047,790,98565.0,25.64,159.21,98565.59,159.15
1783576047,791,98564.0,25.64,159.29,98565.33,159.18
1783576047,792,98564.0,25.64,159.29,98565.12,159.2
1783576047,793,98566.0,25.64,159.12,98565.26,159.18
1783576047,794,98567.0,25.64,159.03,98565.54,159.16
1783576047,795,98566.0,25.64,159.12,98565.61,159.15
1783576048,796,98566.0,25.64,159.12,98565.66,159.15
1783576048,797,98566.0,25.64,159.12,98565.71,159.14
1783576048,798,98563.0,25.64,159.38,98565.27,159.18
1783576048,799,98565.0,25.65,159.21,98565.23,159.19
1783576048,800,98566.0,25.65,159.12,98565.35,159.18
1783576048,801,98566.0,25.65,159.12,98565.45,159.17
1783576048,802,98568.0,25.65,158.95,98565.86,159.14
1783576048,803,98566.0,25.65,159.12,98565.88,159.13
1783576049,804,98567.0,25.65,159.03,98566.14,159.11
1783576049,805,98566.0,25.65,159.12,98566.12,159.11
1783576049,806,98566.0,25.65,159.12,98566.1,159.11
1783576049,807,98567.0,25.65,159.03,98566.24,159.1
1783576049,808,98569.0,25.65,158.86,98566.69,159.06
1783576049,809,98572.0,25.65,158.59,98567.54,158.99
1783576049,810,98575.0,25.64,158.33,98568.73,158.88
1783576049,811,98578.0,25.64,158.06,98570.22,158.75
1783576050,812,98578.0,25.61,158.06,98574.84,158.34
1783576050,813,98580.0,25.61,157.89,98575.66,158.27
1783576050,814,98580.0,25.6,157.89,98576.36,158.21
1783576050,815,98582.0,25.6,157.71,98577.27,158.13
1783576050,816,98581.0,25.6,157.79,98577.87,158.07
1783576050,817,98578.0,25.59,158.06,98577.89,158.07
1783576050,818,98579.0,25.59,157.97,98578.07,158.05
1783576050,819,98580.0,25.59,157.88,98578.38,158.03
1783576051,820,98583.0,25.59,157.62,98579.92,157.89
1783576051,821,98578.0,25.59,158.05,98579.62,157.91
1783576051,822,98580.0,25.6,157.88,98579.68,157.91
1783576051,823,98581.0,25.6,157.79,98579.89,157.89
1783576051,824,98582.0,25.6,157.7,98580.23,157.86
1783576051,825,98582.0,25.6,157.7,98580.51,157.83
1783576051,826,98580.0,25.6,157.88,98580.43,157.84
1783576051,827,98582.0,25.6,157.7,98580.68,157.81
1783576052,828,98581.0,25.6,157.78,98580.8,157.8
1783576052,829,98581.0,25.6,157.78,98580.83,157.79
1783576052,830,98580.0,25.59,157.87,98580.7,157.81
1783576052,831,98578.0,25.59,158.04,98580.27,157.84
1783576052,832,98577.0,25.59,158.13,98579.74,157.89
1783576052,833,98580.0,25.59,157.87,98579.78,157.89
1783576052,834,98581.0,25.59,157.78,98579.98,157.87
1783576053,835,98581.0,25.59,157.77,98580.14,157.85
1783576053,836,98580.0,25.59,157.86,98580.3,157.84
1783576053,837,98583.0,25.59,157.6,98580.73,157.8
1783576053,838,98581.0,25.59,157.77,98580.77,157.79
1783576053,839,98582.0,25.59,157.68,98580.97,157.77
1783576053,840,98580.0,25.59,157.86,98580.81,157.78
1783576053,841,98580.0,25.59,157.86,98580.68,157.8
1783576053,842,98580.0,25.59,157.86,98580.57,157.81
1783576054,843,98582.0,25.59,157.68,98580.8,157.79
1783576054,844,98581.0,25.59,157.76,98580.99,157.76
1783576054,845,98581.0,25.59,157.76,98580.99,157.76
1783576054,846,98581.0,25.58,157.76,98580.99,157.76
1783576054,847,98581.0,25.59,157.76,98580.99,157.76
1783576054,848,98582.0,25.59,157.67,98581.16,157.74
1783576054,849,98580.0,25.59,157.85,98580.97,157.76
1783576055,850,98580.0,25.59,157.85,98580.81,157.77
1783576055,851,98580.0,25.58,157.85,98580.68,157.79
1783576055,852,98579.0,25.58,157.93,98580.38,157.81
1783576055,853,98581.0,25.59,157.75,98580.48,157.79
1783576055,854,98582.0,25.59,157.66,98580.73,157.77
1783576055,855,98582.0,25.58,157.66,98580.93,157.75
1783576055,856,98579.0,25.58,157.92,98580.62,157.78
1783576056,857,98583.0,25.58,157.57,98581.0,157.75
1783576056,858,98580.0,25.58,157.83,98580.84,157.76
1783576056,859,98576.0,25.58,158.18,98580.06,157.82
1783576056,860,98580.0,25.59,157.82,98580.24,157.8
1783576056,861,98581.0,25.59,157.74,98580.37,157.79
1783576056,862,98583.0,25.59,157.56,98580.79,157.75
1783576056,863,98579.0,25.58,157.91,98580.5,157.78
1783576056,864,98580.0,25.59,157.82,98580.42,157.79
1783576057,865,98582.0,25.59,157.65,98580.67,157.77
1783576057,866,98579.0,25.59,157.91,98580.41,157.78
1783576057,867,98580.0,25.59,157.82,98580.34,157.79
1783576057,868,98579.0,25.58,157.91,98580.33,157.79
1783576057,869,98581.0,25.58,157.73,98580.44,157.78
1783576057,870,98581.0,25.58,157.73,98580.53,157.77
1783576057,871,98581.0,25.58,157.73,98580.61,157.77
1783576058,872,98578.0,25.58,157.99,98580.19,157.8
1783576058,873,98581.0,25.58,157.73,98580.32,157.79
1783576058,874,98580.0,25.58,157.81,98580.27,157.79
1783576058,875,98579.0,25.58,157.9,98580.06,157.81
1783576058,876,98580.0,25.57,157.81,98579.74,157.84
1783576058,877,98580.0,25.58,157.81,98579.78,157.83
1783576058,878,98580.0,25.58,157.81,98579.81,157.83
1783576059,879,98580.0,25.58,157.81,98579.84,157.82
1783576059,880,98583.0,25.58,157.54,98580.35,157.78
1783576059,881,98579.0,25.57,157.9,98580.13,157.8
1783576059,882,98579.0,25.58,157.9,98579.95,157.81
1783576059,883,98580.0,25.58,157.81,98579.96,157.81
1783576059,884,98578.0,25.58,157.98,98579.66,157.83
1783576059,885,98579.0,25.58,157.89,98579.55,157.84
1783576059,886,98581.0,25.58,157.71,98579.79,157.82
1783576060,887,98581.0,25.58,157.71,98579.98,157.8
1783576060,888,98580.0,25.58,157.8,98579.98,157.8
1783576060,889,98580.0,25.58,157.8,98579.98,157.8
1783576060,890,98579.0,25.58,157.89,98579.83,157.82
1783576060,891,98582.0,25.58,157.63,98580.18,157.79
1783576060,892,98578.0,25.57,157.97,98578.63,157.92
1783576060,893,98580.0,25.57,157.8,98578.85,157.9
1783576061,894,98579.0,25.57,157.89,98578.88,157.9
1783576061,895,98582.0,25.57,157.62,98579.38,157.85
1783576061,896,98580.0,25.57,157.8,98579.48,157.84
1783576061,897,98578.0,25.57,157.97,98579.24,157.86
1783576061,898,98579.0,25.58,157.88,98579.2,157.86
1783576061,899,98580.0,25.58,157.79,98579.33,157.85
1783576061,900,98581.0,25.57,157.7,98579.08,157.87
1783576061,901,98579.0,25.57,157.88,98579.06,157.88
1783576062,902,98578.0,25.57,157.97,98578.89,157.89
1783576062,903,98578.0,25.57,157.97,98578.75,157.9
1783576062,904,98575.0,25.57,158.23,98578.15,157.95
1783576062,905,98574.0,25.57,158.32,98577.48,158.01
1783576062,906,98573.0,25.57,158.4,98576.77,158.07
1783576062,907,98573.0,25.57,158.4,98576.16,158.13
1783576062,908,98574.0,25.56,158.32,98574.14,158.3
1783576063,909,98573.0,25.56,158.4,98573.96,158.32
1783576063,910,98573.0,25.56,158.4,98573.8,158.33
1783576063,911,98573.0,25.55,158.4,98573.67,158.35
1783576063,912,98573.0,25.55,158.4,98573.56,158.35
1783576063,913,98573.0,25.55,158.4,98573.47,158.36
1783576063,914,98573.0,25.55,158.4,98573.39,158.37
1783576063,915,98572.0,25.54,158.49,98573.16,158.39
1783576064,916,98571.0,25.54,158.58,98572.3,158.47
1783576064,917,98571.0,25.54,158.58,98572.09,158.48
1783576064,918,98571.0,25.54,158.58,98571.92,158.5
1783576064,919,98570.0,25.54,158.67,98571.62,158.53
1783576064,920,98571.0,25.54,158.58,98571.52,158.54
1783576064,921,98571.0,25.54,158.58,98571.43,158.54
1783576064,922,98571.0,25.54,158.58,98571.36,158.55
1783576064,923,98572.0,25.55,158.5,98571.46,158.55
1783576065,924,98572.0,25.55,158.5,98571.28,158.56
1783576065,925,98572.0,25.55,158.5,98571.4,158.55
1783576065,926,98575.0,25.55,158.23,98571.98,158.5
1783576065,927,98574.0,25.55,158.32,98572.3,158.47
1783576065,928,98570.0,25.54,158.67,98571.94,158.5
1783576065,929,98573.0,25.55,158.41,98572.11,158.49
1783576065,930,98572.0,25.55,158.5,98572.09,158.5
1783576065,931,98574.0,25.55,158.33,98572.4,158.47
1783576066,932,98572.0,25.56,158.5,98572.09,158.5
1783576066,933,98573.0,25.56,158.41,98572.23,158.48
1783576066,934,98573.0,25.56,158.41,98572.36,158.47
1783576066,935,98572.0,25.55,158.5,98572.3,158.48
1783576066,936,98570.0,25.56,158.68,98571.94,158.51
1783576066,937,98574.0,25.56,158.33,98572.27,158.48
1783576066,938,98572.0,25.55,158.51,98572.23,158.49
1783576066,939,98568.0,25.55,158.86,98571.55,158.55
1783576067,940,98568.0,25.56,158.86,98570.04,158.68
1783576067,941,98567.0,25.56,158.95,98569.55,158.72
1783576067,942,98566.0,25.56,159.04,98568.98,158.77
1783576067,943,98566.0,25.56,159.04,98568.51,158.82
1783576067,944,98563.0,25.56,159.31,98567.63,158.9
1783576067,945,98565.0,25.56,159.13,98567.2,158.94
1783576067,946,98564.0,25.56,159.22,98566.69,158.98
1783576067,947,98565.0,25.56,159.13,98566.41,159.01
1783576068,948,98564.0,25.56,159.22,98565.54,159.09
1783576068,949,98565.0,25.56,159.14,98565.45,159.1
1783576068,950,98567.0,25.56,158.96,98565.7,159.07
1783576068,951,98566.0,25.56,159.05,98565.75,159.07
1783576068,952,98567.0,25.56,158.97,98565.95,159.06
1783576068,953,98565.0,25.56,159.14,98565.8,159.07
1783576068,954,98566.0,25.56,159.05,98565.83,159.07
1783576069,955,98568.0,25.56,158.88,98566.18,159.04
1783576069,956,98564.0,25.56,159.24,98565.21,159.13
1783576069,957,98565.0,25.56,159.15,98565.18,159.13
1783576069,958,98566.0,25.56,159.06,98565.31,159.12
1783576069,959,98565.0,25.56,159.15,98565.27,159.12
1783576069,960,98565.0,25.56,159.15,98565.23,159.13
1783576069,961,98564.0,25.56,159.24,98565.03,159.14
1783576070,962,98566.0,25.56,159.06,98565.19,159.13
1783576070,963,98565.0,25.56,159.15,98565.16,159.13
1783576070,964,98565.0,25.56,159.15,98565.08,159.15
1783576070,965,98567.0,25.56,158.98,98565.38,159.12
1783576070,966,98567.0,25.56,158.98,98565.64,159.1
1783576070,967,98565.0,25.56,159.15,98565.54,159.1
1783576070,968,98565.0,25.56,159.15,98565.45,159.11
1783576070,969,98564.0,25.56,159.24,98565.22,159.13
1783576071,970,98564.0,25.56,159.24,98565.02,159.15
1783576071,971,98565.0,25.56,159.15,98565.02,159.15
1783576071,972,98565.0,25.57,159.16,98565.16,159.14
1783576071,973,98565.0,25.57,159.16,98565.14,159.15
1783576071,974,98566.0,25.57,159.07,98565.28,159.13
1783576071,975,98565.0,25.57,159.16,98565.23,159.14
1783576071,976,98565.0,25.57,159.16,98565.2,159.14
1783576072,977,98568.0,25.57,158.89,98565.65,159.1
1783576072,978,98566.0,25.57,159.07,98565.7,159.1
1783576072,979,98566.0,25.57,159.07,98565.75,159.09
1783576072,980,98569.0,25.57,158.81,98566.52,159.02
1783576072,981,98571.0,25.57,158.63,98567.23,158.96
1783576072,982,98569.0,25.56,158.81,98567.52,158.94
1783576072,983,98570.0,25.56,158.72,98567.91,158.9
1783576072,984,98571.0,25.56,158.63,98568.41,158.86
1783576073,985,98572.0,25.56,158.54,98568.98,158.81
1783576073,986,98573.0,25.56,158.45,98569.63,158.75
1783576073,987,98573.0,25.56,158.45,98570.16,158.7
1783576073,988,98571.0,25.55,158.63,98570.93,158.63
1783576073,989,98572.0,25.55,158.54,98571.1,158.62
1783576073,990,98572.0,25.56,158.54,98571.24,158.61
1783576073,991,98573.0,25.56,158.45,98571.52,158.58
1783576074,992,98572.0,25.56,158.54,98571.6,158.58
1783576074,993,98571.0,25.55,158.63,98571.51,158.59
1783576074,994,98573.0,25.56,158.46,98571.75,158.57
1783576074,995,98570.0,25.56,158.72,98571.47,158.59
1783576074,996,98572.0,25.56,158.55,98571.64,158.58
1783576074,997,98573.0,25.56,158.46,98571.86,158.56
1783576074,998,98572.0,25.56,158.55,98571.88,158.56
1783576075,999,98572.0,25.57,158.55,98571.9,158.55
1783576075,1000,98572.0,25.57,158.55,98571.91,158.55
1783576075,1002,98568.0,25.57,158.9,98571.3,158.61
1783576075,1003,98571.0,25.57,158.63,98571.25,158.61
1783576075,1004,98571.0,25.57,158.63,98571.59,158.58
1783576075,1005,98571.0,25.58,158.64,98571.5,158.6
1783576075,1006,98572.0,25.58,158.55,98571.58,158.59
1783576076,1007,98571.0,25.58,158.64,98571.48,158.6
1783576076,1008,98574.0,25.58,158.37,98571.89,158.56
1783576076,1009,98571.0,25.58,158.64,98571.75,158.57
1783576076,1010,98572.0,25.58,158.55,98571.79,158.57
1783576076,1011,98573.0,25.58,158.46,98571.98,158.55
1783576076,1012,98573.0,25.58,158.46,98572.34,158.52
1783576076,1013,98572.0,25.57,158.56,98572.29,158.53
1783576077,1014,98571.0,25.57,158.64,98572.09,158.55
1783576077,1015,98574.0,25.57,158.38,98572.39,158.52
1783576077,1016,98574.0,25.57,158.38,98572.65,158.5
1783576077,1017,98574.0,25.57,158.38,98572.87,158.48
1783576077,1018,98572.0,25.57,158.56,98572.73,158.49
1783576077,1019,98572.0,25.57,158.56,98572.61,158.5
1783576077,1020,98574.0,25.57,158.38,98572.66,158.5
1783576078,1021,98577.0,25.57,158.12,98573.36,158.44
1783576078,1022,98578.0,25.56,158.03,98574.1,158.37
1783576078,1023,98578.0,25.56,158.03,98574.73,158.32
1783576078,1024,98577.0,25.55,158.12,98575.09,158.28
1783576078,1025,98579.0,25.55,157.94,98575.72,158.23
1783576078,1026,98580.0,25.54,157.85,98576.41,158.17
1783576078,1027,98578.0,25.54,158.03,98576.66,158.15
1783576078,1028,98579.0,25.52,157.94,98577.82,158.04
1783576079,1029,98578.0,25.52,158.03,98577.85,158.04
1783576079,1030,98580.0,25.52,157.85,98578.2,158.01
1783576079,1031,98580.0,25.52,157.85,98578.48,157.98
1783576079,1032,98581.0,25.52,157.76,98578.89,157.94
1783576079,1033,98582.0,25.52,157.67,98579.39,157.9
1783576079,1034,98581.0,25.52,157.76,98579.65,157.88
1783576079,1035,98579.0,25.52,157.93,98579.55,157.89
1783576080,1036,98580.0,25.53,157.84,98579.81,157.86
1783576080,1037,98581.0,25.53,157.75,98580.0,157.84
1783576080,1038,98583.0,25.53,157.58,98580.48,157.8
1783576080,1039,98580.0,25.53,157.84,98580.41,157.8
1783576080,1040,98579.0,25.53,157.93,98580.18,157.82
1783576080,1041,98580.0,25.53,157.84,98580.15,157.83
1783576080,1042,98579.0,25.53,157.92,98579.96,157.84
1783576080,1043,98579.0,25.53,157.92,98579.8,157.85
1783576081,1044,98582.0,25.53,157.65,98579.68,157.86
1783576081,1045,98580.0,25.53,157.83,98579.73,157.85
1783576081,1046,98581.0,25.54,157.74,98579.94,157.84
1783576081,1047,98579.0,25.53,157.92,98579.79,157.85
1783576081,1048,98582.0,25.54,157.65,98580.14,157.82
1783576081,1049,98580.0,25.54,157.82,98580.12,157.81
1783576081,1050,98580.0,25.54,157.82,98580.1,157.82
1783576081,1051,98581.0,25.54,157.74,98580.24,157.8
1783576082,1052,98582.0,25.53,157.64,98580.65,157.76
1783576082,1053,98582.0,25.53,157.64,98580.87,157.74
1783576082,1054,98580.0,25.53,157.82,98580.73,157.76
1783576082,1055,98580.0,25.53,157.82,98580.61,157.77
1783576082,1056,98578.0,25.53,158.0,98580.19,157.8
1783576082,1057,98579.0,25.53,157.91,98580.0,157.82
1783576082,1058,98581.0,25.53,157.73,98580.16,157.8
1783576082,1059,98580.0,25.53,157.81,98580.14,157.8
1783576083,1060,98579.0,25.53,157.9,98579.77,157.83
1783576083,1061,98579.0,25.53,157.9,98579.65,157.84
1783576083,1062,98577.0,25.53,158.07,98579.23,157.88
1783576083,1063,98577.0,25.53,158.07,98578.87,157.91
1783576083,1064,98577.0,25.53,158.07,98578.57,157.93
1783576083,1065,98572.0,25.52,158.51,98577.52,158.03
1783576083,1066,98573.0,25.52,158.43,98576.79,158.09
1783576084,1067,98571.0,25.52,158.6,98575.86,158.17
1783576084,1068,98567.0,25.51,158.95,98571.86,158.53
1783576084,1069,98563.0,25.5,159.31,98570.44,158.65
1783576084,1070,98566.0,25.51,159.04,98569.73,158.71
1783576084,1071,98565.0,25.51,159.13,98568.97,158.78
1783576084,1072,98564.0,25.5,159.22,98568.17,158.85
1783576084,1073,98562.0,25.5,159.4,98567.18,158.94
1783576084,1074,98565.0,25.5,159.13,98566.83,158.97
1783576085,1075,98565.0,25.5,159.13,98566.53,159.0
1783576085,1076,98566.0,25.5,159.04,98565.9,159.05
1783576085,1077,98565.0,25.5,159.13,98565.76,159.06
1783576085,1078,98565.0,25.5,159.13,98565.63,159.07
1783576085,1079,98567.0,25.5,158.95,98565.85,159.06
1783576085,1080,98568.0,25.5,158.87,98566.2,159.03
1783576085,1081,98566.0,25.5,159.04,98566.16,159.03
1783576086,1082,98562.0,25.5,159.4,98565.5,159.09
1783576086,1083,98563.0,25.5,159.31,98565.1,159.12
1783576086,1084,98564.0,25.5,159.22,98565.14,159.12
1783576086,1085,98568.0,25.5,158.87,98565.6,159.08
1783576086,1086,98566.0,25.5,159.04,98565.66,159.07
1783576086,1087,98565.0,25.5,159.13,98565.55,159.08
1783576086,1088,98564.0,25.51,159.22,98565.3,159.1
1783576086,1089,98566.0,25.5,159.04,98565.41,159.09
1783576087,1090,98564.0,25.51,159.22,98565.19,159.11
1783576087,1091,98566.0,25.51,159.04,98565.32,159.1
1783576087,1092,98565.0,25.51,159.13,98565.12,159.12
1783576087,1093,98564.0,25.51,159.22,98564.94,159.14
1783576087,1094,98565.0,25.51,159.13,98564.95,159.14
1783576087,1095,98567.0,25.51,158.95,98565.27,159.11
1783576087,1096,98564.0,25.51,159.22,98565.07,159.13
1783576088,1097,98563.0,25.51,159.31,98564.74,159.16
1783576088,1098,98567.0,25.52,158.96,98565.1,159.13
1783576088,1099,98566.0,25.52,159.05,98565.24,159.12
1783576088,1100,98565.0,25.52,159.14,98565.14,159.12
1783576088,1101,98566.0,25.52,159.05,98565.28,159.11
1783576088,1102,98564.0,25.52,159.22,98565.08,159.13
1783576088,1103,98564.0,25.52,159.22,98564.91,159.14
1783576089,1104,98563.0,25.52,159.31,98564.6,159.17
1783576089,1105,98565.0,25.52,159.14,98564.66,159.17
1783576089,1106,98563.0,25.52,159.31,98564.4,159.19
1783576089,1107,98566.0,25.53,159.05,98564.66,159.17
1783576089,1108,98565.0,25.53,159.14,98564.68,159.17
1783576089,1109,98567.0,25.53,158.97,98565.05,159.14
1783576089,1110,98564.0,25.53,159.23,98564.88,159.15
1783576089,1111,98565.0,25.53,159.14,98564.9,159.15
1783576090,1112,98564.0,25.53,159.23,98564.76,159.16
1783576090,1113,98565.0,25.53,159.14,98564.8,159.16
1783576090,1114,98566.0,25.54,159.05,98564.99,159.14
1783576090,1115,98568.0,25.54,158.88,98565.48,159.1
1783576090,1116,98567.0,25.53,158.97,98566.28,159.03
1783576090,1117,98571.0,25.53,158.62,98567.04,158.97
1783576090,1118,98568.0,25.53,158.88,98567.2,158.95
1783576091,1119,98566.0,25.53,159.06,98567.0,158.97
1783576091,1120,98570.0,25.53,158.71,98567.48,158.93
1783576091,1121,98569.0,25.53,158.79,98567.73,158.91
1783576091,1122,98570.0,25.53,158.71,98568.09,158.87
1783576091,1123,98572.0,25.52,158.53,98568.72,158.82
1783576091,1124,98572.0,25.52,158.53,98570.66,158.65
1783576091,1125,98574.0,25.51,158.35,98571.2,158.6
1783576092,1126,98576.0,25.51,158.18,98571.97,158.53
1783576092,1127,98575.0,25.51,158.27,98572.45,158.49
1783576092,1128,98575.0,25.5,158.27,98572.86,158.45
1783576092,1129,98575.0,25.5,158.27,98573.2,158.42
1783576092,1130,98577.0,25.49,158.09,98573.81,158.37
1783576092,1131,98578.0,25.49,158.0,98574.48,158.31
1783576092,1132,98578.0,25.49,158.0,98575.84,158.19
1783576092,1133,98577.0,25.48,158.08,98576.02,158.17
1783576093,1134,98579.0,25.48,157.91,98576.5,158.13
1783576093,1135,98578.0,25.48,158.0,98576.74,158.11
1783576093,1136,98580.0,25.48,157.82,98577.27,158.06
1783576093,1137,98577.0,25.48,158.08,98577.23,158.06
1783576093,1138,98580.0,25.48,157.82,98577.67,158.02
1783576093,1139,98577.0,25.47,158.08,98577.56,158.03
1783576093,1140,98577.0,25.47,158.08,98577.41,158.04
1783576094,1141,98580.0,25.48,157.81,98577.83,158.01
1783576094,1142,98580.0,25.48,157.81,98578.18,157.97
1783576094,1143,98579.0,25.48,157.9,98578.31,157.96
1783576094,1144,98578.0,25.48,157.99,98578.27,157.97
1783576094,1145,98580.0,25.48,157.81,98578.55,157.94
1783576094,1146,98579.0,25.48,157.9,98578.62,157.93
1783576094,1147,98578.0,25.48,157.98,98578.52,157.94
1783576095,1148,98579.0,25.49,157.89,98578.66,157.92
1783576095,1149,98580.0,25.49,157.8,98578.88,157.9
1783576095,1150,98579.0,25.49,157.89,98578.9,157.9
1783576095,1151,98579.0,25.49,157.89,98578.91,157.9
1783576095,1152,98578.0,25.49,157.98,98578.77,157.91
1783576095,1153,98578.0,25.49,157.98,98578.64,157.92
1783576095,1154,98579.0,25.49,157.89,98578.7,157.91
1783576095,1155,98578.0,25.49,157.97,98578.59,157.92
1783576096,1156,98580.0,25.5,157.8,98579.18,157.87
1783576096,1157,98581.0,25.49,157.71,98579.47,157.84
1783576096,1158,98581.0,25.5,157.7,98579.71,157.82
1783576096,1159,98580.0,25.5,157.79,98579.76,157.81
1783576096,1160,98580.0,25.5,157.79,98579.8,157.81
1783576096,1161,98581.0,25.5,157.7,98579.99,157.79
1783576096,1162,98579.0,25.5,157.88,98579.84,157.81
1783576096,1163,98580.0,25.49,157.79,98579.86,157.81
1783576097,1164,98579.0,25.5,157.88,98579.7,157.81
1783576097,1165,98581.0,25.5,157.7,98579.91,157.8
1783576097,1166,98580.0,25.5,157.79,98579.92,157.79
1783576097,1167,98578.0,25.5,157.96,98579.62,157.82
1783576097,1168,98579.0,25.5,157.88,98579.52,157.83
1783576097,1169,98580.0,25.5,157.79,98579.59,157.82
1783576097,1170,98579.0,25.5,157.87,98579.5,157.83
1783576097,1171,98579.0,25.5,157.87,98579.42,157.83
1783576098,1172,98580.0,25.49,157.78,98579.73,157.81
1783576098,1173,98578.0,25.49,157.95,98579.45,157.83
1783576098,1174,98582.0,25.49,157.6,98579.86,157.79
1783576098,1175,98579.0,25.5,157.86,98579.72,157.8
1783576098,1176,98580.0,25.49,157.78,98579.77,157.8
1783576098,1177,98578.0,25.49,157.95,98579.48,157.82
1783576098,1178,98576.0,25.49,158.13,98578.92,157.87
1783576098,1179,98580.0,25.49,157.78,98579.09,157.86
1783576099,1180,98579.0,25.49,157.86,98579.26,157.84
1783576099,1181,98581.0,25.49,157.68,98579.54,157.81
1783576099,1182,98580.0,25.49,157.77,98579.61,157.81
1783576099,1183,98580.0,25.49,157.77,98579.67,157.8
1783576099,1184,98579.0,25.49,157.85,98579.56,157.8
1783576099,1185,98581.0,25.49,157.68,98579.8,157.78
1783576099,1186,98579.0,25.49,157.85,98579.67,157.79
1783576100,1187,98581.0,25.49,157.68,98579.88,157.78
1783576100,1188,98579.0,25.49,157.85,98579.6,157.8
1783576100,1189,98580.0,25.49,157.76,98579.66,157.79
1783576100,1190,98576.0,25.49,158.11,98579.08,157.84
1783576100,1191,98582.0,25.49,157.58,98579.55,157.8
1783576100,1192,98580.0,25.49,157.76,98579.62,157.79
1783576100,1193,98577.0,25.49,158.03,98579.2,157.83
1783576100,1194,98581.0,25.49,157.67,98579.48,157.81
1783576101,1195,98579.0,25.49,157.84,98579.41,157.81
1783576101,1196,98579.0,25.49,157.84,98579.55,157.8
1783576101,1197,98574.0,25.49,158.28,98578.66,157.87
1783576101,1198,98579.0,25.49,157.84,98578.71,157.86
1783576101,1199,98580.0,25.49,157.75,98578.91,157.85
1783576101,1200,98582.0,25.49,157.57,98579.41,157.8
1783576101,1201,98580.0,25.49,157.75,98579.5,157.79
1783576102,1202,98578.0,25.49,157.93,98579.26,157.82
1783576102,1203,98581.0,25.49,157.66,98579.54,157.79
1783576102,1204,98575.0,25.49,158.19,98577.92,157.93
1783576102,1205,98576.0,25.49,158.1,98577.62,157.95
1783576102,1206,98575.0,25.49,158.19,98577.2,157.99
1783576102,1207,98575.0,25.49,158.19,98576.84,158.02
1783576102,1208,98576.0,25.49,158.1,98576.71,158.03
1783576103,1209,98572.0,25.48,158.45,98575.95,158.1
1783576103,1210,98572.0,25.48,158.45,98575.32,158.16
1783576103,1211,98571.0,25.48,158.54,98574.63,158.22
1783576103,1212,98569.0,25.48,158.71,98572.52,158.4
1783576103,1213,98571.0,25.48,158.54,98572.27,158.43
1783576103,1214,98572.0,25.48,158.45,98572.23,158.43
1783576103,1215,98567.0,25.48,158.89,98571.39,158.5
1783576103,1216,98568.0,25.48,158.8,98570.84,158.55
1783576104,1217,98569.0,25.49,158.72,98570.55,158.58
1783576104,1218,98568.0,25.48,158.81,98570.14,158.62
1783576104,1219,98566.0,25.48,158.98,98569.48,158.68
1783576104,1220,98566.0,25.49,158.98,98567.49,158.85
1783576104,1221,98566.0,25.48,158.99,98567.25,158.88
1783576104,1222,98565.0,25.48,159.08,98566.89,158.91
1783576104,1223,98564.0,25.48,159.17,98566.43,158.95
1783576105,1224,98562.0,25.48,159.34,98565.72,159.01
1783576105,1225,98566.0,25.48,158.99,98565.77,159.01
1783576105,1226,98565.0,25.48,159.08,98565.64,159.02
1783576105,1227,98565.0,25.48,159.08,98565.54,159.03
1783576105,1228,98565.0,25.48,159.08,98565.49,159.04
1783576105,1229,98564.0,25.48,159.17,98565.25,159.06
1783576105,1230,98566.0,25.48,158.99,98565.37,159.05
1783576106,1231,98563.0,25.48,159.26,98564.98,159.08
1783576106,1232,98565.0,25.48,159.08,98564.98,159.08
1783576106,1233,98563.0,25.47,159.26,98564.66,159.12
1783576106,1234,98566.0,25.48,159.0,98564.88,159.1
1783576106,1235,98566.0,25.47,159.0,98565.05,159.08
1783576106,1236,98563.0,25.47,159.26,98564.74,159.11
1783576106,1237,98561.0,25.47,159.44,98564.14,159.16
1783576106,1238,98566.0,25.48,159.01,98564.44,159.14
1783576107,1239,98567.0,25.48,158.92,98564.85,159.11
1783576107,1240,98566.0,25.48,159.01,98565.04,159.09
1783576107,1241,98565.0,25.48,159.09,98565.03,159.09
1783576107,1242,98565.0,25.48,159.09,98565.02,159.09
1783576107,1243,98565.0,25.48,159.09,98565.02,159.09
1783576107,1244,98564.0,25.49,159.19,98564.55,159.14
1783576107,1245,98563.0,25.49,159.27,98564.3,159.16
1783576108,1246,98564.0,25.49,159.19,98564.25,159.16
1783576108,1247,98563.0,25.49,159.27,98564.05,159.18
1783576108,1248,98562.0,25.49,159.36,98563.72,159.21
1783576108,1249,98565.0,25.49,159.1,98563.92,159.19
1783576108,1250,98565.0,25.49,159.1,98564.09,159.18
1783576108,1251,98564.0,25.49,159.19,98564.08,159.18
1783576108,1252,98563.0,25.5,159.28,98564.05,159.19
1783576108,1253,98565.0,25.5,159.1,98564.2,159.17
1783576109,1254,98567.0,25.5,158.93,98564.65,159.14
1783576109,1255,98566.0,25.5,159.02,98564.87,159.12
1783576109,1256,98565.0,25.5,159.1,98564.89,159.11
1783576109,1257,98563.0,25.5,159.28,98564.59,159.14
1783576109,1258,98566.0,25.5,159.02,98564.81,159.12
1783576109,1259,98565.0,25.5,159.1,98564.84,159.12
1783576109,1260,98564.0,25.51,159.2,98564.51,159.15
1783576110,1261,98563.0,25.51,159.29,98564.27,159.17
1783576110,1262,98567.0,25.51,158.93,98564.7,159.14
1783576110,1263,98565.0,25.51,159.11,98564.75,159.13
1783576110,1264,98567.0,25.51,158.93,98565.11,159.1
1783576110,1265,98565.0,25.51,159.11,98565.09,159.1
1783576110,1266,98566.0,25.51,159.02,98565.24,159.09
1783576110,1267,98566.0,25.51,159.02,98565.37,159.08
1783576111,1268,98564.0,25.52,159.2,98565.25,159.09
1783576111,1269,98562.0,25.52,159.38,98564.73,159.14
1783576111,1270,98566.0,25.52,159.03,98564.93,159.12
1783576111,1271,98564.0,25.53,159.2,98564.78,159.13
1783576111,1272,98564.0,25.52,159.2,98564.66,159.15
1783576111,1273,98565.0,25.53,159.11,98564.71,159.14
1783576111,1274,98568.0,25.53,158.86,98565.24,159.1
1783576111,1275,98567.0,25.53,158.94,98565.52,159.07
1783576112,1276,98574.0,25.51,158.33,98569.03,158.76
1783576112,1277,98578.0,25.51,157.97,98570.47,158.64
1783576112,1278,98575.0,25.5,158.23,98571.2,158.57
1783576112,1279,98577.0,25.5,158.06,98572.13,158.49
1783576112,1280,98577.0,25.49,158.06,98572.91,158.42
1783576112,1281,98578.0,25.48,157.97,98573.73,158.35
1783576112,1282,98573.0,25.48,158.41,98573.61,158.36
1783576112,1283,98578.0,25.48,157.97,98574.31,158.29
1783576113,1284,98579.0,25.48,157.88,98576.17,158.13
1783576113,1285,98580.0,25.48,157.79,98576.79,158.08
1783576113,1286,98580.0,25.48,157.79,98577.3,158.03
1783576113,1287,98577.0,25.48,158.06,98577.26,158.03
1783576113,1288,98576.0,25.48,158.14,98577.05,158.05
1783576113,1289,98574.0,25.48,158.32,98576.56,158.09
1783576113,1290,98577.0,25.48,158.05,98576.63,158.08
1783576113,1291,98578.0,25.48,157.96,98576.85,158.06
1783576114,1292,98578.0,25.48,157.96,98577.62,158.0
1783576114,1293,98574.0,25.48,158.32,98577.04,158.05
1783576114,1294,98577.0,25.48,158.05,98577.03,158.05
1783576114,1295,98580.0,25.48,157.79,98577.51,158.01
1783576114,1296,98575.0,25.48,158.23,98577.11,158.04
1783576114,1297,98578.0,25.48,157.96,98577.25,158.02
1783576114,1298,98580.0,25.48,157.78,98577.69,157.99
1783576114,1299,98578.0,25.48,157.96,98577.73,157.98
1783576115,1300,98577.0,25.48,158.05,98577.94,157.96
1783576115,1301,98578.0,25.48,157.96,98577.95,157.96
1783576115,1302,98577.0,25.48,158.05,98577.8,157.98
1783576115,1303,98579.0,25.49,157.86,98577.99,157.95
1783576115,1304,98579.0,25.48,157.86,98578.16,157.94
1783576115,1305,98574.0,25.48,158.31,98577.49,158.0
1783576115,1306,98578.0,25.49,157.95,98577.57,157.99
1783576116,1307,98577.0,25.49,158.04,98577.48,158.0
1783576116,1308,98578.0,25.49,157.95,98578.1,157.94
1783576116,1309,98581.0,25.49,157.69,98578.56,157.9
1783576116,1310,98580.0,25.49,157.77,98578.8,157.88
1783576116,1311,98577.0,25.49,158.04,98578.51,157.9
1783576116,1312,98578.0,25.49,157.95,98578.43,157.91
1783576116,1313,98579.0,25.49,157.86,98578.52,157.9
1783576117,1314,98579.0,25.48,157.86,98578.6,157.89
1783576117,1315,98579.0,25.49,157.86,98578.66,157.89
1783576117,1316,98579.0,25.49,157.85,98578.95,157.86
1783576117,1317,98580.0,25.49,157.77,98579.12,157.84
1783576117,1318,98579.0,25.49,157.85,98579.1,157.84
1783576117,1319,98578.0,25.48,157.94,98578.92,157.86
1783576117,1320,98578.0,25.48,157.94,98578.77,157.87
1783576117,1321,98579.0,25.49,157.85,98578.81,157.87
1783576118,1322,98582.0,25.49,157.58,98579.32,157.82
1783576118,1323,98579.0,25.49,157.85,98579.27,157.83
1783576118,1324,98579.0,25.49,157.84,98579.0,157.84
1783576118,1325,98581.0,25.49,157.67,98579.32,157.82
1783576118,1326,98580.0,25.48,157.76,98579.43,157.81
1783576118,1327,98577.0,25.49,158.02,98579.04,157.84
1783576118,1328,98580.0,25.49,157.76,98579.2,157.83
1783576119,1329,98579.0,25.49,157.84,98579.16,157.83
1783576119,1330,98577.0,25.49,158.02,98578.82,157.86
1783576119,1331,98577.0,25.49,158.02,98578.53,157.88
1783576119,1332,98577.0,25.49,158.01,98577.41,157.98
1783576119,1333,98574.0,25.49,158.28,98576.87,158.03
1783576119,1334,98575.0,25.49,158.19,98576.57,158.05
1783576119,1335,98572.0,25.48,158.45,98575.84,158.12
1783576119,1336,98573.0,25.48,158.37,98575.38,158.16
1783576120,1337,98575.0,25.49,158.19,98575.32,158.16
1783576120,1338,98574.0,25.49,158.28,98575.11,158.18
1783576120,1339,98571.0,25.48,158.54,98574.45,158.24
1783576120,1340,98571.0,25.48,158.54,98572.6,158.4
1783576120,1341,98571.0,25.48,158.54,98572.34,158.42
1783576120,1342,98569.0,25.49,158.72,98571.8,158.47
1783576120,1343,98570.0,25.49,158.63,98571.52,158.5
1783576121,1344,98570.0,25.48,158.63,98571.27,158.52
1783576121,1345,98570.0,25.48,158.63,98571.07,158.54
1783576121,1346,98568.0,25.49,158.81,98570.58,158.58
1783576121,1347,98571.0,25.49,158.55,98570.65,158.58
1783576121,1348,98567.0,25.49,158.9,98569.27,158.7
1783576121,1349,98568.0,25.49,158.81,98569.07,158.72
1783576121,1350,98567.0,25.49,158.9,98568.74,158.75
1783576122,1351,98567.0,25.48,158.91,98568.46,158.78
1783576122,1352,98566.0,25.49,158.99,98568.06,158.81
1783576122,1353,98565.0,25.49,159.08,98567.57,158.86
1783576122,1354,98567.0,25.49,158.91,98567.48,158.86
1783576122,1355,98566.0,25.49,158.99,98567.24,158.88
1783576122,1356,98564.0,25.49,159.17,98565.98,159.0
1783576122,1357,98563.0,25.49,159.26,98565.5,159.04
1783576122,1358,98566.0,25.49,159.0,98565.58,159.04
1783576123,1359,98563.0,25.49,159.26,98565.16,159.07
1783576123,1360,98564.0,25.49,159.18,98564.98,159.09
1783576123,1361,98565.0,25.49,159.09,98564.98,159.09
1783576123,1362,98563.0,25.49,159.26,98564.66,159.12
1783576123,1363,98566.0,25.49,159.0,98564.88,159.1
1783576123,1364,98558.0,25.49,159.71,98563.54,159.22
1783576123,1365,98564.0,25.49,159.18,98563.61,159.22
1783576124,1366,98565.0,25.49,159.09,98563.84,159.2
1783576124,1367,98565.0,25.49,159.09,98564.02,159.18
1783576124,1368,98564.0,25.49,159.18,98564.02,159.18
1783576124,1369,98562.0,25.49,159.36,98563.7,159.21
1783576124,1370,98564.0,25.49,159.18,98563.74,159.2
1783576124,1371,98561.0,25.49,159.45,98563.3,159.24
1783576124,1372,98563.0,25.49,159.27,98563.27,159.25
1783576125,1373,98563.0,25.49,159.27,98563.23,159.25
1783576125,1374,98564.0,25.49,159.18,98563.35,159.24
1783576125,1375,98564.0,25.49,159.19,98563.45,159.24
1783576125,1376,98564.0,25.49,159.19,98563.54,159.23
1783576125,1377,98563.0,25.49,159.27,98563.45,159.24
1783576125,1378,98566.0,25.49,159.01,98563.86,159.2
1783576125,1379,98563.0,25.49,159.27,98563.72,159.21
1783576125,1380,98564.0,25.5,159.19,98563.74,159.21
1783576126,1381,98566.0,25.5,159.01,98564.1,159.18
1783576126,1382,98562.0,25.5,159.36,98563.77,159.21
1783576126,1383,98563.0,25.5,159.27,98563.64,159.22
1783576126,1384,98562.0,25.5,159.36,98563.38,159.24
1783576126,1385,98563.0,25.51,159.28,98563.31,159.25
1783576126,1386,98565.0,25.51,159.1,98563.59,159.23
1783576126,1387,98565.0,25.51,159.1,98563.81,159.21
1783576127,1388,98567.0,25.51,158.93,98564.34,159.16
1783576127,1389,98566.0,25.51,159.02,98564.61,159.14
1783576127,1390,98563.0,25.51,159.28,98564.35,159.16
1783576127,1391,98565.0,25.52,159.1,98564.45,159.15
1783576127,1392,98565.0,25.52,159.11,98564.54,159.15
1783576127,1393,98564.0,25.52,159.2,98564.45,159.16
1783576127,1394,98565.0,25.52,159.11,98564.54,159.15
1783576127,1395,98565.0,25.51,159.11,98564.61,159.14
1783576128,1396,98566.0,25.52,159.03,98564.59,159.15
1783576128,1397,98567.0,25.52,158.94,98564.98,159.12
1783576128,1398,98568.0,25.52,158.85,98565.46,159.07
1783576128,1399,98565.0,25.52,159.11,98565.39,159.08
1783576128,1400,98569.0,25.52,158.76,98565.97,159.03
1783576128,1401,98568.0,25.51,158.85,98566.3,159.0
1783576128,1402,98569.0,25.52,158.76,98566.73,158.96
1783576128,1403,98569.0,25.51,158.76,98567.09,158.93
1783576129,1404,98572.0,25.51,158.5,98569.03,158.76
1783576129,1405,98572.0,25.51,158.5,98569.51,158.72
1783576129,1406,98571.0,25.5,158.58,98569.75,158.69
1783576129,1407,98573.0,25.5,158.4,98570.27,158.64
1783576129,1408,98570.0,25.5,158.67,98570.23,158.65
1783576129,1409,98573.0,25.5,158.4,98570.67,158.61
1783576129,1410,98575.0,25.5,158.23,98571.37,158.55
1783576129,1411,98577.0,25.49,158.05,98572.27,158.47
1783576130,1412,98575.0,25.48,158.23,98573.72,158.34
1783576130,1413,98577.0,25.47,158.05,98574.24,158.3
1783576130,1414,98578.0,25.47,157.96,98574.84,158.24
1783576130,1415,98577.0,25.47,158.05,98575.19,158.21
1783576130,1416,98576.0,25.46,158.14,98575.32,158.2
1783576130,1417,98577.0,25.46,158.05,98575.59,158.18
1783576130,1418,98579.0,25.46,157.88,98576.13,158.13
1783576130,1419,98578.0,25.46,157.96,98576.43,158.1
1783576131,1420,98577.0,25.46,158.05,98577.09,158.04
1783576131,1421,98578.0,25.46,157.96,98577.23,158.03
1783576131,1422,98580.0,25.46,157.78,98577.68,157.99
1783576131,1423,98579.0,25.46,157.87,98577.89,157.97
1783576131,1424,98579.0,25.46,157.87,98578.07,157.95
1783576131,1425,98577.0,25.46,158.05,98577.9,157.97
1783576131,1426,98578.0,25.46,157.96,98577.91,157.97
1783576132,1427,98579.0,25.46,157.87,98578.09,157.95
1783576132,1428,98578.0,25.47,157.95,98577.47,158.0
1783576132,1429,98576.0,25.46,158.13,98577.23,158.02
1783576132,1430,98577.0,25.46,158.04,98577.2,158.02
1783576132,1431,98579.0,25.47,157.86,98577.48,158.0
1783576132,1432,98578.0,25.47,157.95,98577.57,157.99
1783576132,1433,98578.0,25.46,157.95,98577.64,157.98
1783576133,1434,98578.0,25.46,157.95,98577.7,157.98
1783576133,1435,98578.0,25.47,157.95,98577.74,157.97
1783576133,1436,98577.0,25.47,158.04,98577.67,157.98
1783576133,1437,98578.0,25.47,157.95,98577.73,157.97
1783576133,1438,98577.0,25.47,158.03,98577.61,157.98
1783576133,1439,98578.0,25.47,157.94,98577.67,157.97
1783576133,1440,98578.0,25.47,157.94,98577.73,157.97
1783576133,1441,98580.0,25.47,157.77,98578.09,157.93
1783576134,1442,98576.0,25.47,158.12,98577.76,157.96
1783576134,1443,98579.0,25.47,157.85,98577.95,157.95
1783576134,1444,98579.0,25.47,157.85,98577.88,157.95
1783576134,1445,98577.0,25.47,158.03,98577.74,157.96
1783576134,1446,98576.0,25.47,158.11,98577.46,157.98
1783576134,1447,98577.0,25.47,158.03,98577.39,157.99
1783576134,1448,98577.0,25.47,158.03,98577.33,158.0
1783576135,1449,98578.0,25.47,157.93,98577.44,157.98
1783576135,1450,98578.0,25.47,157.93,98577.53,157.97
1783576135,1451,98578.0,25.47,157.93,98577.61,157.97
1783576135,1452,98579.0,25.47,157.84,98577.84,157.95
1783576135,1453,98579.0,25.47,157.84,98578.02,157.92
1783576135,1454,98577.0,25.47,158.01,98577.86,157.94
1783576135,1455,98575.0,25.47,158.19,98577.4,157.98
1783576136,1456,98575.0,25.47,158.19,98577.02,158.01
1783576136,1457,98576.0,25.47,158.1,98576.85,158.03
1783576136,1458,98574.0,25.47,158.28,98576.39,158.07
1783576136,1459,98574.0,25.47,158.28,98576.01,158.1
1783576136,1460,98567.0,25.46,158.9,98572.05,158.45
1783576136,1461,98566.0,25.46,158.98,98571.09,158.54
1783576136,1462,98568.0,25.46,158.81,98570.59,158.58
1783576136,1463,98567.0,25.46,158.9,98570.02,158.63
1783576137,1464,98565.0,25.45,159.07,98569.21,158.7
1783576137,1465,98565.0,25.45,159.07,98568.54,158.76
1783576137,1466,98565.0,25.45,159.07,98567.97,158.81
1783576137,1467,98565.0,25.45,159.07,98567.49,158.85
1783576137,1468,98563.0,25.45,159.25,98565.33,159.04
1783576137,1469,98561.0,25.45,159.42,98564.63,159.1
1783576137,1470,98562.0,25.44,159.34,98564.21,159.14
1783576138,1471,98561.0,25.44,159.43,98563.7,159.19
1783576138,1472,98559.0,25.44,159.61,98562.95,159.26
1783576138,1473,98559.0,25.44,159.61,98562.31,159.31
1783576138,1474,98560.0,25.44,159.52,98561.95,159.35
1783576138,1475,98563.0,25.44,159.25,98562.12,159.33
1783576138,1476,98560.0,25.44,159.52,98561.51,159.39
1783576138,1477,98559.0,25.43,159.61,98561.11,159.42
1783576139,1478,98559.0,25.43,159.61,98560.77,159.45
1783576139,1479,98559.0,25.43,159.61,98560.49,159.47
1783576139,1480,98563.0,25.43,159.25,98560.89,159.44
1783576139,1481,98562.0,25.43,159.34,98561.07,159.42
1783576139,1482,98561.0,25.43,159.43,98561.06,159.42
1783576139,1483,98562.0,25.43,159.34,98561.21,159.41
1783576139,1484,98560.0,25.43,159.52,98561.16,159.42
1783576139,1485,98563.0,25.43,159.25,98561.45,159.39
1783576140,1486,98560.0,25.43,159.52,98561.22,159.42
1783576140,1487,98557.0,25.43,159.79,98560.54,159.48
1783576140,1488,98560.0,25.43,159.52,98560.45,159.48
1783576140,1489,98558.0,25.43,159.7,98560.06,159.52
1783576140,1490,98561.0,25.44,159.44,98560.21,159.51
1783576140,1491,98560.0,25.44,159.52,98560.18,159.51
1783576140,1492,98560.0,25.44,159.53,98560.32,159.5
1783576141,1493,98560.0,25.44,159.53,98560.27,159.51
1783576141,1494,98561.0,25.44,159.44,98560.38,159.5
1783576141,1495,98559.0,25.44,159.62,98560.16,159.51
1783576141,1496,98561.0,25.44,159.44,98560.3,159.5
1783576141,1497,98561.0,25.44,159.45,98560.41,159.5
1783576141,1498,98561.0,25.44,159.45,98560.5,159.49
1783576141,1499,98561.0,25.44,159.45,98560.58,159.48
1783576142,1500,98560.0,25.44,159.54,98560.15,159.53
1783576142,1501,98559.0,25.45,159.63,98559.96,159.54
1783576142,1502,98562.0,25.45,159.36,98560.29,159.51
1783576142,1503,98561.0,25.45,159.45,98560.41,159.5
1783576142,1504,98560.0,25.45,159.55,98560.34,159.51
1783576142,1505,98560.0,25.45,159.55,98560.29,159.52
1783576142,1506,98563.0,25.45,159.28,98560.73,159.48
1783576142,1507,98560.0,25.45,159.55,98560.61,159.49
1783576143,1508,98562.0,25.45,159.37,98560.66,159.49
1783576143,1509,98562.0,25.46,159.37,98560.88,159.47
1783576143,1510,98561.0,25.45,159.46,98560.9,159.47
1783576143,1511,98560.0,25.45,159.56,98560.76,159.49
1783576143,1512,98559.0,25.45,159.64,98560.48,159.51
1783576143,1513,98560.0,25.46,159.56,98560.4,159.52
1783576143,1514,98558.0,25.45,159.73,98560.02,159.55
1783576143,1515,98559.0,25.45,159.64,98559.85,159.57
1783576144,1516,98557.0,25.45,159.83,98558.41,159.7
1783576144,1517,98568.0,25.46,158.86,98559.95,159.57
1783576144,1518,98567.0,25.46,158.94,98561.09,159.47
1783576144,1519,98570.0,25.46,158.68,98562.52,159.34
1783576144,1520,98572.0,25.46,158.51,98564.04,159.21
1783576144,1521,98574.0,25.46,158.33,98565.63,159.07
1783576144,1522,98574.0,25.45,158.33,98566.98,158.95
1783576144,1523,98575.0,25.45,158.24,98568.27,158.84
1783576145,1524,98577.0,25.43,158.07,98572.23,158.49
1783576145,1525,98577.0,25.44,158.07,98573.0,158.42
1783576145,1526,98577.0,25.43,158.07,98573.64,158.36
1783576145,1527,98577.0,25.43,158.07,98574.18,158.32
1783576145,1528,98576.0,25.43,158.16,98574.47,158.29
1783576145,1529,98577.0,25.43,158.07,98574.88,158.26
1783576145,1530,98576.0,25.43,158.16,98575.05,158.24
1783576145,1531,98578.0,25.43,157.98,98575.52,158.2
1783576146,1532,98575.0,25.44,158.24,98576.02,158.15
1783576146,1533,98579.0,25.44,157.89,98576.5,158.11
1783576146,1534,98576.0,25.43,158.15,98576.42,158.11
1783576146,1535,98578.0,25.44,157.97,98576.67,158.09
1783576146,1536,98576.0,25.44,158.15,98576.56,158.1
1783576146,1537,98577.0,25.44,158.06,98576.63,158.09
1783576146,1538,98575.0,25.44,158.24,98576.37,158.12
1783576147,1539,98576.0,25.44,158.15,98576.3,158.12
1783576147,1540,98578.0,25.44,157.97,98576.72,158.09
1783576147,1541,98578.0,25.44,157.97,98576.92,158.07
1783576147,1542,98577.0,25.44,158.06,98576.94,158.07
1783576147,1543,98577.0,25.44,158.06,98576.95,158.07
1783576147,1544,98577.0,25.44,158.06,98576.95,158.06
1783576147,1545,98580.0,25.44,157.79,98577.45,158.02
1783576147,1546,98575.0,25.44,158.23,98577.05,158.05
1783576148,1547,98579.0,25.44,157.88,98577.37,158.02
1783576148,1548,98577.0,25.44,158.06,98577.14,158.04
1783576148,1549,98577.0,25.44,158.06,98577.12,158.05
1783576148,1550,98577.0,25.44,158.06,98577.1,158.05
1783576148,1551,98578.0,25.44,157.97,98577.24,158.04
1783576148,1552,98576.0,25.44,158.15,98577.05,158.05
1783576148,1553,98578.0,25.44,157.97,98577.2,158.04
1783576149,1554,98577.0,25.44,158.06,98577.17,158.04
1783576149,1555,98579.0,25.44,157.88,98577.47,158.02
1783576149,1556,98575.0,25.44,158.23,98577.02,158.05
1783576149,1557,98576.0,25.43,158.14,98576.86,158.06
1783576149,1558,98577.0,25.43,158.05,98576.88,158.06
1783576149,1559,98578.0,25.43,157.96,98577.06,158.05
1783576149,1560,98576.0,25.43,158.14,98576.89,158.06
1783576150,1561,98578.0,25.43,157.96,98577.07,158.04
1783576150,1562,98579.0,25.43,157.87,98577.38,158.01
1783576150,1563,98577.0,25.43,158.05,98577.32,158.02
1783576150,1564,98578.0,25.43,157.96,98577.34,158.02
1783576150,1565,98576.0,25.43,158.13,98577.13,158.03
1783576150,1566,98577.0,25.43,158.04,98577.1,158.03
1783576150,1567,98575.0,25.43,158.22,98576.77,158.06
1783576150,1568,98573.0,25.43,158.39,98576.16,158.11
1783576151,1569,98571.0,25.43,158.57,98575.34,158.19
1783576151,1570,98569.0,25.43,158.75,98574.32,158.28
1783576151,1571,98570.0,25.42,158.66,98573.63,158.34
1783576151,1572,98569.0,25.42,158.75,98571.31,158.54
1783576151,1573,98569.0,25.42,158.75,98570.95,158.57
1783576151,1574,98571.0,25.41,158.57,98570.95,158.57
1783576151,1575,98570.0,25.41,158.66,98570.8,158.59
1783576152,1576,98570.0,25.41,158.66,98570.67,158.6
1783576152,1577,98570.0,25.41,158.66,98570.56,158.61
1783576152,1578,98571.0,25.41,158.57,98570.63,158.6
1783576152,1579,98569.0,25.41,158.75,98570.37,158.63
1783576152,1580,98569.0,25.41,158.75,98569.84,158.67
1783576152,1581,98568.0,25.41,158.83,98569.54,158.7
1783576152,1582,98570.0,25.41,158.66,98569.61,158.69
1783576153,1583,98570.0,25.41,158.66,98569.67,158.69
1783576153,1584,98571.0,25.41,158.58,98569.88,158.67
1783576153,1585,98569.0,25.41,158.75,98569.74,158.69
1783576153,1586,98570.0,25.41,158.66,98569.78,158.68
1783576153,1587,98568.0,25.41,158.84,98569.49,158.71
1783576153,1588,98570.0,25.41,158.66,98569.45,158.71
1783576153,1589,98570.0,25.41,158.66,98569.53,158.7
1783576153,1590,98570.0,25.41,158.66,98569.61,158.7
1783576154,1591,98569.0,25.41,158.75,98569.51,158.71
1783576154,1592,98569.0,25.42,158.75,98569.43,158.71
1783576154,1593,98572.0,25.42,158.49,98569.84,158.68
1783576154,1594,98571.0,25.42,158.58,98570.03,158.67
1783576154,1595,98570.0,25.42,158.67,98570.02,158.67
1783576154,1596,98570.0,25.42,158.67,98569.49,158.71
1783576154,1597,98571.0,25.43,158.58,98569.73,158.69
1783576155,1598,98571.0,25.43,158.58,98569.94,158.67
1783576155,1599,98570.0,25.43,158.67,98569.95,158.67
1783576155,1600,98569.0,25.43,158.76,98569.8,158.69
1783576155,1601,98570.0,25.43,158.67,98569.83,158.68
1783576155,1602,98572.0,25.43,158.49,98570.18,158.65
1783576155,1603,98570.0,25.43,158.67,98570.15,158.66
1783576155,1604,98569.0,25.43,158.76,98570.16,158.66
1783576155,1605,98571.0,25.44,158.59,98570.3,158.65
1783576156,1606,98569.0,25.44,158.76,98570.09,158.67
1783576156,1607,98568.0,25.44,158.85,98569.75,158.7
1783576156,1608,98565.0,25.44,159.11,98568.98,158.76
1783576156,1609,98565.0,25.44,159.12,98568.34,158.83
1783576156,1610,98564.0,25.44,159.21,98567.65,158.89
1783576156,1611,98561.0,25.44,159.47,98566.59,158.98
1783576156,1612,98559.0,25.43,159.65,98564.38,159.17
1783576157,1613,98564.0,25.44,159.21,98564.32,159.18
1783576157,1614,98565.0,25.44,159.12,98564.43,159.17
1783576157,1615,98561.0,25.44,159.48,98563.88,159.22
1783576157,1616,98564.0,25.44,159.21,98563.9,159.22
1783576157,1617,98563.0,25.43,159.3,98563.76,159.24
1783576157,1618,98564.0,25.44,159.21,98563.8,159.23
1783576157,1619,98563.0,25.43,159.3,98563.67,159.24
1783576158,1620,98563.0,25.43,159.3,98563.22,159.28
1783576158,1621,98564.0,25.44,159.21,98563.34,159.27
1783576158,1622,98562.0,25.43,159.39,98563.13,159.29
1783576158,1623,98564.0,25.44,159.22,98563.27,159.28
1783576158,1624,98564.0,25.44,159.22,98563.38,159.27
1783576158,1625,98563.0,25.44,159.31,98563.32,159.28
1783576158,1626,98562.0,25.43,159.4,98563.11,159.3
1783576158,1627,98562.0,25.44,159.4,98562.93,159.31
1783576159,1628,98563.0,25.44,159.31,98562.81,159.32
1783576159,1629,98563.0,25.44,159.31,98562.84,159.33
1783576159,1630,98562.0,25.44,159.4,98562.71,159.34
1783576159,1631,98564.0,25.44,159.22,98562.91,159.32
1783576159,1632,98562.0,25.44,159.4,98562.77,159.33
1783576159,1633,98563.0,25.44,159.31,98562.8,159.33
1783576159,1634,98561.0,25.44,159.49,98562.52,159.36
1783576159,1635,98563.0,25.44,159.31,98562.59,159.35
1783576160,1636,98561.0,25.45,159.49,98562.38,159.37
1783576160,1637,98562.0,25.45,159.41,98562.32,159.38
1783576160,1638,98562.0,25.46,159.41,98562.27,159.38
1783576160,1639,98563.0,25.46,159.32,98562.38,159.37
1783576160,1640,98563.0,25.46,159.32,98562.48,159.36
1783576160,1641,98564.0,25.46,159.23,98562.73,159.34
1783576160,1642,98562.0,25.46,159.41,98562.61,159.36
1783576160,1643,98557.0,25.46,159.85,98561.71,159.44
1783576161,1644,98563.0,25.46,159.32,98561.71,159.44
1783576161,1645,98562.0,25.47,159.41,98561.76,159.43
1783576161,1646,98547.0,25.45,160.73,98559.38,159.64
1783576161,1647,98563.0,25.47,159.32,98559.97,159.59
1783576161,1648,98562.0,25.47,159.41,98560.3,159.56
1783576161,1649,98564.0,25.47,159.24,98560.93,159.51
1783576161,1650,98566.0,25.47,159.06,98561.8,159.43
1783576161,1651,98568.0,25.46,158.89,98562.86,159.34
1783576162,1652,98573.0,25.45,158.45,98567.13,158.96
1783576162,1653,98573.0,25.44,158.45,98568.11,158.88
1783576162,1654,98570.0,25.44,158.71,98568.42,158.85
1783576162,1655,98576.0,25.44,158.18,98569.67,158.74
1783576162,1656,98575.0,25.43,158.27,98570.54,158.66
1783576162,1657,98576.0,25.43,158.18,98571.43,158.59
1783576162,1658,98575.0,25.43,158.27,98572.01,158.53
1783576163,1659,98575.0,25.42,158.27,98572.49,158.49
1783576163,1660,98576.0,25.42,158.18,98573.76,158.37
1783576163,1661,98576.0,25.42,158.18,98574.12,158.34
1783576163,1662,98576.0,25.42,158.18,98574.42,158.32
1783576163,1663,98574.0,25.42,158.35,98574.35,158.32
1783576163,1664,98577.0,25.42,158.09,98574.77,158.29
1783576163,1665,98576.0,25.43,158.18,98574.97,158.27
1783576164,1666,98576.0,25.42,158.18,98575.13,158.25
1783576164,1667,98575.0,25.42,158.27,98575.11,158.26
1783576164,1668,98577.0,25.43,158.08,98576.23,158.15
1783576164,1669,98575.0,25.43,158.26,98576.04,158.17
1783576164,1670,98577.0,25.43,158.08,98576.2,158.15
1783576164,1671,98576.0,25.43,158.17,98576.16,158.16
1783576164,1672,98578.0,25.43,158.0,98576.46,158.13
1783576164,1673,98579.0,25.43,157.91,98576.87,158.1
1783576165,1674,98576.0,25.43,158.17,98576.73,158.11
1783576165,1675,98577.0,25.43,158.08,98576.77,158.1
1783576165,1676,98577.0,25.43,158.08,98576.89,158.09
1783576165,1677,98577.0,25.43,158.08,98576.91,158.09
1783576165,1678,98578.0,25.43,157.99,98577.08,158.07
1783576165,1679,98576.0,25.43,158.17,98576.91,158.09
1783576165,1680,98577.0,25.43,158.08,98576.92,158.09
1783576166,1681,98575.0,25.43,158.25,98576.62,158.11
1783576166,1682,98576.0,25.43,158.16,98576.52,158.12
1783576166,1683,98578.0,25.43,157.98,98576.75,158.09
1783576166,1684,98576.0,25.43,158.16,98576.73,158.1
1783576166,1685,98577.0,25.43,158.07,98576.77,158.09
1783576166,1686,98577.0,25.43,158.07,98576.81,158.08
1783576166,1687,98576.0,25.42,158.16,98576.68,158.1
1783576167,1688,98575.0,25.42,158.24,98576.41,158.12
1783576167,1689,98574.0,25.42,158.33,98576.02,158.15
1783576167,1690,98574.0,25.42,158.33,98575.7,158.18
1783576167,1691,98575.0,25.42,158.24,98575.59,158.19
1783576167,1692,98568.0,25.42,158.85,98572.79,158.43
1783576167,1693,98566.0,25.42,159.03,98571.7,158.52
1783576167,1694,98567.0,25.42,158.94,98570.95,158.59
1783576167,1695,98564.0,25.41,159.2,98569.83,158.69
1783576168,1696,98564.0,25.41,159.2,98568.89,158.77
1783576168,1697,98565.0,25.41,159.11,98568.27,158.83
1783576168,1698,98565.0,25.41,159.11,98567.74,158.87
1783576168,1699,98562.0,25.41,159.38,98566.82,158.95
1783576168,1700,98562.0,25.41,159.38,98563.95,159.21
1783576168,1701,98560.0,25.41,159.56,98563.32,159.26
1783576168,1702,98563.0,25.41,159.29,98563.27,159.27
1783576169,1703,98561.0,25.41,159.47,98562.9,159.3
1783576169,1704,98563.0,25.41,159.29,98562.91,159.3
1783576169,1705,98561.0,25.4,159.47,98562.61,159.33
1783576169,1706,98564.0,25.41,159.2,98562.84,159.31
1783576169,1707,98563.0,25.41,159.29,98562.86,159.3
1783576169,1708,98562.0,25.41,159.38,98561.98,159.38
1783576169,1709,98564.0,25.41,159.2,98562.3,159.35
1783576169,1710,98562.0,25.41,159.38,98562.26,159.36
1783576170,1711,98562.0,25.41,159.38,98562.22,159.37
1783576170,1712,98562.0,25.41,159.38,98562.19,159.37
1783576170,1713,98562.0,25.41,159.38,98562.16,159.37
1783576170,1714,98562.0,25.41,159.38,98562.13,159.37
1783576170,1715,98563.0,25.41,159.3,98562.27,159.36
1783576170,1716,98563.0,25.41,159.3,98562.07,159.38
1783576170,1717,98562.0,25.42,159.38,98562.06,159.38
1783576171,1718,98560.0,25.42,159.56,98561.73,159.41
1783576171,1719,98562.0,25.42,159.38,98561.77,159.4
1783576171,1720,98562.0,25.42,159.38,98561.81,159.4
1783576171,1721,98562.0,25.42,159.38,98561.84,159.4
1783576171,1722,98563.0,25.42,159.3,98562.03,159.38
1783576171,1723,98561.0,25.42,159.47,98561.87,159.4
1783576171,1724,98563.0,25.43,159.3,98561.88,159.4
1783576172,1725,98562.0,25.42,159.39,98561.9,159.4
1783576172,1726,98564.0,25.43,159.21,98562.23,159.37
1783576172,1727,98563.0,25.43,159.3,98562.36,159.36
1783576172,1728,98561.0,25.43,159.48,98562.14,159.38
1783576172,1729,98562.0,25.42,159.4,98562.12,159.39
1783576172,1730,98562.0,25.43,159.4,98562.1,159.39
1783576172,1731,98560.0,25.43,159.57,98561.77,159.42
1783576172,1732,98563.0,25.43,159.31,98562.61,159.34
1783576173,1733,98563.0,25.43,159.31,98562.67,159.34
1783576173,1734,98563.0,25.44,159.31,98562.73,159.34
1783576173,1735,98562.0,25.44,159.4,98562.61,159.35
1783576173,1736,98561.0,25.43,159.49,98562.35,159.37
1783576173,1737,98559.0,25.43,159.67,98561.81,159.42
1783576173,1738,98562.0,25.44,159.4,98561.84,159.41
1783576173,1739,98563.0,25.44,159.32,98562.03,159.4
1783576174,1740,98564.0,25.45,159.23,98563.16,159.3
1783576174,1741,98563.0,25.45,159.32,98563.13,159.31
1783576174,1742,98561.0,25.44,159.49,98562.79,159.34
1783576174,1743,98562.0,25.45,159.41,98562.66,159.35
1783576174,1744,98563.0,25.45,159.32,98562.72,159.34
1783576174,1745,98563.0,25.45,159.32,98562.77,159.34
1783576174,1746,98563.0,25.45,159.32,98562.8,159.34
1783576174,1747,98563.0,25.46,159.32,98562.84,159.34
1783576175,1748,98573.0,25.45,158.44,98564.0,159.24
1783576175,1749,98571.0,25.45,158.62,98565.17,159.13
1783576175,1750,98573.0,25.44,158.44,98566.48,159.02
1783576175,1751,98574.0,25.44,158.35,98567.74,158.91
1783576175,1752,98577.0,25.43,158.09,98569.28,158.77
1783576175,1753,98575.0,25.43,158.27,98570.23,158.69
1783576175,1754,98573.0,25.42,158.44,98570.68,158.65
1783576175,1755,98575.0,25.42,158.27,98571.38,158.58
1783576176,1756,98578.0,25.41,158.0,98574.52,158.3
1783576176,1757,98577.0,25.41,158.08,98574.92,158.27
1783576176,1758,98575.0,25.4,158.26,98574.94,158.27
1783576176,1759,98575.0,25.4,158.26,98574.95,158.26
1783576176,1760,98574.0,25.4,158.35,98574.8,158.28
1783576176,1761,98575.0,25.4,158.26,98574.83,158.28
1783576176,1762,98576.0,25.4,158.17,98575.02,158.26
1783576176,1763,98578.0,25.4,158.0,98575.49,158.22
1783576177,1764,98579.0,25.41,157.9,98576.36,158.13
1783576177,1765,98578.0,25.41,157.99,98576.63,158.11
1783576177,1766,98577.0,25.41,158.08,98576.69,158.11
1783576177,1767,98576.0,25.4,158.17,98576.58,158.12
1783576177,1768,98574.0,25.41,158.34,98576.16,158.15
1783576177,1769,98577.0,25.41,158.08,98576.3,158.14
1783576177,1770,98578.0,25.41,157.99,98576.57,158.12
1783576178,1771,98578.0,25.41,157.99,98576.8,158.1
1783576178,1772,98579.0,25.41,157.9,98577.26,158.05
1783576178,1773,98576.0,25.41,158.16,98577.05,158.07
1783576178,1774,98576.0,25.41,158.16,98576.88,158.08
1783576178,1775,98578.0,25.41,157.98,98577.06,158.07
1783576178,1776,98577.0,25.41,158.07,98577.05,158.07
1783576178,1777,98575.0,25.41,158.25,98576.73,158.1
1783576178,1778,98575.0,25.41,158.24,98576.45,158.12
1783576179,1779,98576.0,25.41,158.16,98576.38,158.12
1783576179,1780,98576.0,25.41,158.16,98575.88,158.17
1783576179,1781,98577.0,25.41,158.06,98576.05,158.15
1783576179,1782,98578.0,25.41,157.97,98576.37,158.12
1783576179,1783,98576.0,25.41,158.15,98576.3,158.12
1783576179,1784,98576.0,25.41,158.15,98576.26,158.13
1783576179,1785,98573.0,25.4,158.41,98575.73,158.17
1783576180,1786,98574.0,25.4,158.33,98575.45,158.2
1783576180,1787,98578.0,25.41,157.97,98575.86,158.16
1783576180,1788,98576.0,25.41,158.15,98575.97,158.15
1783576180,1789,98578.0,25.41,157.97,98576.3,158.12
1783576180,1790,98576.0,25.4,158.15,98576.25,158.12
1783576180,1791,98576.0,25.4,158.14,98576.21,158.12
1783576180,1792,98577.0,25.4,158.05,98576.34,158.11
1783576180,1793,98576.0,25.41,158.14,98576.28,158.12
1783576181,1794,98577.0,25.41,158.05,98576.4,158.1
1783576181,1795,98577.0,25.4,158.05,98576.49,158.1
1783576181,1796,98576.0,25.4,158.13,98576.28,158.11
1783576181,1797,98576.0,25.41,158.13,98576.23,158.11
1783576181,1798,98576.0,25.4,158.13,98576.2,158.12
1783576181,1799,98575.0,25.41,158.22,98576.0,158.13
1783576181,1800,98576.0,25.41,158.13,98576.0,158.13
1783576182,1801,98575.0,25.41,158.22,98575.84,158.14
1783576182,1802,98576.0,25.41,158.13,98575.86,158.14
1783576182,1803,98576.0,25.41,158.13,98575.88,158.14
1783576182,1804,98576.0,25.41,158.13,98575.73,158.15
1783576182,1805,98575.0,25.41,158.21,98575.61,158.16
1783576182,1806,98575.0,25.4,158.21,98575.51,158.17
1783576182,1807,98575.0,25.41,158.21,98575.43,158.17
1783576183,1808,98575.0,25.4,158.21,98575.36,158.18
1783576183,1809,98576.0,25.4,158.12,98575.46,158.17
1783576183,1810,98577.0,25.4,158.04,98575.71,158.15
1783576183,1811,98577.0,25.4,158.03,98575.91,158.13
1783576183,1812,98572.0,25.4,158.47,98574.48,158.25
1783576183,1813,98570.0,25.4,158.65,98573.76,158.32
1783576183,1814,98569.0,25.4,158.73,98572.99,158.38
1783576183,1815,98568.0,25.4,158.82,98572.2,158.45
1783576184,1816,98569.0,25.4,158.73,98571.68,158.49
1783576184,1817,98563.0,25.39,159.26,98570.29,158.62
1783576184,1818,98563.0,25.4,159.26,98569.12,158.72
1783576184,1819,98566.0,25.39,158.99,98568.62,158.76
1783576184,1820,98560.0,25.38,159.52,98565.12,159.07
1783576184,1821,98563.0,25.39,159.26,98564.78,159.1
1783576184,1822,98562.0,25.39,159.35,98564.34,159.14
1783576185,1823,98560.0,25.38,159.52,98563.64,159.2
1783576185,1824,98560.0,25.38,159.52,98563.05,159.25
1783576185,1825,98560.0,25.38,159.52,98562.56,159.3
1783576185,1826,98561.0,25.38,159.44,98562.31,159.32
1783576185,1827,98560.0,25.38,159.53,98561.95,159.36
1783576185,1828,98561.0,25.38,159.44,98561.64,159.38
1783576185,1829,98563.0,25.38,159.26,98561.86,159.36
1783576186,1830,98561.0,25.38,159.44,98561.72,159.38
1783576186,1831,98561.0,25.38,159.44,98561.6,159.39
1783576186,1832,98562.0,25.37,159.35,98561.66,159.38
1783576186,1833,98562.0,25.37,159.35,98561.72,159.38
1783576186,1834,98562.0,25.38,159.35,98561.77,159.37
1783576186,1835,98563.0,25.38,159.26,98561.96,159.36
1783576186,1836,98562.0,25.38,159.35,98561.6,159.39
1783576186,1837,98559.0,25.38,159.62,98561.19,159.42
1783576187,1838,98562.0,25.38,159.35,98561.32,159.41
1783576187,1839,98562.0,25.38,159.35,98561.43,159.4
1783576187,1840,98563.0,25.38,159.26,98561.68,159.38
1783576187,1841,98561.0,25.38,159.44,98561.57,159.39
1783576187,1842,98563.0,25.38,159.27,98561.8,159.38
1783576187,1843,98561.0,25.38,159.45,98561.67,159.39
1783576187,1844,98560.0,25.39,159.53,98561.48,159.4
1783576188,1845,98562.0,25.39,159.36,98561.56,159.4
1783576188,1846,98561.0,25.39,159.45,98561.47,159.4
1783576188,1847,98563.0,25.39,159.27,98561.71,159.38
1783576188,1848,98563.0,25.39,159.27,98561.91,159.37
1783576188,1849,98562.0,25.4,159.36,98561.93,159.37
1783576188,1850,98562.0,25.39,159.36,98561.94,159.37
1783576188,1851,98558.0,25.39,159.72,98561.3,159.42
1783576188,1852,98564.0,25.4,159.19,98561.91,159.38
1783576189,1853,98564.0,25.4,159.19,98562.24,159.35
1783576189,1854,98561.0,25.4,159.46,98562.05,159.36
1783576189,1855,98561.0,25.41,159.46,98561.88,159.38
1783576189,1856,98561.0,25.4,159.46,98561.74,159.39
1783576189,1857,98561.0,25.41,159.46,98561.63,159.41
1783576189,1858,98561.0,25.41,159.46,98561.52,159.42
1783576189,1859,98563.0,25.41,159.29,98561.76,159.4
1783576190,1860,98562.0,25.41,159.38,98561.77,159.4
1783576190,1861,98561.0,25.42,159.47,98561.65,159.41
1783576190,1862,98563.0,25.42,159.29,98561.87,159.39
1783576190,1863,98562.0,25.42,159.38,98561.89,159.39
1783576190,1864,98563.0,25.42,159.29,98562.07,159.37
1783576190,1865,98563.0,25.42,159.3,98562.22,159.37
1783576190,1866,98561.0,25.42,159.47,98562.02,159.38
1783576190,1867,98560.0,25.42,159.56,98561.7,159.41
1783576191,1868,98563.0,25.43,159.3,98561.65,159.42
1783576191,1869,98562.0,25.43,159.39,98561.7,159.42
1783576191,1870,98562.0,25.43,159.39,98561.75,159.41
1783576191,1871,98562.0,25.43,159.39,98561.79,159.41
1783576191,1872,98563.0,25.43,159.3,98561.98,159.39
1783576191,1873,98562.0,25.43,159.39,98561.98,159.39
1783576191,1874,98564.0,25.43,159.21,98562.3,159.36
1783576191,1875,98559.0,25.42,159.65,98561.77,159.41
1783576192,1876,98566.0,25.42,159.04,98562.88,159.32
1783576192,1877,98569.0,25.42,158.78,98563.86,159.23
1783576192,1878,98568.0,25.42,158.87,98564.52,159.17
1783576192,1879,98570.0,25.42,158.68,98565.4,159.09
1783576192,1880,98570.0,25.41,158.68,98566.13,159.03
1783576192,1881,98572.0,25.41,158.51,98567.07,158.94
1783576192,1882,98573.0,25.41,158.42,98568.02,158.86
1783576192,1883,98572.0,25.4,158.51,98568.66,158.8
1783576193,1884,98575.0,25.39,158.24,98571.53,158.55
1783576193,1885,98576.0,25.39,158.16,98572.25,158.49
1783576193,1886,98575.0,25.38,158.24,98572.69,158.45
1783576193,1887,98574.0,25.38,158.33,98572.9,158.43
1783576193,1888,98575.0,25.38,158.24,98573.23,158.4
1783576193,1889,98574.0,25.37,158.33,98573.36,158.39
1783576193,1890,98577.0,25.37,158.07,98573.95,158.34
1783576194,1891,98575.0,25.37,158.24,98574.12,158.32
1783576194,1892,98576.0,25.37,158.15,98574.95,158.24
1783576194,1893,98577.0,25.37,158.06,98575.28,158.21
1783576194,1894,98575.0,25.37,158.24,98575.23,158.22
1783576194,1895,98575.0,25.37,158.24,98575.2,158.22
1783576194,1896,98577.0,25.37,158.06,98575.48,158.2
1783576194,1897,98576.0,25.37,158.15,98575.57,158.19
1783576194,1898,98578.0,25.37,157.97,98575.96,158.15
1783576195,1899,98576.0,25.37,158.15,98575.97,158.15
1783576195,1900,98576.0,25.37,158.15,98576.04,158.14
1783576195,1901,98576.0,25.37,158.15,98576.03,158.14
1783576195,1902,98575.0,25.36,158.23,98575.87,158.16
1783576195,1903,98577.0,25.37,158.06,98576.05,158.14
1783576195,1904,98575.0,25.37,158.23,98575.88,158.16
1783576195,1905,98577.0,25.36,158.05,98576.06,158.13
1783576196,1906,98575.0,25.36,158.23,98575.89,158.15
1783576196,1907,98577.0,25.37,158.05,98576.07,158.13
1783576196,1908,98577.0,25.37,158.05,98576.09,158.13
1783576196,1909,98575.0,25.37,158.23,98575.92,158.15
1783576196,1910,98578.0,25.37,157.96,98576.26,158.11
1783576196,1911,98576.0,25.37,158.13,98576.22,158.12
1783576196,1912,98575.0,25.36,158.22,98576.02,158.13
1783576197,1913,98573.0,25.37,158.4,98575.54,158.18
1783576197,1914,98577.0,25.37,158.05,98575.77,158.15
1783576197,1915,98578.0,25.37,157.96,98576.13,158.12
1783576197,1916,98575.0,25.37,158.22,98575.73,158.15
1783576197,1917,98576.0,25.37,158.13,98575.77,158.15
1783576197,1918,98575.0,25.37,158.22,98575.65,158.16
1783576197,1919,98576.0,25.37,158.12,98575.7,158.15
1783576197,1920,98575.0,25.37,158.21,98575.59,158.16
1783576198,1921,98574.0,25.37,158.3,98575.34,158.18
1783576198,1922,98575.0,25.37,158.21,98575.28,158.19
1783576198,1923,98577.0,25.37,158.04,98575.55,158.16
1783576198,1924,98575.0,25.37,158.21,98575.07,158.2
1783576198,1925,98576.0,25.37,158.12,98575.22,158.19
1783576198,1926,98575.0,25.37,158.21,98575.19,158.19
1783576198,1927,98578.0,25.37,157.94,98575.64,158.15
1783576199,1928,98576.0,25.37,158.12,98575.7,158.15
1783576199,1929,98577.0,25.37,158.03,98575.91,158.12
1783576199,1930,98575.0,25.37,158.2,98575.76,158.13
1783576199,1931,98575.0,25.37,158.2,98575.63,158.15
1783576199,1932,98576.0,25.37,158.11,98575.59,158.15
1783576199,1933,98575.0,25.37,158.2,98575.49,158.16
1783576199,1934,98575.0,25.37,158.2,98575.41,158.16
1783576199,1935,98574.0,25.37,158.28,98575.19,158.18
1783576200,1936,98570.0,25.37,158.64,98574.36,158.25
1783576200,1937,98574.0,25.37,158.28,98574.3,158.26
1783576200,1938,98572.0,25.36,158.46,98573.94,158.29
1783576200,1939,98571.0,25.36,158.55,98573.47,158.33
1783576200,1940,98563.0,25.36,159.25,98569.44,158.69
1783576200,1941,98565.0,25.36,159.08,98568.73,158.75
1783576200,1942,98565.0,25.35,159.08,98568.13,158.8
1783576201,1943,98563.0,25.35,159.25,98567.31,158.87
1783576201,1944,98561.0,25.35,159.43,98566.3,158.96
1783576201,1945,98563.0,25.34,159.25,98565.77,159.01
1783576201,1946,98560.0,25.35,159.52,98564.84,159.09
1783576201,1947,98562.0,25.35,159.34,98564.39,159.13
1783576201,1948,98561.0,25.34,159.43,98562.33,159.31
1783576201,1949,98561.0,25.34,159.43,98562.12,159.33
1783576202,1950,98562.0,25.34,159.34,98562.1,159.33
1783576202,1951,98562.0,25.34,159.34,98562.09,159.33
1783576202,1952,98560.0,25.34,159.52,98561.75,159.36
1783576202,1953,98562.0,25.34,159.34,98561.79,159.36
1783576202,1954,98564.0,25.34,159.17,98562.14,159.33
1783576202,1955,98562.0,25.34,159.34,98562.12,159.33
1783576202,1956,98561.0,25.34,159.43,98561.75,159.36
1783576202,1957,98563.0,25.34,159.25,98561.95,159.35
1783576203,1958,98562.0,25.34,159.34,98561.96,159.35
1783576203,1959,98560.0,25.33,159.52,98561.65,159.37
1783576203,1960,98561.0,25.34,159.43,98561.55,159.38
1783576203,1961,98561.0,25.33,159.43,98561.46,159.39
1783576203,1962,98558.0,25.34,159.69,98560.91,159.44
1783576203,1963,98561.0,25.34,159.43,98560.92,159.44
1783576203,1964,98563.0,25.34,159.26,98561.68,159.38
1783576204,1965,98562.0,25.34,159.35,98561.73,159.37
1783576204,1966,98562.0,25.34,159.35,98561.77,159.37
1783576204,1967,98561.0,25.34,159.44,98561.65,159.38
1783576204,1968,98562.0,25.34,159.35,98561.7,159.37
1783576204,1969,98561.0,25.34,159.44,98561.59,159.38
1783576204,1970,98561.0,25.34,159.44,98561.5,159.39
1783576204,1971,98560.0,25.35,159.52,98561.26,159.41
1783576205,1972,98563.0,25.35,159.26,98561.55,159.39
1783576205,1973,98565.0,25.35,159.09,98562.1,159.34
1783576205,1974,98561.0,25.35,159.44,98561.92,159.36
1783576205,1975,98562.0,25.35,159.35,98561.94,159.36
1783576205,1976,98562.0,25.35,159.36,98561.95,159.36
1783576205,1977,98562.0,25.35,159.36,98561.95,159.36
1783576205,1978,98562.0,25.35,159.36,98561.96,159.36
1783576205,1979,98564.0,25.36,159.18,98562.29,159.33
1783576206,1980,98563.0,25.36,159.27,98561.87,159.38
1783576206,1981,98562.0,25.36,159.36,98561.89,159.37
1783576206,1982,98562.0,25.36,159.36,98561.91,159.37
1783576206,1983,98563.0,25.36,159.27,98562.08,159.36
1783576206,1984,98564.0,25.37,159.19,98562.38,159.33
1783576206,1985,98563.0,25.37,159.28,98562.48,159.33
1783576206,1986,98562.0,25.37,159.37,98562.41,159.33
1783576206,1987,98563.0,25.37,159.28,98562.5,159.32
1783576207,1988,98563.0,25.37,159.29,98562.3,159.35
1783576207,1989,98563.0,25.38,159.29,98562.41,159.34
1783576207,1990,98567.0,25.37,158.94,98563.14,159.28
1783576207,1991,98568.0,25.37,158.85,98563.92,159.21
1783576207,1992,98568.0,25.38,158.85,98564.58,159.15
1783576207,1993,98572.0,25.37,158.5,98565.77,159.05
1783576207,1994,98573.0,25.37,158.41,98566.92,158.95
1783576207,1995,98572.0,25.37,158.5,98567.73,158.88
1783576208,1996,98575.0,25.35,158.24,98571.13,158.58
1783576208,1997,98575.0,25.34,158.24,98571.75,158.53
1783576208,1998,98575.0,25.34,158.24,98572.27,158.48
1783576208,1999,98574.0,25.34,158.33,98572.55,158.46
1783576208,2000,98576.0,25.33,158.15,98573.1,158.41
1783576208,2001,98574.0,25.33,158.33,98573.24,158.39
1783576208,2002,98575.0,25.33,158.24,98573.52,158.37
1783576208,2003,98575.0,25.33,158.24,98573.76,158.35
1783576209,2004,98578.0,25.33,157.97,98575.57,158.19
1783576209,2005,98575.0,25.33,158.24,98575.48,158.2
1783576209,2006,98576.0,25.33,158.15,98575.56,158.19
1783576209,2007,98579.0,25.33,157.89,98576.12,158.14
1783576209,2008,98577.0,25.33,158.06,98576.26,158.12
1783576209,2009,98575.0,25.33,158.23,98576.05,158.14
1783576209,2010,98575.0,25.33,158.23,98575.88,158.16
1783576210,2011,98578.0,25.33,157.97,98576.22,158.13
1783576210,2012,98575.0,25.33,158.23,98575.84,158.16
1783576210,2013,98576.0,25.33,158.15,98575.86,158.16
1783576210,2014,98577.0,25.34,158.06,98576.04,158.14
1783576210,2015,98577.0,25.34,158.06,98576.2,158.13
1783576210,2016,98575.0,25.33,158.23,98576.0,158.15
1783576210,2017,98573.0,25.33,158.4,98575.52,158.18
1783576210,2018,98575.0,25.34,158.23,98575.43,158.19
1783576211,2019,98576.0,25.34,158.14,98575.52,158.18
1783576211,2020,98577.0,25.34,158.05,98575.56,158.18
1783576211,2021,98574.0,25.34,158.32,98575.31,158.2
1783576211,2022,98577.0,25.34,158.05,98575.59,158.18
1783576211,2023,98575.0,25.34,158.22,98575.49,158.18
1783576211,2024,98575.0,25.34,158.22,98575.41,158.19
1783576211,2025,98575.0,25.34,158.22,98575.35,158.19
1783576212,2026,98575.0,25.34,158.22,98575.3,158.2
1783576212,2027,98576.0,25.34,158.13,98575.41,158.19
1783576212,2028,98578.0,25.33,157.95,98575.95,158.13
1783576212,2029,98577.0,25.33,158.04,98576.12,158.12
1783576212,2030,98574.0,25.33,158.31,98575.78,158.15
1783576212,2031,98576.0,25.34,158.13,98575.81,158.15
1783576212,2032,98577.0,25.34,158.04,98576.0,158.13
1783576213,2033,98575.0,25.33,158.22,98575.84,158.14
1783576213,2034,98577.0,25.33,158.04,98576.02,158.13
1783576213,2035,98577.0,25.33,158.04,98576.18,158.11
1783576213,2036,98576.0,25.34,158.12,98575.95,158.13
1783576213,2037,98577.0,25.34,158.04,98576.12,158.11
1783576213,2038,98576.0,25.34,158.12,98576.1,158.11
1783576213,2039,98575.0,25.33,158.21,98575.92,158.13
1783576213,2040,98575.0,25.34,158.21,98575.77,158.14
1783576214,2041,98579.0,25.34,157.85,98576.29,158.09
1783576214,2042,98578.0,25.34,157.94,98576.56,158.07
1783576214,2043,98576.0,25.34,158.12,98576.47,158.08
1783576214,2044,98576.0,25.34,158.11,98576.16,158.1
1783576214,2045,98575.0,25.34,158.2,98575.97,158.12
1783576214,2046,98576.0,25.34,158.11,98575.98,158.11
1783576214,2047,98575.0,25.34,158.2,98575.82,158.12
1783576215,2048,98574.0,25.34,158.28,98575.53,158.15
1783576215,2049,98574.0,25.34,158.28,98575.29,158.17
1783576215,2050,98573.0,25.34,158.37,98574.92,158.2
1783576215,2051,98573.0,25.34,158.37,98574.62,158.23
1783576215,2052,98569.0,25.34,158.72,98572.15,158.45
1783576215,2053,98570.0,25.33,158.64,98571.8,158.48
1783576215,2054,98568.0,25.33,158.81,98571.2,158.53
1783576216,2055,98567.0,25.33,158.9,98570.52,158.59
1783576216,2056,98569.0,25.33,158.72,98570.28,158.61
1783576216,2057,98569.0,25.34,158.72,98570.08,158.63
1783576216,2058,98568.0,25.34,158.81,98569.74,158.66
1783576216,2059,98567.0,25.34,158.9,98569.3,158.7
1783576216,2060,98562.0,25.34,159.34,98567.39,158.87
1783576216,2061,98567.0,25.34,158.9,98567.33,158.87
1783576216,2062,98566.0,25.34,158.99,98567.12,158.9
1783576217,2063,98565.0,25.34,159.08,98566.78,158.93
1783576217,2064,98564.0,25.34,159.17,98566.34,158.97
1783576217,2065,98563.0,25.34,159.26,98565.8,159.01
1783576217,2066,98564.0,25.34,159.17,98565.52,159.04
1783576217,2067,98563.0,25.34,159.26,98565.11,159.07
1783576217,2068,98559.0,25.33,159.62,98563.55,159.22
1783576217,2069,98562.0,25.34,159.35,98563.3,159.24
1783576218,2070,98561.0,25.33,159.44,98562.93,159.27
1783576218,2071,98562.0,25.33,159.35,98562.78,159.28
1783576218,2072,98565.0,25.33,159.09,98563.14,159.25
1783576218,2073,98562.0,25.33,159.35,98562.96,159.27
1783576218,2074,98562.0,25.33,159.35,98562.8,159.28
1783576218,2075,98560.0,25.33,159.53,98562.35,159.32
1783576218,2076,98562.0,25.33,159.36,98562.04,159.35
1783576219,2077,98560.0,25.33,159.53,98561.71,159.38
1783576219,2078,98562.0,25.33,159.36,98561.76,159.38
1783576219,2079,98561.0,25.33,159.45,98561.63,159.39
1783576219,2080,98562.0,25.33,159.36,98561.7,159.38
1783576219,2081,98561.0,25.33,159.45,98561.59,159.39
1783576219,2082,98561.0,25.33,159.45,98561.49,159.4
1783576219,2083,98563.0,25.33,159.27,98561.73,159.38
1783576219,2084,98560.0,25.33,159.54,98561.89,159.37
1783576220,2085,98563.0,25.33,159.27,98562.07,159.36
1783576220,2086,98561.0,25.33,159.45,98561.9,159.37
1783576220,2087,98560.0,25.33,159.54,98561.59,159.4
1783576220,2088,98561.0,25.33,159.45,98561.5,159.41
1783576220,2089,98562.0,25.33,159.36,98561.58,159.4
1783576220,2090,98561.0,25.34,159.45,98561.48,159.41
1783576220,2091,98561.0,25.33,159.45,98561.41,159.42
1783576221,2092,98560.0,25.33,159.55,98561.33,159.43
1783576221,2093,98560.0,25.34,159.55,98561.12,159.45
1783576221,2094,98560.0,25.34,159.55,98560.94,159.46
1783576221,2095,98561.0,25.34,159.46,98560.95,159.46
1783576221,2096,98561.0,25.34,159.46,98560.95,159.46
1783576221,2097,98563.0,25.35,159.28,98561.28,159.43
1783576221,2098,98562.0,25.35,159.37,98561.4,159.43
1783576221,2099,98561.0,25.35,159.46,98561.34,159.43
1783576222,2100,98560.0,25.35,159.55,98560.72,159.49
1783576222,2101,98562.0,25.36,159.38,98560.92,159.47
1783576222,2102,98561.0,25.36,159.47,98560.94,159.47
1783576222,2103,98559.0,25.36,159.64,98560.63,159.5
1783576222,2104,98562.0,25.36,159.38,98560.84,159.48
1783576222,2105,98563.0,25.36,159.29,98561.19,159.45
1783576222,2106,98563.0,25.36,159.29,98561.48,159.43
1783576222,2107,98561.0,25.36,159.47,98561.4,159.44
1783576223,2108,98563.0,25.37,159.3,98561.79,159.4
1783576223,2109,98563.0,25.36,159.3,98561.98,159.39
1783576223,2110,98565.0,25.37,159.12,98562.47,159.34
1783576223,2111,98564.0,25.36,159.21,98562.71,159.32
1783576223,2112,98561.0,25.36,159.47,98562.44,159.35
1783576223,2113,98563.0,25.36,159.3,98562.53,159.34
1783576223,2114,98566.0,25.36,159.03,98563.09,159.29
1783576223,2115,98568.0,25.36,158.86,98563.88,159.22
1783576224,2116,98571.0,25.36,158.59,98566.11,159.02
1783576224,2117,98571.0,25.35,158.59,98566.89,158.95
1783576224,2118,98569.0,25.35,158.77,98567.23,158.92
1783576224,2119,98573.0,25.35,158.41,98568.16,158.84
1783576224,2120,98572.0,25.34,158.5,98568.77,158.79
1783576224,2121,98570.0,25.34,158.68,98568.97,158.77
1783576224,2122,98573.0,25.34,158.41,98569.62,158.71
1783576224,2123,98572.0,25.34,158.5,98570.0,158.68
1783576225,2124,98574.0,25.32,158.33,98572.13,158.49
1783576225,2125,98573.0,25.32,158.41,98572.27,158.48
1783576225,2126,98574.0,25.32,158.33,98572.55,158.46
1783576225,2127,98574.0,25.32,158.33,98572.78,158.43
1783576225,2128,98575.0,25.32,158.24,98573.14,158.4
1783576225,2129,98575.0,25.32,158.24,98573.44,158.38
1783576225,2130,98575.0,25.32,158.24,98573.69,158.35
1783576226,2131,98576.0,25.32,158.15,98574.05,158.32
1783576226,2132,98575.0,25.32,158.24,98574.9,158.25
1783576226,2133,98578.0,25.32,157.97,98575.4,158.2
1783576226,2134,98575.0,25.32,158.23,98575.34,158.2
1783576226,2135,98575.0,25.32,158.23,98575.28,158.21
1783576226,2136,98576.0,25.32,158.15,98575.4,158.2
1783576226,2137,98578.0,25.32,157.97,98575.81,158.16
1783576227,2138,98577.0,25.32,158.06,98576.0,158.15
1783576227,2139,98574.0,25.32,158.32,98575.68,158.17
1783576227,2140,98575.0,25.32,158.23,98575.45,158.19
1783576227,2141,98574.0,25.32,158.32,98575.22,158.21
1783576227,2142,98579.0,25.32,157.88,98575.83,158.15
1783576227,2143,98574.0,25.32,158.32,98575.53,158.18
1783576227,2144,98575.0,25.32,158.23,98575.45,158.19
1783576227,2145,98577.0,25.32,158.05,98575.7,158.17
1783576228,2146,98575.0,25.32,158.22,98575.59,158.17
1783576228,2147,98577.0,25.32,158.05,98575.81,158.15
1783576228,2148,98575.0,25.32,158.22,98575.45,158.18
1783576228,2149,98577.0,25.32,158.05,98575.7,158.16
1783576228,2150,98577.0,25.32,158.05,98575.91,158.14
1783576228,2151,98576.0,25.33,158.13,98575.92,158.14
1783576228,2152,98576.0,25.32,158.13,98575.94,158.14
1783576229,2153,98577.0,25.32,158.04,98576.11,158.12
1783576229,2154,98574.0,25.33,158.31,98575.77,158.15
1783576229,2155,98576.0,25.32,158.13,98575.81,158.15
1783576229,2156,98575.0,25.33,158.22,98575.63,158.16
1783576229,2157,98575.0,25.33,158.21,98575.53,158.17
1783576229,2158,98577.0,25.33,158.04,98575.77,158.14
1783576229,2159,98576.0,25.33,158.12,98575.8,158.14
1783576230,2160,98577.0,25.32,158.04,98576.0,158.12
1783576230,2161,98575.0,25.33,158.21,98575.84,158.14
1783576230,2162,98578.0,25.33,157.94,98576.18,158.1
1783576230,2163,98576.0,25.33,158.12,98576.15,158.11
1783576230,2164,98576.0,25.33,158.11,98575.88,158.12
1783576230,2165,98576.0,25.33,158.11,98575.9,158.12
1783576230,2166,98575.0,25.33,158.2,98575.76,158.13
1783576230,2167,98575.0,25.33,158.2,98575.63,158.15
1783576231,2168,98576.0,25.33,158.11,98575.7,158.14
1783576231,2169,98576.0,25.33,158.11,98575.74,158.13
1783576231,2170,98576.0,25.33,158.11,98575.78,158.13
1783576231,2171,98576.0,25.33,158.11,98575.81,158.12
1783576231,2172,98573.0,25.32,158.37,98574.85,158.21
1783576231,2173,98577.0,25.33,158.01,98575.2,158.17
1783576231,2174,98575.0,25.33,158.19,98575.16,158.18
1783576232,2175,98574.0,25.33,158.28,98574.98,158.19
1783576232,2176,98573.0,25.33,158.37,98574.66,158.22
1783576232,2177,98572.0,25.33,158.45,98574.23,158.26
1783576232,2178,98571.0,25.32,158.54,98573.71,158.3
1783576232,2179,98568.0,25.32,158.8,98572.8,158.38
1783576232,2180,98569.0,25.32,158.71,98571.04,158.53
1783576232,2181,98569.0,25.32,158.71,98570.71,158.56
1783576233,2182,98568.0,25.32,158.8,98570.27,158.6
1783576233,2183,98569.0,25.32,158.71,98570.07,158.62
1783576233,2184,98570.0,25.32,158.63,98570.06,158.62
1783576233,2185,98567.0,25.32,158.89,98569.57,158.66
1783576233,2186,98568.0,25.32,158.8,98569.32,158.69
1783576233,2187,98568.0,25.32,158.8,98569.11,158.7
1783576233,2188,98568.0,25.32,158.8,98568.53,158.76
1783576233,2189,98569.0,25.32,158.71,98568.61,158.75
1783576234,2190,98568.0,25.32,158.8,98568.51,158.76
1783576234,2191,98566.0,25.32,158.98,98568.11,158.79
1783576234,2192,98567.0,25.32,158.89,98567.93,158.81
1783576234,2193,98568.0,25.32,158.8,98567.94,158.81
1783576234,2194,98568.0,25.32,158.8,98567.95,158.81
1783576234,2195,98567.0,25.32,158.89,98567.8,158.82
1783576234,2196,98568.0,25.32,158.8,98567.78,158.82
1783576235,2197,98567.0,25.32,158.89,98567.66,158.83
1783576235,2198,98568.0,25.32,158.8,98567.71,158.83
1783576235,2199,98568.0,25.32,158.8,98567.76,158.82
1783576235,2200,98568.0,25.32,158.8,98567.8,158.82
1783576235,2201,98566.0,25.32,158.98,98567.51,158.85
1783576235,2202,98566.0,25.32,158.98,98567.27,158.87
1783576235,2203,98568.0,25.32,158.81,98567.38,158.86
1783576236,2204,98567.0,25.32,158.9,98567.54,158.85
1783576236,2205,98565.0,25.32,159.07,98567.13,158.88
1783576236,2206,98567.0,25.32,158.9,98567.11,158.89
1783576236,2207,98567.0,25.33,158.9,98567.09,158.89
1783576236,2208,98566.0,25.33,158.99,98566.92,158.91
1783576236,2209,98565.0,25.33,159.08,98566.62,158.93
1783576236,2210,98563.0,25.33,159.25,98566.04,158.99
1783576236,2211,98567.0,25.33,158.9,98566.2,158.97
1783576237,2212,98561.0,25.34,159.44,98564.32,159.14
1783576237,2213,98562.0,25.34,159.35,98563.95,159.18
1783576237,2214,98562.0,25.34,159.35,98563.63,159.2
1783576237,2215,98562.0,25.34,159.35,98563.37,159.23
1783576237,2216,98562.0,25.33,159.35,98563.15,159.25
1783576237,2217,98561.0,25.34,159.44,98562.8,159.28
1783576237,2218,98560.0,25.34,159.53,98562.35,159.32
1783576237,2219,98558.0,25.34,159.71,98561.66,159.38
1783576238,2220,98559.0,25.34,159.62,98560.82,159.46
1783576238,2221,98559.0,25.34,159.62,98560.53,159.48
1783576238,2222,98561.0,25.34,159.45,98560.61,159.48
1783576238,2223,98559.0,25.34,159.62,98560.35,159.5
1783576238,2224,98560.0,25.34,159.53,98560.3,159.51
1783576238,2225,98558.0,25.34,159.71,98559.93,159.54
1783576238,2226,98560.0,25.35,159.53,98559.94,159.54
