unix_time,sample_id,pressure_pa,temperature_c,height_m,kf_pressure_pa,kf_height_m
1783574505,335,98603.64,25.31,158.78,98603.66,158.78
1783574505,336,98603.64,25.31,158.78,98603.66,158.78
1783574505,336,98603.64,25.31,158.78,98603.66,158.78
1783574505,338,98603.73,25.32,158.78,98603.52,158.8
1783574505,339,98603.73,25.32,158.78,98603.57,158.79
1783574505,340,98603.41,25.32,158.81,98603.53,158.8
1783574505,341,98603.41,25.32,158.81,98603.5,158.8
1783574505,342,98603.09,25.32,158.83,98603.39,158.81
1783574505,343,98603.09,25.32,158.83,98603.31,158.81
1783574505,344,98603.19,25.32,158.83,98603.28,158.82
1783574506,345,98603.19,25.32,158.83,98603.26,158.82
1783574506,345,98603.19,25.32,158.83,98603.26,158.82
1783574506,347,98602.86,25.32,158.85,98603.01,158.84
1783574506,348,98603.19,25.32,158.83,98603.05,158.84
1783574506,349,98602.86,25.32,158.85,98603.0,158.84
1783574506,350,98602.86,25.32,158.85,98602.96,158.85
1783574506,351,98602.86,25.32,158.85,98602.93,158.85
1783574506,352,98602.53,25.32,158.88,98602.82,158.86
1783574507,353,98602.86,25.32,158.85,98602.83,158.86
1783574507,354,98602.86,25.32,158.85,98602.84,158.86
1783574507,354,98602.86,25.32,158.85,98602.84,158.86
1783574507,356,98602.96,25.32,158.85,98603.06,158.84
1783574507,357,98602.96,25.32,158.85,98603.03,158.84
1783574507,358,98602.96,25.32,158.85,98603.01,158.84
1783574507,359,98602.96,25.32,158.85,98602.99,158.84
1783574507,360,98602.64,25.32,158.87,98602.9,158.85
1783574508,361,98602.64,25.32,158.87,98602.83,158.86
1783574508,362,98602.64,25.32,158.87,98602.77,158.86
1783574508,363,98602.73,25.32,158.87,98602.76,158.86
1783574508,363,98602.73,25.32,158.87,98602.76,158.86
1783574508,365,98602.73,25.32,158.87,98602.73,158.87
1783574508,366,98603.06,25.32,158.84,98602.82,158.86
1783574508,367,98603.06,25.32,158.84,98602.88,158.85
1783574508,368,98603.06,25.32,158.84,98602.93,158.85
1783574508,369,98603.06,25.32,158.84,98602.96,158.85
1783574509,370,98603.06,25.32,158.84,98602.98,158.84
1783574509,371,98602.73,25.32,158.87,98602.91,158.85
1783574509,372,98602.73,25.32,158.87,98602.87,158.85
1783574509,372,98602.73,25.32,158.87,98602.87,158.85
1783574509,374,98603.45,25.33,158.81,98603.18,158.83
1783574509,375,98603.45,25.33,158.81,98603.25,158.83
1783574509,376,98603.45,25.33,158.81,98603.3,158.82
1783574509,377,98603.06,25.32,158.84,98603.24,158.82
1783574510,378,98603.77,25.33,158.78,98603.37,158.81
1783574510,379,98603.77,25.33,158.78,98603.47,158.81
1783574510,380,98603.77,25.33,158.78,98603.55,158.8
1783574510,381,98603.77,25.33,158.78,98603.6,158.79
1783574510,381,98603.77,25.33,158.78,98603.6,158.79
1783574510,383,98603.77,25.33,158.78,98603.76,158.78
1783574510,384,98603.77,25.33,158.78,98603.76,158.78
1783574510,385,98604.52,25.33,158.71,98603.95,158.76
1783574511,386,98604.2,25.33,158.74,98604.02,158.76
1783574511,387,98603.77,25.33,158.78,98603.95,158.76
1783574511,388,98603.45,25.33,158.81,98603.81,158.78
1783574511,389,98603.45,25.33,158.81,98603.72,158.78
1783574511,390,98603.45,25.33,158.81,98603.65,158.79
1783574511,390,98603.45,25.33,158.81,98603.65,158.79
1783574511,392,98603.77,25.33,158.78,98603.59,158.8
1783574511,393,98603.77,25.33,158.78,98603.63,158.79
1783574511,394,98603.77,25.33,158.78,98603.66,158.79
1783574512,395,98604.1,25.33,158.75,98603.77,158.78
1783574512,396,98604.1,25.33,158.75,98603.85,158.77
1783574512,397,98603.38,25.32,158.81,98603.73,158.78
1783574512,398,98603.71,25.32,158.78,98603.73,158.78
1783574512,399,98603.71,25.32,158.78,98603.72,158.78
1783574512,399,98603.71,25.32,158.78,98603.72,158.78
1783574512,401,98604.03,25.32,158.75,98603.85,158.77
1783574512,402,98604.03,25.32,158.75,98603.9,158.76
1783574513,403,98603.61,25.32,158.79,98603.82,158.77
1783574513,404,98603.94,25.32,158.76,98603.85,158.77
1783574513,405,98603.94,25.32,158.76,98603.88,158.76
1783574513,406,98604.26,25.32,158.73,98603.97,158.76
1783574513,407,98604.59,25.32,158.7,98604.13,158.74
1783574513,408,98604.16,25.32,158.74,98604.13,158.74
1783574513,408,98604.16,25.32,158.74,98604.13,158.74
1783574513,410,98604.48,25.32,158.71,98604.29,158.73
1783574514,411,98604.48,25.32,158.71,98604.34,158.72
1783574514,412,98604.48,25.32,158.71,98604.38,158.72
1783574514,413,98604.81,25.32,158.68,98604.48,158.71
1783574514,414,98604.81,25.32,158.68,98604.57,158.7
1783574514,415,98604.81,25.32,158.68,98604.63,158.7
1783574514,416,98604.48,25.32,158.71,98604.59,158.7
1783574514,417,98604.81,25.32,158.68,98604.65,158.7
1783574514,417,98604.81,25.32,158.68,98604.65,158.7
1783574514,419,98605.14,25.32,158.65,98604.99,158.67
1783574515,420,98605.46,25.32,158.62,98605.11,158.66
1783574515,421,98605.46,25.32,158.62,98605.2,158.65
1783574515,422,98605.46,25.32,158.62,98605.27,158.64
1783574515,423,98605.36,25.32,158.63,98605.29,158.64
1783574515,424,98605.36,25.32,158.63,98605.3,158.64
1783574515,425,98605.36,25.32,158.63,98605.32,158.64
1783574515,426,98605.36,25.32,158.63,98605.33,158.64
1783574515,426,98605.36,25.32,158.63,98605.33,158.64
1783574516,428,98604.72,25.32,158.69,98605.07,158.66
1783574516,429,98604.72,25.32,158.69,98604.98,158.67
1783574516,430,98604.72,25.32,158.69,98604.91,158.67
1783574516,431,98604.72,25.32,158.69,98604.85,158.68
1783574516,432,98604.29,25.31,158.72,98604.7,158.69
1783574516,433,98604.61,25.31,158.69,98604.68,158.69
1783574516,434,98604.61,25.31,158.69,98604.66,158.69
1783574516,435,98604.61,25.31,158.69,98604.64,158.69
1783574516,435,98604.61,25.31,158.69,98604.64,158.69
1783574517,437,98604.61,25.31,158.69,98604.61,158.69
1783574517,438,98604.61,25.31,158.69,98604.61,158.69
1783574517,439,98604.94,25.31,158.67,98604.7,158.69
1783574517,440,98604.94,25.31,158.67,98604.76,158.68
1783574517,441,98604.61,25.31,158.69,98604.72,158.68
1783574517,442,98604.61,25.31,158.69,98604.69,158.69
1783574517,443,98604.61,25.31,158.69,98604.66,158.69
1783574517,444,98604.61,25.31,158.69,98604.65,158.69
1783574517,444,98604.61,25.31,158.69,98604.65,158.69
1783574518,446,98605.36,25.32,158.63,98604.92,158.67
1783574518,447,98605.36,25.32,158.63,98605.03,158.66
1783574518,448,98605.36,25.32,158.63,98605.12,158.65
1783574518,449,98605.36,25.32,158.63,98605.18,158.65
1783574518,450,98605.36,25.32,158.63,98605.23,158.65
1783574518,451,98605.36,25.32,158.63,98605.26,158.64
1783574518,452,98605.03,25.32,158.66,98605.2,158.65
1783574518,453,98604.72,25.32,158.69,98605.07,158.66
1783574519,453,98604.72,25.32,158.69,98605.07,158.66
1783574519,455,98604.81,25.32,158.68,98604.73,158.69
1783574519,456,98604.81,25.32,158.68,98604.75,158.69
1783574519,457,98604.81,25.32,158.68,98604.77,158.69
1783574519,458,98605.14,25.32,158.65,98604.86,158.68
1783574519,459,98605.14,25.32,158.65,98604.93,158.67
1783574519,460,98604.72,25.32,158.69,98604.88,158.68
1783574519,461,98604.72,25.32,158.69,98604.84,158.68
1783574519,462,98605.03,25.32,158.66,98604.88,158.68
1783574520,462,98605.03,25.32,158.66,98604.88,158.68
1783574520,464,98604.94,25.31,158.67,98605.02,158.66
1783574520,465,98605.27,25.31,158.64,98605.09,158.65
1783574520,466,98605.59,25.31,158.61,98605.22,158.64
1783574520,467,98605.2,25.31,158.64,98605.21,158.64
1783574520,468,98605.52,25.31,158.61,98605.29,158.63
1783574520,469,98605.84,25.31,158.58,98605.43,158.62
1783574520,470,98605.42,25.31,158.62,98605.42,158.62
1783574521,471,98605.75,25.31,158.59,98605.51,158.61
1783574521,471,98605.75,25.31,158.59,98605.51,158.61
1783574521,473,98606.3,25.31,158.54,98605.92,158.58
1783574521,474,98606.2,25.3,158.55,98606.0,158.57
1783574521,475,98606.2,25.3,158.55,98606.05,158.56
1783574521,476,98606.2,25.3,158.55,98606.09,158.56
1783574521,477,98606.1,25.3,158.56,98606.09,158.56
1783574521,478,98606.03,25.3,158.56,98606.08,158.56
1783574522,479,98606.36,25.3,158.53,98606.15,158.55
1783574522,480,98606.27,25.3,158.54,98606.18,158.55
1783574522,480,98606.27,25.3,158.54,98606.18,158.55
1783574522,482,98606.81,25.29,158.49,98606.45,158.52
1783574522,483,98606.39,25.29,158.53,98606.44,158.52
1783574522,484,98606.39,25.29,158.53,98606.43,158.52
1783574522,485,98606.62,25.29,158.51,98606.48,158.52
1783574522,486,98606.62,25.29,158.51,98606.52,158.51
1783574522,487,98606.23,25.29,158.54,98606.45,158.52
1783574523,488,98606.55,25.29,158.51,98606.48,158.52
1783574523,489,98606.55,25.29,158.51,98606.5,158.52
1783574523,489,98606.55,25.29,158.51,98606.5,158.52
1783574523,491,98606.55,25.29,158.51,98606.54,158.51
1783574523,492,98606.55,25.29,158.51,98606.55,158.51
1783574523,493,98606.23,25.29,158.54,98606.47,158.52
1783574523,494,98605.91,25.29,158.57,98606.33,158.53
1783574523,495,98605.91,25.29,158.57,98606.22,158.54
1783574524,496,98605.58,25.29,158.6,98606.05,158.56
1783574524,497,98605.58,25.29,158.6,98605.93,158.57
1783574524,498,98605.97,25.29,158.56,98605.95,158.57
1783574524,498,98605.97,25.29,158.56,98605.95,158.57
1783574524,500,98605.64,25.29,158.59,98605.82,158.58
1783574524,501,98605.64,25.29,158.59,98605.77,158.58
1783574524,502,98605.64,25.29,158.59,98605.74,158.58
1783574524,503,98605.74,25.29,158.58,98605.74,158.58
1783574525,504,98605.74,25.29,158.58,98605.74,158.58
1783574525,505,98605.74,25.29,158.58,98605.74,158.58
1783574525,506,98604.99,25.29,158.65,98605.55,158.6
1783574525,507,98604.99,25.29,158.65,98605.41,158.61
1783574525,507,98604.99,25.29,158.65,98605.41,158.61
1783574525,509,98605.32,25.29,158.62,98605.32,158.62
1783574525,510,98604.92,25.29,158.66,98605.22,158.63
1783574525,511,98604.61,25.29,158.68,98605.06,158.64
1783574525,512,98604.92,25.29,158.66,98605.03,158.65
1783574526,513,98604.92,25.29,158.66,98605.01,158.65
1783574526,514,98604.5,25.28,158.69,98604.88,158.65
1783574526,515,98604.19,25.28,158.72,98604.7,158.67
1783574526,516,98604.19,25.28,158.72,98604.56,158.68
1783574526,516,98604.19,25.28,158.72,98604.56,158.68
1783574526,518,98604.5,25.28,158.69,98604.52,158.69
1783574526,519,98604.5,25.28,158.69,98604.52,158.69
1783574526,520,98604.83,25.28,158.66,98604.6,158.68
1783574527,521,98604.5,25.28,158.69,98604.58,158.68
1783574527,522,98604.5,25.28,158.69,98604.56,158.68
1783574527,523,98604.5,25.28,158.69,98604.55,158.68
1783574527,524,98604.19,25.28,158.72,98604.45,158.69
1783574527,525,98604.19,25.28,158.72,98604.38,158.7
1783574527,525,98604.19,25.28,158.72,98604.38,158.7
1783574527,527,98604.28,25.29,158.71,98604.4,158.7
1783574527,528,98604.28,25.29,158.71,98604.37,158.7
1783574527,529,98604.28,25.29,158.71,98604.34,158.71
1783574528,530,98604.28,25.29,158.71,98604.33,158.71
1783574528,531,98603.95,25.29,158.74,98604.23,158.72
1783574528,532,98603.95,25.29,158.74,98604.16,158.72
1783574528,533,98603.95,25.29,158.74,98604.11,158.73
1783574528,534,98604.28,25.29,158.71,98604.16,158.72
1783574528,534,98604.28,25.29,158.71,98604.16,158.72
1783574528,536,98604.28,25.29,158.71,98604.29,158.71
1783574528,537,98604.28,25.29,158.71,98604.29,158.71
1783574529,538,98604.28,25.29,158.71,98604.29,158.71
1783574529,539,98604.28,25.29,158.71,98604.29,158.71
1783574529,540,98604.28,25.29,158.71,98604.29,158.71
1783574529,541,98604.61,25.29,158.68,98604.38,158.7
1783574529,542,98604.19,25.28,158.72,98604.33,158.7
1783574529,543,98603.86,25.28,158.74,98604.21,158.71
1783574529,543,98603.86,25.28,158.74,98604.21,158.71
1783574529,545,98603.86,25.28,158.74,98604.08,158.73
1783574530,546,98603.86,25.28,158.74,98604.02,158.73
1783574530,547,98603.86,25.28,158.74,98603.98,158.73
1783574530,548,98604.19,25.28,158.72,98604.04,158.73
1783574530,549,98604.19,25.28,158.72,98604.08,158.73
1783574530,550,98604.19,25.28,158.72,98604.11,158.72
1783574530,551,98604.19,25.28,158.72,98604.13,158.72
1783574530,552,98604.5,25.28,158.69,98604.23,158.71
1783574530,552,98604.5,25.28,158.69,98604.23,158.71
1783574530,554,98603.86,25.28,158.74,98604.12,158.72
1783574531,555,98603.76,25.28,158.75,98604.02,158.73
1783574531,556,98603.76,25.28,158.75,98603.95,158.74
1783574531,557,98603.76,25.28,158.75,98603.91,158.74
1783574531,558,98604.19,25.28,158.72,98603.98,158.73
1783574531,559,98603.76,25.28,158.75,98603.93,158.74
1783574531,560,98603.76,25.28,158.75,98603.89,158.74
1783574531,561,98604.08,25.28,158.73,98603.95,158.74
1783574531,561,98604.08,25.28,158.73,98603.95,158.74
1783574532,563,98604.41,25.28,158.7,98604.27,158.71
1783574532,564,98604.08,25.28,158.73,98604.23,158.71
1783574532,565,98604.08,25.28,158.73,98604.19,158.72
1783574532,566,98604.41,25.28,158.7,98604.25,158.71
1783574532,567,98604.41,25.28,158.7,98604.29,158.71
1783574532,568,98604.08,25.28,158.73,98604.23,158.71
1783574532,569,98604.41,25.28,158.7,98604.28,158.71
1783574532,570,98604.08,25.28,158.73,98604.23,158.71
1783574532,570,98604.08,25.28,158.73,98604.23,158.71
1783574533,572,98604.41,25.28,158.7,98604.36,158.7
1783574533,573,98604.41,25.28,158.7,98604.38,158.7
1783574533,574,98604.41,25.28,158.7,98604.38,158.7
1783574533,575,98604.41,25.28,158.7,98604.39,158.7
1783574533,576,98604.41,25.28,158.7,98604.4,158.7
1783574533,577,98604.08,25.28,158.73,98604.32,158.7
1783574533,578,98604.08,25.28,158.73,98604.26,158.71
1783574533,579,98604.5,25.28,158.69,98604.32,158.7
1783574533,579,98604.5,25.28,158.69,98604.32,158.7
1783574534,581,98603.86,25.28,158.74,98604.23,158.71
1783574534,582,98603.95,25.29,158.74,98604.16,158.72
1783574534,583,98603.95,25.29,158.74,98604.1,158.73
1783574534,584,98603.95,25.29,158.74,98604.06,158.73
1783574534,585,98603.95,25.29,158.74,98604.04,158.73
1783574534,586,98603.63,25.29,158.77,98603.93,158.74
1783574534,587,98603.31,25.29,158.8,98603.77,158.76
1783574534,588,98604.02,25.29,158.74,98603.84,158.75
1783574535,588,98604.02,25.29,158.74,98603.84,158.75
1783574535,590,98604.02,25.29,158.74,98603.84,158.75
1783574535,591,98603.7,25.29,158.76,98603.8,158.75
1783574535,592,98603.7,25.29,158.76,98603.78,158.76
1783574535,593,98603.7,25.29,158.76,98603.76,158.76
1783574535,594,98603.7,25.29,158.76,98603.74,158.76
1783574535,595,98604.02,25.29,158.74,98603.81,158.75
1783574535,596,98604.02,25.29,158.74,98603.87,158.75
1783574536,597,98603.63,25.29,158.77,98603.8,158.75
1783574536,597,98603.63,25.29,158.77,98603.8,158.75
1783574536,599,98603.7,25.29,158.76,98603.67,158.77
1783574536,600,98603.7,25.29,158.76,98603.68,158.77
1783574536,601,98604.02,25.29,158.74,98603.77,158.76
1783574536,602,98604.02,25.29,158.74,98603.84,158.75
1783574536,603,98604.02,25.29,158.74,98603.88,158.75
1783574536,604,98603.7,25.29,158.76,98603.84,158.75
1783574536,605,98603.7,25.29,158.76,98603.8,158.75
1783574537,606,98603.7,25.29,158.76,98603.78,158.76
1783574537,606,98603.7,25.29,158.76,98603.78,158.76
1783574537,608,98603.7,25.29,158.76,98603.73,158.76
1783574537,609,98603.8,25.29,158.76,98603.75,158.76
1783574537,610,98604.12,25.29,158.73,98603.84,158.75
1783574537,611,98604.12,25.29,158.73,98603.91,158.75
1783574537,612,98603.8,25.29,158.76,98603.88,158.75
1783574537,613,98603.8,25.29,158.76,98603.86,158.75
1783574538,614,98604.12,25.29,158.73,98603.93,158.74
1783574538,615,98603.8,25.29,158.76,98603.9,158.75
1783574538,615,98603.8,25.29,158.76,98603.9,158.75
1783574538,617,98603.47,25.29,158.78,98603.69,158.77
1783574538,618,98603.47,25.29,158.78,98603.63,158.77
1783574538,619,98603.47,25.29,158.78,98603.59,158.77
1783574538,620,98603.47,25.29,158.78,98603.56,158.78
1783574538,621,98603.14,25.29,158.81,98603.45,158.79
1783574538,622,98603.14,25.29,158.81,98603.38,158.79
1783574539,623,98603.14,25.29,158.81,98603.31,158.8
1783574539,624,98603.14,25.29,158.81,98603.27,158.8
1783574539,624,98603.14,25.29,158.81,98603.27,158.8
1783574539,626,98603.14,25.29,158.81,98603.19,158.81
1783574539,627,98603.14,25.29,158.81,98603.18,158.81
1783574539,628,98603.24,25.29,158.8,98603.2,158.81
1783574539,629,98603.57,25.29,158.78,98603.3,158.8
1783574539,630,98603.57,25.29,158.78,98603.37,158.79
1783574540,631,98603.24,25.29,158.8,98603.34,158.8
1783574540,632,98603.57,25.29,158.78,98603.4,158.79
1783574540,633,98603.57,25.29,158.78,98603.45,158.79
1783574540,633,98603.57,25.29,158.78,98603.45,158.79
1783574540,635,98603.89,25.29,158.75,98603.62,158.77
1783574540,636,98603.89,25.29,158.75,98603.69,158.77
1783574540,637,98604.22,25.29,158.72,98603.83,158.75
1783574540,638,98604.22,25.29,158.72,98603.93,158.74
1783574541,639,98604.22,25.29,158.72,98604.01,158.74
1783574541,640,98604.22,25.29,158.72,98604.06,158.73
1783574541,641,98604.22,25.29,158.72,98604.1,158.73
1783574541,642,98604.22,25.29,158.72,98604.13,158.73
1783574541,642,98604.22,25.29,158.72,98604.13,158.73
1783574541,644,98604.97,25.3,158.66,98604.49,158.7
1783574541,645,98604.97,25.3,158.66,98604.62,158.69
1783574541,646,98605.29,25.3,158.63,98604.79,158.67
1783574541,647,98605.29,25.3,158.63,98604.92,158.66
1783574542,648,98605.29,25.3,158.63,98605.02,158.65
1783574542,649,98604.97,25.3,158.66,98605.0,158.65
1783574542,650,98604.97,25.3,158.66,98604.99,158.66
1783574542,651,98604.97,25.3,158.66,98604.98,158.66
1783574542,651,98604.97,25.3,158.66,98604.98,158.66
1783574542,653,98605.45,25.3,158.61,98605.22,158.63
1783574542,654,98605.13,25.3,158.64,98605.2,158.64
1783574542,655,98605.13,25.3,158.64,98605.18,158.64
1783574543,656,98605.13,25.3,158.64,98605.16,158.64
1783574543,657,98604.8,25.3,158.67,98605.07,158.65
1783574543,658,98604.8,25.3,158.67,98605.0,158.65
1783574543,659,98604.91,25.3,158.66,98604.98,158.66
1783574543,660,98604.91,25.3,158.66,98604.96,158.66
1783574543,660,98604.91,25.3,158.66,98604.96,158.66
1783574543,662,98604.58,25.3,158.69,98604.84,158.67
1783574543,663,98604.58,25.3,158.69,98604.77,158.68
1783574544,664,98604.25,25.3,158.72,98604.63,158.69
1783574544,665,98604.25,25.3,158.72,98604.53,158.7
1783574544,666,98604.25,25.3,158.72,98604.46,158.7
1783574544,667,98604.25,25.3,158.72,98604.41,158.71
1783574544,668,98604.25,25.3,158.72,98604.37,158.71
1783574544,669,98604.25,25.3,158.72,98604.34,158.71
1783574544,669,98604.25,25.3,158.72,98604.34,158.71
1783574544,671,98604.03,25.31,158.75,98604.26,158.73
1783574544,672,98604.03,25.31,158.75,98604.2,158.73
1783574545,673,98604.03,25.31,158.75,98604.15,158.74
1783574545,674,98604.03,25.31,158.75,98604.12,158.74
1783574545,675,98603.7,25.31,158.77,98604.01,158.75
1783574545,676,98603.7,25.31,158.77,98603.93,158.75
1783574545,677,98603.38,25.31,158.8,98603.78,158.77
1783574545,678,98603.8,25.31,158.77,98603.79,158.77
1783574545,678,98603.8,25.31,158.77,98603.79,158.77
1783574545,680,98603.48,25.31,158.79,98603.75,158.77
1783574546,681,98603.48,25.31,158.79,98603.68,158.78
1783574546,682,98603.48,25.31,158.79,98603.63,158.78
1783574546,683,98603.48,25.31,158.79,98603.59,158.79
1783574546,684,98603.48,25.31,158.79,98603.55,158.79
1783574546,685,98603.15,25.31,158.82,98603.45,158.8
1783574546,686,98603.15,25.31,158.82,98603.37,158.8
1783574546,687,98603.15,25.31,158.82,98603.3,158.81
1783574546,687,98603.15,25.31,158.82,98603.3,158.81
1783574547,689,98603.15,25.31,158.82,98603.2,158.82
1783574547,690,98603.15,25.31,158.82,98603.18,158.82
1783574547,691,98603.15,25.31,158.82,98603.17,158.82
1783574547,692,98603.15,25.31,158.82,98603.16,158.82
1783574547,693,98603.15,25.31,158.82,98603.16,158.82
1783574547,694,98603.15,25.31,158.82,98603.15,158.82
1783574547,695,98603.15,25.31,158.82,98603.15,158.82
1783574547,696,98603.15,25.31,158.82,98603.15,158.82
1783574547,696,98603.15,25.31,158.82,98603.15,158.82
1783574548,698,98603.05,25.31,158.83,98603.23,158.82
1783574548,699,98603.05,25.31,158.83,98603.19,158.82
1783574548,700,98603.05,25.31,158.83,98603.15,158.82
1783574548,701,98603.05,25.31,158.83,98603.13,158.83
1783574548,702,98603.05,25.31,158.83,98603.1,158.83
1783574548,703,98603.05,25.31,158.83,98603.09,158.83
1783574548,704,98603.05,25.31,158.83,98603.08,158.83
1783574548,705,98603.38,25.31,158.8,98603.16,158.82
1783574548,705,98603.38,25.31,158.8,98603.16,158.82
1783574549,707,98603.05,25.31,158.83,98603.22,158.82
1783574549,708,98603.38,25.31,158.8,98603.26,158.81
1783574549,709,98602.95,25.3,158.84,98603.19,158.81
1783574549,710,98602.95,25.3,158.84,98603.13,158.82
1783574549,711,98602.95,25.3,158.84,98603.08,158.82
1783574549,712,98602.95,25.3,158.84,98603.05,158.83
1783574549,713,98602.95,25.3,158.84,98603.02,158.83
1783574549,714,98602.86,25.3,158.84,98602.98,158.83
1783574549,714,98602.86,25.3,158.84,98602.98,158.83
1783574550,716,98603.5,25.3,158.79,98603.31,158.8
1783574550,717,98603.83,25.3,158.76,98603.45,158.79
1783574550,718,98603.44,25.3,158.79,98603.45,158.79
1783574550,719,98603.44,25.3,158.79,98603.45,158.79
1783574550,720,98603.44,25.3,158.79,98603.45,158.79
1783574550,721,98603.44,25.3,158.79,98603.45,158.79
1783574550,722,98603.77,25.3,158.76,98603.53,158.78
1783574550,723,98603.77,25.3,158.76,98603.59,158.78
1783574551,723,98603.77,25.3,158.76,98603.59,158.78
1783574551,725,98603.77,25.3,158.76,98603.6,158.78
1783574551,726,98603.44,25.3,158.79,98603.56,158.78
1783574551,727,98603.44,25.3,158.79,98603.53,158.78
1783574551,728,98603.44,25.3,158.79,98603.51,158.79
1783574551,729,98603.11,25.3,158.82,98603.41,158.8
1783574551,730,98603.11,25.3,158.82,98603.33,158.8
1783574551,731,98602.79,25.3,158.85,98603.19,158.81
1783574552,732,98603.11,25.3,158.82,98603.16,158.82
1783574552,732,98603.11,25.3,158.82,98603.16,158.82
1783574552,734,98602.79,25.3,158.85,98603.05,158.83
1783574552,735,98602.79,25.3,158.85,98602.98,158.83
1783574552,736,98602.05,25.3,158.92,98602.73,158.86
1783574552,737,98602.05,25.3,158.92,98602.55,158.87
1783574552,738,98602.05,25.3,158.92,98602.42,158.88
1783574552,739,98602.37,25.3,158.89,98602.41,158.88
1783574552,740,98602.37,25.3,158.89,98602.4,158.88
1783574553,741,98601.95,25.29,158.92,98602.29,158.89
1783574553,741,98601.95,25.29,158.92,98602.29,158.89
1783574553,743,98601.95,25.29,158.92,98602.05,158.91
1783574553,744,98601.95,25.29,158.92,98602.03,158.91
1783574553,745,98601.62,25.29,158.95,98601.92,158.92
1783574553,746,98602.05,25.3,158.92,98601.95,158.93
1783574553,747,98601.62,25.29,158.95,98601.87,158.93
1783574553,748,98601.62,25.29,158.95,98601.8,158.93
1783574554,749,98601.62,25.29,158.95,98601.76,158.94
1783574554,750,98601.62,25.29,158.95,98601.73,158.94
1783574554,750,98601.62,25.29,158.95,98601.73,158.94
1783574554,752,98601.95,25.29,158.92,98601.8,158.93
1783574554,753,98601.95,25.29,158.92,98601.84,158.93
1783574554,754,98601.95,25.29,158.92,98601.88,158.93
1783574554,755,98601.84,25.29,158.93,98601.87,158.93
1783574554,756,98601.84,25.29,158.93,98601.86,158.93
1783574555,757,98601.84,25.29,158.93,98601.86,158.93
1783574555,758,98601.84,25.29,158.93,98601.86,158.93
1783574555,759,98602.17,25.29,158.9,98601.95,158.92
1783574555,759,98602.17,25.29,158.9,98601.95,158.92
1783574555,761,98602.08,25.29,158.91,98601.9,158.92
1783574555,762,98601.69,25.29,158.94,98601.84,158.93
1783574555,763,98601.69,25.29,158.94,98601.8,158.93
1783574555,764,98602.0,25.29,158.91,98601.86,158.93
1783574555,765,98602.0,25.29,158.91,98601.9,158.92
1783574556,766,98602.0,25.29,158.91,98601.93,158.92
1783574556,767,98602.33,25.29,158.89,98602.04,158.91
1783574556,768,98602.33,25.29,158.89,98602.12,158.9
1783574556,768,98602.33,25.29,158.89,98602.12,158.9
1783574556,770,98602.66,25.29,158.86,98602.46,158.87
1783574556,771,98602.66,25.29,158.86,98602.52,158.87
1783574556,772,98602.66,25.29,158.86,98602.55,158.87
1783574556,773,98602.66,25.29,158.86,98602.59,158.86
1783574557,774,98602.66,25.29,158.86,98602.61,158.86
1783574557,775,98602.56,25.28,158.86,98602.6,158.86
1783574557,776,98602.56,25.28,158.86,98602.59,158.86
1783574557,777,98602.56,25.28,158.86,98602.59,158.86
1783574557,777,98602.56,25.28,158.86,98602.59,158.86
1783574557,779,98602.56,25.28,158.86,98602.63,158.85
1783574557,780,98602.56,25.28,158.86,98602.62,158.85
1783574557,781,98602.56,25.28,158.86,98602.6,158.86
1783574558,782,98602.56,25.28,158.86,98602.59,158.86
1783574558,783,98602.56,25.28,158.86,98602.59,158.86
1783574558,784,98602.56,25.28,158.86,98602.58,158.86
1783574558,785,98602.23,25.28,158.89,98602.49,158.87
1783574558,786,98602.56,25.28,158.86,98602.52,158.86
1783574558,786,98602.56,25.28,158.86,98602.52,158.86
1783574558,788,98602.23,25.28,158.89,98602.32,158.88
1783574558,789,98602.23,25.28,158.89,98602.3,158.88
1783574558,790,98601.91,25.28,158.92,98602.2,158.89
1783574559,791,98602.23,25.28,158.89,98602.21,158.89
1783574559,792,98602.33,25.29,158.89,98602.24,158.89
1783574559,793,98602.33,25.29,158.89,98602.27,158.89
1783574559,794,98602.33,25.29,158.89,98602.28,158.89
1783574559,795,98602.33,25.29,158.89,98602.3,158.89
1783574559,795,98602.33,25.29,158.89,98602.3,158.89
1783574559,797,98602.39,25.29,158.88,98602.23,158.89
1783574559,798,98602.08,25.29,158.91,98602.2,158.9
1783574560,799,98602.08,25.29,158.91,98602.16,158.9
1783574560,800,98601.75,25.29,158.94,98602.05,158.91
1783574560,801,98601.42,25.29,158.97,98601.89,158.92
1783574560,802,98601.84,25.29,158.93,98601.88,158.92
1783574560,803,98601.52,25.29,158.96,98601.79,158.93
1783574560,804,98601.52,25.29,158.96,98601.72,158.94
1783574560,804,98601.52,25.29,158.96,98601.72,158.94
1783574560,806,98601.52,25.29,158.96,98601.58,158.95
1783574560,807,98601.52,25.29,158.96,98601.56,158.95
1783574561,808,98601.52,25.29,158.96,98601.55,158.95
1783574561,809,98601.95,25.29,158.92,98601.66,158.95
1783574561,810,98601.95,25.29,158.92,98601.73,158.94
1783574561,811,98601.62,25.29,158.95,98601.7,158.94
1783574561,812,98601.62,25.29,158.95,98601.68,158.94
1783574561,813,98601.62,25.29,158.95,98601.66,158.94
1783574561,813,98601.62,25.29,158.95,98601.66,158.94
1783574561,815,98602.05,25.3,158.92,98601.59,158.96
1783574562,816,98601.72,25.3,158.95,98601.63,158.95
1783574562,817,98601.72,25.3,158.95,98601.65,158.95
1783574562,818,98602.05,25.3,158.92,98601.75,158.94
1783574562,819,98602.05,25.3,158.92,98601.83,158.94
1783574562,820,98602.47,25.3,158.88,98601.99,158.92
1783574562,821,98602.47,25.3,158.88,98602.12,158.91
1783574562,822,98602.47,25.3,158.88,98602.21,158.9
1783574562,822,98602.47,25.3,158.88,98602.21,158.9
1783574563,824,98602.53,25.3,158.87,98602.44,158.88
1783574563,825,98602.95,25.3,158.84,98602.57,158.87
1783574563,826,98602.95,25.3,158.84,98602.67,158.86
1783574563,827,98602.63,25.3,158.86,98602.66,158.86
1783574563,828,98602.63,25.3,158.86,98602.65,158.86
1783574563,829,98602.63,25.3,158.86,98602.64,158.86
1783574563,830,98602.63,25.3,158.86,98602.63,158.86
1783574563,831,98602.63,25.3,158.86,98602.63,158.86
1783574563,831,98602.63,25.3,158.86,98602.63,158.86
1783574564,833,98602.63,25.3,158.86,98602.66,158.86
1783574564,834,98602.63,25.3,158.86,98602.66,158.86
1783574564,835,98602.31,25.3,158.89,98602.57,158.87
1783574564,836,98602.31,25.3,158.89,98602.5,158.88
1783574564,837,98602.31,25.3,158.89,98602.45,158.88
1783574564,838,98602.73,25.31,158.86,98602.52,158.88
1783574564,839,98602.73,25.31,158.86,98602.57,158.87
1783574564,840,98602.73,25.31,158.86,98602.61,158.87
1783574564,840,98602.73,25.31,158.86,98602.61,158.87
1783574565,842,98602.83,25.31,158.85,98602.57,158.87
1783574565,843,98602.83,25.31,158.85,98602.63,158.87
1783574565,844,98602.5,25.31,158.88,98602.59,158.87
1783574565,845,98602.5,25.31,158.88,98602.57,158.87
1783574565,846,98602.5,25.31,158.88,98602.55,158.88
1783574565,847,98602.5,25.31,158.88,98602.53,158.88
1783574565,848,98602.18,25.31,158.91,98602.44,158.89
1783574565,849,98602.18,25.31,158.91,98602.37,158.89
1783574566,849,98602.18,25.31,158.91,98602.37,158.89
1783574566,851,98602.27,25.31,158.9,98602.33,158.9
1783574566,852,98601.95,25.31,158.93,98602.23,158.91
1783574566,853,98601.95,25.31,158.93,98602.16,158.91
1783574566,854,98601.95,25.31,158.93,98602.1,158.92
1783574566,855,98601.95,25.31,158.93,98602.06,158.92
1783574566,856,98601.95,25.31,158.93,98602.03,158.92
1783574566,857,98601.95,25.31,158.93,98602.01,158.92
1783574566,858,98601.95,25.31,158.93,98601.99,158.93
1783574567,858,98601.95,25.31,158.93,98601.99,158.93
1783574567,860,98602.27,25.31,158.9,98602.15,158.91
1783574567,861,98602.27,25.31,158.9,98602.18,158.91
1783574567,862,98602.27,25.31,158.9,98602.2,158.91
1783574567,863,98602.6,25.31,158.87,98602.3,158.9
1783574567,864,98602.6,25.31,158.87,98602.38,158.89
1783574567,865,98602.6,25.31,158.87,98602.44,158.89
1783574567,866,98602.92,25.31,158.84,98602.56,158.88
1783574568,867,98602.92,25.31,158.84,98602.66,158.87
1783574568,867,98602.92,25.31,158.84,98602.66,158.87
1783574568,869,98602.92,25.31,158.84,98602.84,158.85
1783574568,870,98602.92,25.31,158.84,98602.86,158.85
1783574568,871,98602.83,25.31,158.85,98602.85,158.85
1783574568,872,98602.83,25.31,158.85,98602.84,158.85
1783574568,873,98603.15,25.31,158.82,98602.92,158.84
1783574568,874,98603.15,25.31,158.82,98602.98,158.84
1783574569,875,98603.58,25.31,158.79,98603.13,158.82
1783574569,876,98603.15,25.31,158.82,98603.13,158.82
1783574569,876,98603.15,25.31,158.82,98603.13,158.82
1783574569,878,98603.15,25.31,158.82,98603.13,158.82
1783574569,879,98603.15,25.31,158.82,98603.13,158.82
1783574569,880,98603.15,25.31,158.82,98603.13,158.82
1783574569,881,98603.15,25.31,158.82,98603.13,158.82
1783574569,882,98603.15,25.31,158.82,98603.13,158.82
1783574569,883,98603.15,25.31,158.82,98603.13,158.82
1783574570,884,98603.15,25.31,158.82,98603.13,158.82
1783574570,885,98603.15,25.31,158.82,98603.13,158.82
1783574570,885,98603.15,25.31,158.82,98603.13,158.82
1783574570,887,98603.15,25.31,158.82,98603.24,158.82
1783574570,888,98603.48,25.31,158.79,98603.3,158.81
1783574570,889,98603.48,25.31,158.79,98603.34,158.81
1783574570,890,98603.15,25.31,158.82,98603.29,158.81
1783574570,891,98603.15,25.31,158.82,98603.25,158.81
1783574571,892,98603.05,25.31,158.83,98603.2,158.82
1783574571,893,98603.05,25.31,158.83,98603.16,158.82
1783574571,894,98603.05,25.31,158.83,98603.13,158.83
1783574571,894,98603.05,25.31,158.83,98603.13,158.83
1783574571,896,98603.05,25.31,158.83,98603.04,158.83
1783574571,897,98603.38,25.31,158.8,98603.13,158.83
1783574571,898,98603.28,25.3,158.81,98603.17,158.82
1783574571,899,98602.95,25.3,158.84,98603.12,158.82
1783574571,900,98602.95,25.3,158.84,98603.08,158.82
1783574572,901,98602.95,25.3,158.84,98603.05,158.83
1783574572,902,98603.28,25.3,158.81,98603.11,158.82
1783574572,903,98603.28,25.3,158.81,98603.16,158.82
1783574572,903,98603.28,25.3,158.81,98603.16,158.82
1783574572,905,98602.95,25.3,158.84,98603.16,158.82
1783574572,906,98603.28,25.3,158.81,98603.19,158.81
1783574572,907,98603.28,25.3,158.81,98603.21,158.81
1783574572,908,98602.95,25.3,158.84,98603.14,158.82
1783574573,909,98602.95,25.3,158.84,98603.09,158.82
1783574573,910,98602.95,25.3,158.84,98603.05,158.83
1783574573,911,98602.95,25.3,158.84,98603.03,158.83
1783574573,912,98602.63,25.3,158.86,98602.92,158.84
1783574573,912,98602.63,25.3,158.86,98602.92,158.84
1783574573,914,98602.63,25.3,158.86,98602.72,158.86
1783574573,915,98602.63,25.3,158.86,98602.7,158.86
1783574573,916,98602.63,25.3,158.86,98602.68,158.86
1783574574,917,98602.2,25.3,158.9,98602.55,158.87
1783574574,918,98602.2,25.3,158.9,98602.46,158.88
1783574574,919,98602.53,25.3,158.87,98602.48,158.88
1783574574,920,98602.2,25.3,158.9,98602.41,158.88
1783574574,921,98602.2,25.3,158.9,98602.35,158.89
1783574574,921,98602.2,25.3,158.9,98602.35,158.89
1783574574,923,98602.14,25.3,158.91,98602.24,158.9
1783574574,924,98602.14,25.3,158.91,98602.22,158.9
1783574574,925,98602.14,25.3,158.91,98602.2,158.9
1783574575,926,98602.14,25.3,158.91,98602.18,158.9
1783574575,927,98601.81,25.3,158.94,98602.09,158.91
1783574575,928,98602.14,25.3,158.91,98602.1,158.91
1783574575,929,98602.14,25.3,158.91,98602.11,158.91
1783574575,930,98602.14,25.3,158.91,98602.12,158.91
1783574575,930,98602.14,25.3,158.91,98602.12,158.91
1783574575,932,98602.05,25.3,158.92,98602.03,158.92
1783574575,933,98602.05,25.3,158.92,98602.04,158.92
1783574576,934,98602.05,25.3,158.92,98602.04,158.92
1783574576,935,98602.37,25.3,158.89,98602.13,158.91
1783574576,936,98602.05,25.3,158.92,98602.1,158.91
1783574576,937,98602.37,25.3,158.89,98602.17,158.9
1783574576,938,98601.95,25.29,158.92,98602.12,158.9
1783574576,939,98601.95,25.29,158.92,98602.08,158.91
1783574576,939,98601.95,25.29,158.92,98602.08,158.91
1783574576,941,98601.62,25.29,158.95,98601.84,158.93
1783574577,942,98601.62,25.29,158.95,98601.79,158.93
1783574577,943,98601.62,25.29,158.95,98601.75,158.94
1783574577,944,98601.62,25.29,158.95,98601.72,158.94
1783574577,945,98601.2,25.29,158.99,98601.59,158.95
1783574577,946,98601.2,25.29,158.99,98601.49,158.96
1783574577,947,98601.2,25.29,158.99,98601.42,158.97
1783574577,948,98601.52,25.29,158.96,98601.45,158.96
1783574577,948,98601.52,25.29,158.96,98601.45,158.96
1783574577,950,98601.75,25.29,158.94,98601.73,158.94
1783574578,951,98601.75,25.29,158.94,98601.74,158.94
1783574578,952,98601.75,25.29,158.94,98601.75,158.94
1783574578,953,98602.08,25.29,158.91,98601.84,158.93
1783574578,954,98602.08,25.29,158.91,98601.9,158.92
1783574578,955,98602.39,25.29,158.88,98602.03,158.91
1783574578,956,98602.39,25.29,158.88,98602.13,158.9
1783574578,957,98602.39,25.29,158.88,98602.2,158.9
1783574578,957,98602.39,25.29,158.88,98602.2,158.9
1783574579,959,98603.05,25.29,158.82,98602.72,158.85
1783574579,960,98603.05,25.29,158.82,98602.8,158.84
1783574579,961,98603.05,25.29,158.82,98602.87,158.84
1783574579,962,98603.05,25.29,158.82,98602.91,158.83
1783574579,963,98603.38,25.29,158.79,98603.04,158.82
1783574579,964,98603.38,25.29,158.79,98603.13,158.82
1783574579,965,98603.38,25.29,158.79,98603.2,158.81
1783574579,966,98603.05,25.29,158.82,98603.16,158.81
1783574579,966,98603.05,25.29,158.82,98603.16,158.81
1783574580,968,98602.98,25.29,158.83,98603.07,158.82
1783574580,969,98602.98,25.29,158.83,98603.05,158.82
1783574580,970,98602.98,25.29,158.83,98603.03,158.82
1783574580,971,98602.98,25.29,158.83,98603.02,158.82
1783574580,972,98602.98,25.29,158.83,98603.02,158.82
1783574580,973,98602.98,25.29,158.83,98603.01,158.83
1783574580,974,98602.66,25.29,158.86,98602.92,158.83
1783574580,975,98602.98,25.29,158.83,98602.94,158.83
1783574580,975,98602.98,25.29,158.83,98602.94,158.83
1783574581,977,98602.98,25.29,158.83,98602.98,158.83
1783574581,978,98602.98,25.29,158.83,98602.98,158.83
1783574581,979,98602.88,25.28,158.83,98602.96,158.82
1783574581,980,98602.88,25.28,158.83,98602.95,158.83
1783574581,981,98602.88,25.28,158.83,98602.93,158.83
1783574581,982,98602.88,25.28,158.83,98602.92,158.83
1783574581,983,98603.2,25.28,158.8,98603.0,158.82
1783574581,984,98603.2,25.28,158.8,98603.05,158.82
1783574582,984,98603.2,25.28,158.8,98603.05,158.82
1783574582,986,98603.44,25.28,158.78,98603.37,158.79
1783574582,987,98603.44,25.28,158.78,98603.39,158.79
1783574582,988,98603.44,25.28,158.78,98603.41,158.78
1783574582,989,98603.44,25.28,158.78,98603.41,158.78
1783574582,990,98603.44,25.28,158.78,98603.42,158.78
1783574582,991,98603.44,25.28,158.78,98603.43,158.78
1783574582,992,98603.44,25.28,158.78,98603.44,158.78
1783574583,993,98603.76,25.28,158.75,98603.52,158.77
1783574583,993,98603.76,25.28,158.75,98603.52,158.77
1783574583,995,98603.34,25.28,158.79,98603.4,158.79
1783574583,996,98603.34,25.28,158.79,98603.38,158.79
1783574583,997,98603.34,25.28,158.79,98603.38,158.79
1783574583,998,98603.34,25.28,158.79,98603.37,158.79
1783574583,999,98603.01,25.28,158.82,98603.27,158.8
1783574583,1000,98602.69,25.28,158.85,98603.13,158.81
1783574583,1001,98602.27,25.28,158.89,98602.91,158.83
1783574584,1002,98602.27,25.28,158.89,98602.74,158.84
1783574584,1002,98602.27,25.28,158.89,98602.74,158.84
1783574584,1004,98602.27,25.28,158.89,98602.41,158.87
1783574584,1005,98602.59,25.28,158.86,98602.46,158.87
1783574584,1006,98602.59,25.28,158.86,98602.49,158.87
1783574584,1007,98602.27,25.28,158.89,98602.44,158.87
1783574584,1008,98602.27,25.28,158.89,98602.4,158.87
1783574584,1009,98602.59,25.28,158.86,98602.45,158.87
1783574585,1010,98602.27,25.28,158.89,98602.41,158.87
1783574585,1011,98602.59,25.28,158.86,98602.45,158.87
1783574585,1011,98602.59,25.28,158.86,98602.45,158.87
1783574585,1013,98602.91,25.28,158.83,98602.7,158.85
1783574585,1014,98602.91,25.28,158.83,98602.75,158.84
1783574585,1015,98602.91,25.28,158.83,98602.79,158.84
1783574585,1016,98602.91,25.28,158.83,98602.82,158.84
1783574585,1017,98602.59,25.28,158.86,98602.76,158.84
1783574585,1018,98602.59,25.28,158.86,98602.72,158.85
1783574586,1019,98602.59,25.28,158.86,98602.69,158.85
1783574586,1020,98602.59,25.28,158.86,98602.66,158.85
1783574586,1020,98602.59,25.28,158.86,98602.66,158.85
1783574586,1022,98602.59,25.28,158.86,98602.62,158.85
1783574586,1023,98602.59,25.28,158.86,98602.61,158.86
1783574586,1024,98602.59,25.28,158.86,98602.6,158.86
1783574586,1025,98602.27,25.28,158.89,98602.52,158.86
1783574586,1026,98602.27,25.28,158.89,98602.45,158.87
1783574587,1027,98602.27,25.28,158.89,98602.41,158.87
1783574587,1028,98602.27,25.28,158.89,98602.38,158.88
1783574587,1029,98601.94,25.28,158.91,98602.27,158.89
1783574587,1029,98601.94,25.28,158.91,98602.27,158.89
1783574587,1031,98601.94,25.28,158.91,98602.04,158.91
1783574587,1032,98601.94,25.28,158.91,98602.02,158.91
1783574587,1033,98601.94,25.28,158.91,98602.0,158.91
1783574587,1034,98601.94,25.28,158.91,98601.98,158.91
1783574588,1035,98601.94,25.28,158.91,98601.98,158.91
1783574588,1036,98601.94,25.28,158.91,98601.97,158.91
1783574588,1037,98601.61,25.28,158.94,98601.88,158.92
1783574588,1038,98602.03,25.28,158.91,98601.91,158.92
1783574588,1038,98602.03,25.28,158.91,98601.91,158.92
1783574588,1040,98602.69,25.28,158.85,98602.34,158.88
1783574588,1041,98602.69,25.28,158.85,98602.44,158.87
1783574588,1042,98603.01,25.28,158.82,98602.59,158.86
1783574588,1043,98602.69,25.28,158.85,98602.62,158.85
1783574589,1044,98603.11,25.28,158.81,98602.75,158.84
1783574589,1045,98602.78,25.28,158.84,98602.76,158.84
1783574589,1046,98602.78,25.28,158.84,98602.77,158.84
1783574589,1047,98602.46,25.28,158.87,98602.69,158.85
1783574589,1047,98602.46,25.28,158.87,98602.69,158.85
1783574589,1049,98602.13,25.28,158.9,98602.3,158.88
1783574589,1050,98602.13,25.28,158.9,98602.27,158.89
1783574589,1051,98602.13,25.28,158.9,98602.23,158.89
1783574590,1052,98602.13,25.28,158.9,98602.21,158.89
1783574590,1053,98602.03,25.28,158.91,98602.16,158.89
1783574590,1054,98602.03,25.28,158.91,98602.13,158.9
1783574590,1055,98601.71,25.28,158.94,98602.02,158.91
1783574590,1056,98602.03,25.28,158.91,98602.03,158.91
1783574590,1056,98602.03,25.28,158.91,98602.03,158.91
1783574590,1058,98601.94,25.28,158.91,98601.98,158.91
1783574590,1059,98602.27,25.28,158.89,98602.05,158.9
1783574591,1060,98602.27,25.28,158.89,98602.11,158.9
1783574591,1061,98601.88,25.27,158.92,98602.05,158.9
1783574591,1062,98601.88,25.27,158.92,98602.02,158.9
1783574591,1063,98601.88,25.27,158.92,98601.98,158.91
1783574591,1064,98601.88,25.27,158.92,98601.96,158.91
1783574591,1065,98601.88,25.27,158.92,98601.95,158.91
1783574591,1065,98601.88,25.27,158.92,98601.95,158.91
1783574591,1067,98601.67,25.27,158.93,98601.81,158.92
1783574591,1068,98601.67,25.27,158.93,98601.78,158.92
1783574592,1069,98601.67,25.27,158.93,98601.76,158.93
1783574592,1070,98602.0,25.27,158.9,98601.83,158.92
1783574592,1071,98601.9,25.27,158.91,98601.85,158.92
1783574592,1072,98601.9,25.27,158.91,98601.87,158.92
1783574592,1073,98601.9,25.27,158.91,98601.88,158.91
1783574592,1074,98601.84,25.26,158.91,98601.88,158.91
1783574592,1074,98601.84,25.26,158.91,98601.88,158.91
1783574592,1076,98602.16,25.26,158.89,98601.95,158.9
1783574593,1077,98601.84,25.26,158.91,98601.92,158.91
1783574593,1078,98601.73,25.26,158.92,98601.88,158.91
1783574593,1079,98602.06,25.26,158.89,98601.94,158.9
1783574593,1080,98602.06,25.26,158.89,98601.98,158.9
1783574593,1081,98601.73,25.26,158.92,98601.92,158.91
1783574593,1082,98602.06,25.26,158.89,98601.96,158.9
1783574593,1083,98601.64,25.26,158.93,98601.88,158.91
1783574593,1083,98601.64,25.26,158.93,98601.88,158.91
1783574594,1085,98601.97,25.26,158.9,98601.96,158.9
1783574594,1086,98601.97,25.26,158.9,98601.97,158.9
1783574594,1087,98601.64,25.26,158.93,98601.89,158.91
1783574594,1088,98601.97,25.26,158.9,98601.91,158.91
1783574594,1089,98601.97,25.26,158.9,98601.94,158.9
1783574594,1090,98601.64,25.26,158.93,98601.87,158.91
1783574594,1091,98601.97,25.26,158.9,98601.9,158.91
1783574594,1092,98601.97,25.26,158.9,98601.92,158.91
1783574594,1092,98601.97,25.26,158.9,98601.92,158.91
1783574595,1094,98601.97,25.26,158.9,98602.0,158.9
1783574595,1095,98601.64,25.26,158.93,98601.91,158.91
1783574595,1096,98601.64,25.26,158.93,98601.85,158.91
1783574595,1097,98602.06,25.26,158.89,98601.91,158.91
1783574595,1098,98602.06,25.26,158.89,98601.96,158.9
1783574595,1099,98602.06,25.26,158.89,98601.99,158.9
1783574595,1100,98602.06,25.26,158.89,98602.02,158.9
1783574595,1101,98602.06,25.26,158.89,98602.03,158.9
1783574595,1101,98602.06,25.26,158.89,98602.03,158.9
1783574596,1103,98602.38,25.26,158.87,98602.29,158.87
1783574596,1104,98602.48,25.26,158.86,98602.34,158.87
1783574596,1105,98602.48,25.26,158.86,98602.38,158.87
1783574596,1106,98602.48,25.26,158.86,98602.41,158.86
1783574596,1107,98602.16,25.26,158.89,98602.35,158.87
1783574596,1108,98602.16,25.26,158.89,98602.3,158.87
1783574596,1109,98602.55,25.27,158.86,98602.37,158.87
1783574596,1110,98602.23,25.27,158.88,98602.34,158.87
1783574596,1110,98602.23,25.27,158.88,98602.34,158.87
1783574597,1112,98602.33,25.27,158.88,98602.27,158.88
1783574597,1113,98603.08,25.27,158.81,98602.48,158.86
1783574597,1114,98603.08,25.27,158.81,98602.64,158.85
1783574597,1115,98602.75,25.27,158.84,98602.67,158.84
1783574597,1116,98602.84,25.27,158.83,98602.72,158.84
1783574597,1117,98602.84,25.27,158.83,98602.76,158.84
1783574597,1118,98602.84,25.27,158.83,98602.78,158.83
1783574597,1119,98602.84,25.27,158.83,98602.8,158.83
1783574598,1119,98602.84,25.27,158.83,98602.8,158.83
1783574598,1121,98602.84,25.27,158.83,98602.84,158.83
1783574598,1122,98602.84,25.27,158.83,98602.85,158.83
1783574598,1123,98602.42,25.27,158.87,98602.74,158.84
1783574598,1124,98602.09,25.27,158.9,98602.58,158.85
1783574598,1125,98602.42,25.27,158.87,98602.54,158.86
1783574598,1126,98602.42,25.27,158.87,98602.52,158.86
1783574598,1127,98601.67,25.27,158.93,98602.3,158.88
1783574599,1128,98601.67,25.27,158.93,98602.14,158.89
1783574599,1128,98601.67,25.27,158.93,98602.14,158.89
1783574599,1130,98601.67,25.27,158.93,98601.94,158.91
1783574599,1131,98601.67,25.27,158.93,98601.88,158.92
1783574599,1132,98601.67,25.27,158.93,98601.83,158.92
1783574599,1133,98601.67,25.27,158.93,98601.79,158.92
1783574599,1134,98601.67,25.27,158.93,98601.77,158.92
1783574599,1135,98601.67,25.27,158.93,98601.74,158.93
1783574599,1136,98601.67,25.27,158.93,98601.73,158.93
1783574600,1137,98601.67,25.27,158.93,98601.72,158.93
1783574600,1137,98601.67,25.27,158.93,98601.72,158.93
1783574600,1139,98601.9,25.27,158.91,98601.8,158.92
1783574600,1140,98602.23,25.27,158.88,98601.92,158.91
1783574600,1141,98602.55,25.27,158.86,98602.09,158.9
1783574600,1142,98602.55,25.27,158.86,98602.21,158.89
1783574600,1143,98602.48,25.26,158.86,98602.3,158.87
1783574600,1144,98602.81,25.26,158.83,98602.44,158.86
1783574601,1145,98602.81,25.26,158.83,98602.54,158.85
1783574601,1146,98602.71,25.26,158.84,98602.59,158.85
1783574601,1146,98602.71,25.26,158.84,98602.59,158.85
1783574601,1148,98603.27,25.26,158.79,98603.01,158.81
1783574601,1149,98603.16,25.26,158.8,98603.05,158.81
1783574601,1150,98603.16,25.26,158.8,98603.09,158.8
1783574601,1151,98603.16,25.26,158.8,98603.11,158.8
1783574601,1152,98603.06,25.25,158.8,98603.1,158.8
1783574602,1153,98603.06,25.25,158.8,98603.09,158.8
1783574602,1154,98602.67,25.25,158.83,98602.99,158.81
1783574602,1155,98602.67,25.25,158.83,98602.91,158.81
1783574602,1155,98602.67,25.25,158.83,98602.91,158.81
1783574602,1157,98603.55,25.25,158.76,98603.3,158.78
1783574602,1158,98603.88,25.25,158.73,98603.46,158.76
1783574602,1159,98604.2,25.25,158.7,98603.66,158.75
1783574602,1160,98603.77,25.25,158.74,98603.7,158.74
1783574602,1161,98604.1,25.25,158.71,98603.8,158.73
1783574603,1162,98604.42,25.25,158.68,98603.97,158.72
1783574603,1163,98604.75,25.25,158.65,98604.18,158.7
1783574603,1164,98604.65,25.24,158.65,98604.31,158.68
1783574603,1164,98604.65,25.24,158.65,98604.31,158.68
1783574603,1166,98605.17,25.24,158.61,98604.88,158.63
1783574603,1167,98605.17,25.24,158.61,98604.96,158.63
1783574603,1168,98605.49,25.24,158.58,98605.11,158.61
1783574603,1169,98605.49,25.24,158.58,98605.22,158.6
1783574604,1170,98605.49,25.24,158.58,98605.3,158.6
1783574604,1171,98605.49,25.24,158.58,98605.36,158.59
1783574604,1172,98605.42,25.24,158.59,98605.38,158.59
1783574604,1173,98605.42,25.24,158.59,98605.4,158.59
1783574604,1173,98605.42,25.24,158.59,98605.4,158.59
1783574604,1175,98605.75,25.24,158.56,98605.66,158.56
1783574604,1176,98605.0,25.24,158.62,98605.5,158.58
1783574604,1177,98605.33,25.24,158.59,98605.46,158.58
1783574605,1178,98605.33,25.24,158.59,98605.44,158.58
1783574605,1179,98605.33,25.24,158.59,98605.41,158.59
1783574605,1180,98605.0,25.24,158.62,98605.31,158.59
1783574605,1181,98605.0,25.24,158.62,98605.24,158.6
1783574605,1182,98605.0,25.24,158.62,98605.19,158.61
1783574605,1182,98605.0,25.24,158.62,98605.19,158.61
1783574605,1184,98605.33,25.24,158.59,98605.3,158.6
1783574605,1185,98605.0,25.24,158.62,98605.23,158.6
1783574605,1186,98605.33,25.24,158.59,98605.27,158.6
1783574606,1187,98604.91,25.23,158.63,98605.18,158.6
1783574606,1188,98605.33,25.24,158.59,98605.23,158.6
1783574606,1189,98604.91,25.23,158.63,98605.15,158.6
1783574606,1190,98604.91,25.23,158.63,98605.09,158.61
1783574606,1191,98604.91,25.23,158.63,98605.05,158.61
1783574606,1191,98604.91,25.23,158.63,98605.05,158.61
1783574606,1193,98605.23,25.23,158.6,98605.1,158.61
1783574606,1194,98604.81,25.23,158.63,98605.03,158.61
1783574607,1195,98604.81,25.23,158.63,98604.98,158.62
1783574607,1196,98604.48,25.23,158.66,98604.86,158.63
1783574607,1197,98604.48,25.23,158.66,98604.77,158.64
1783574607,1198,98604.48,25.23,158.66,98604.7,158.64
1783574607,1199,98604.48,25.23,158.66,98604.66,158.65
1783574607,1200,98604.81,25.23,158.63,98604.7,158.64
1783574607,1200,98604.81,25.23,158.63,98604.7,158.64
1783574607,1202,98605.13,25.23,158.61,98604.88,158.63
1783574607,1203,98605.13,25.23,158.61,98604.95,158.62
1783574608,1204,98605.13,25.23,158.61,98605.01,158.62
1783574608,1205,98605.55,25.23,158.57,98605.16,158.6
1783574608,1206,98605.55,25.23,158.57,98605.27,158.59
1783574608,1207,98605.23,25.23,158.6,98605.27,158.59
1783574608,1208,98605.23,25.23,158.6,98605.27,158.59
1783574608,1209,98605.23,25.23,158.6,98605.27,158.59
1783574608,1209,98605.23,25.23,158.6,98605.27,158.59
1783574608,1211,98605.23,25.23,158.6,98605.16,158.6
1783574609,1212,98604.91,25.23,158.63,98605.1,158.61
1783574609,1213,98604.91,25.23,158.63,98605.06,158.61
1783574609,1214,98605.23,25.23,158.6,98605.12,158.61
1783574609,1215,98605.23,25.23,158.6,98605.16,158.6
1783574609,1216,98605.23,25.23,158.6,98605.19,158.6
1783574609,1217,98605.55,25.23,158.57,98605.29,158.59
1783574609,1218,98605.55,25.23,158.57,98605.37,158.58
1783574609,1218,98605.55,25.23,158.57,98605.37,158.58
1783574610,1220,98605.88,25.23,158.54,98605.66,158.56
1783574610,1221,98605.88,25.23,158.54,98605.73,158.55
1783574610,1222,98605.88,25.23,158.54,98605.77,158.55
1783574610,1223,98605.88,25.23,158.54,98605.8,158.55
1783574610,1224,98605.88,25.23,158.54,98605.83,158.54
1783574610,1225,98605.88,25.23,158.54,98605.85,158.54
1783574610,1226,98605.88,25.23,158.54,98605.87,158.54
1783574610,1227,98606.53,25.23,158.48,98606.05,158.52
1783574610,1227,98606.53,25.23,158.48,98606.05,158.52
1783574611,1229,98605.45,25.23,158.58,98605.73,158.55
1783574611,1230,98605.13,25.23,158.61,98605.59,158.57
1783574611,1231,98604.81,25.23,158.63,98605.39,158.58
1783574611,1232,98605.13,25.23,158.61,98605.33,158.59
1783574611,1233,98605.13,25.23,158.61,98605.29,158.59
1783574611,1234,98605.13,25.23,158.61,98605.26,158.59
1783574611,1235,98605.55,25.23,158.57,98605.34,158.59
1783574611,1236,98605.55,25.23,158.57,98605.41,158.58
1783574611,1236,98605.55,25.23,158.57,98605.41,158.58
1783574612,1238,98605.55,25.23,158.57,98605.53,158.57
1783574612,1239,98605.55,25.23,158.57,98605.55,158.57
1783574612,1240,98605.23,25.23,158.6,98605.48,158.57
1783574612,1241,98605.55,25.23,158.57,98605.51,158.57
1783574612,1242,98605.23,25.23,158.6,98605.45,158.58
1783574612,1243,98605.55,25.23,158.57,98605.48,158.57
1783574612,1244,98605.55,25.23,158.57,98605.51,158.57
1783574612,1245,98605.13,25.23,158.61,98605.42,158.58
1783574613,1245,98605.13,25.23,158.61,98605.42,158.58
1783574613,1247,98605.13,25.23,158.61,98605.32,158.59
1783574613,1248,98605.13,25.23,158.61,98605.28,158.59
1783574613,1249,98605.13,25.23,158.61,98605.25,158.6
1783574613,1250,98605.13,25.23,158.61,98605.23,158.6
1783574613,1251,98605.45,25.23,158.58,98605.3,158.59
1783574613,1252,98605.45,25.23,158.58,98605.34,158.59
1783574613,1253,98605.88,25.23,158.54,98605.49,158.57
1783574613,1254,98605.55,25.23,158.57,98605.52,158.57
1783574614,1254,98605.55,25.23,158.57,98605.52,158.57
1783574614,1256,98606.2,25.23,158.51,98605.83,158.54
1783574614,1257,98605.88,25.23,158.54,98605.85,158.54
1783574614,1258,98605.88,25.23,158.54,98605.87,158.54
1783574614,1259,98605.55,25.23,158.57,98605.8,158.55
1783574614,1260,98605.55,25.23,158.57,98605.74,158.55
1783574614,1261,98605.23,25.23,158.6,98605.62,158.56
1783574614,1262,98605.23,25.23,158.6,98605.52,158.57
1783574615,1263,98605.23,25.23,158.6,98605.45,158.58
1783574615,1263,98605.23,25.23,158.6,98605.45,158.58
1783574615,1265,98605.98,25.24,158.54,98605.7,158.56
1783574615,1266,98605.98,25.24,158.54,98605.78,158.55
1783574615,1267,98606.4,25.24,158.5,98605.95,158.54
1783574615,1268,98606.4,25.24,158.5,98606.08,158.53
1783574615,1269,98606.4,25.24,158.5,98606.17,158.52
1783574615,1270,98606.4,25.24,158.5,98606.24,158.51
1783574616,1271,98606.08,25.24,158.53,98606.21,158.52
1783574616,1272,98606.08,25.24,158.53,98606.19,158.52
1783574616,1272,98606.08,25.24,158.53,98606.19,158.52
1783574616,1274,98606.08,25.24,158.53,98606.07,158.53
1783574616,1275,98606.4,25.24,158.5,98606.16,158.52
1783574616,1276,98606.4,25.24,158.5,98606.23,158.51
1783574616,1277,98606.08,25.24,158.53,98606.2,158.52
1783574616,1278,98606.08,25.24,158.53,98606.18,158.52
1783574616,1279,98606.08,25.24,158.53,98606.16,158.52
1783574617,1280,98605.75,25.24,158.56,98606.06,158.53
1783574617,1281,98605.75,25.24,158.56,98605.99,158.53
1783574617,1281,98605.75,25.24,158.56,98605.99,158.53
1783574617,1283,98605.1,25.24,158.61,98605.47,158.58
1783574617,1284,98605.42,25.24,158.59,98605.46,158.58
1783574617,1285,98605.1,25.24,158.61,98605.38,158.59
1783574617,1286,98605.1,25.24,158.61,98605.31,158.59
1783574617,1287,98605.42,25.24,158.59,98605.35,158.59
1783574618,1288,98605.42,25.24,158.59,98605.38,158.59
1783574618,1289,98605.42,25.24,158.59,98605.4,158.59
1783574618,1290,98605.1,25.24,158.61,98605.33,158.59
1783574618,1290,98605.1,25.24,158.61,98605.33,158.59
1783574618,1292,98604.78,25.24,158.64,98605.14,158.61
1783574618,1293,98604.78,25.24,158.64,98605.05,158.62
1783574618,1294,98604.78,25.24,158.64,98604.99,158.62
1783574618,1295,98604.84,25.24,158.64,98604.96,158.63
1783574619,1296,98604.52,25.24,158.67,98604.85,158.64
1783574619,1297,98604.52,25.24,158.67,98604.77,158.64
1783574619,1298,98604.52,25.24,158.67,98604.71,158.65
1783574619,1299,98604.84,25.24,158.64,98604.75,158.64
1783574619,1299,98604.84,25.24,158.64,98604.75,158.64
1783574619,1301,98605.95,25.24,158.54,98605.42,158.59
1783574619,1302,98605.63,25.24,158.57,98605.48,158.58
1783574619,1303,98605.72,25.25,158.56,98605.55,158.58
1783574619,1304,98606.05,25.25,158.54,98605.68,158.57
1783574620,1305,98606.05,25.25,158.54,98605.78,158.56
1783574620,1306,98606.05,25.25,158.54,98605.86,158.55
1783574620,1307,98606.05,25.25,158.54,98605.91,158.55
1783574620,1308,98606.38,25.25,158.51,98606.04,158.54
1783574620,1308,98606.38,25.25,158.51,98606.04,158.54
1783574620,1310,98606.7,25.25,158.48,98606.41,158.5
1783574620,1311,98606.7,25.25,158.48,98606.49,158.5
1783574620,1312,98606.7,25.25,158.48,98606.55,158.49
1783574621,1313,98606.7,25.25,158.48,98606.6,158.49
1783574621,1314,98607.02,25.25,158.45,98606.72,158.48
1783574621,1315,98607.02,25.25,158.45,98606.8,158.47
1783574621,1316,98607.02,25.25,158.45,98606.87,158.46
1783574621,1317,98607.34,25.25,158.42,98607.0,158.45
1783574621,1317,98607.34,25.25,158.42,98607.0,158.45
1783574621,1319,98607.34,25.25,158.42,98607.29,158.42
1783574621,1320,98607.34,25.25,158.42,98607.31,158.42
1783574621,1321,98607.34,25.25,158.42,98607.33,158.42
1783574622,1322,98607.02,25.25,158.45,98607.25,158.43
1783574622,1323,98607.02,25.25,158.45,98607.2,158.43
1783574622,1324,98606.7,25.25,158.48,98607.07,158.44
1783574622,1325,98606.7,25.25,158.48,98606.98,158.45
1783574622,1326,98606.7,25.25,158.48,98606.91,158.46
1783574622,1326,98606.7,25.25,158.48,98606.91,158.46
1783574622,1328,98605.4,25.25,158.59,98606.19,158.52
1783574622,1329,98605.4,25.25,158.59,98605.99,158.54
1783574623,1330,98605.4,25.25,158.59,98605.84,158.55
1783574623,1331,98605.5,25.25,158.58,98605.76,158.56
1783574623,1332,98605.17,25.25,158.61,98605.61,158.57
1783574623,1333,98605.17,25.25,158.61,98605.5,158.58
1783574623,1334,98605.17,25.25,158.61,98605.42,158.59
1783574623,1335,98605.59,25.25,158.57,98605.48,158.59
1783574623,1335,98605.59,25.25,158.57,98605.48,158.59
1783574623,1337,98605.27,25.25,158.6,98605.34,158.6
1783574624,1338,98604.95,25.25,158.63,98605.25,158.61
1783574624,1339,98604.63,25.25,158.66,98605.09,158.62
1783574624,1340,98604.63,25.25,158.66,98604.98,158.63
1783574624,1341,98604.3,25.25,158.69,98604.8,158.64
1783574624,1342,98604.63,25.25,158.66,98604.77,158.65
1783574624,1343,98604.63,25.25,158.66,98604.73,158.65
1783574624,1344,98604.63,25.25,158.66,98604.71,158.65
1783574624,1344,98604.63,25.25,158.66,98604.71,158.65
1783574624,1346,98605.02,25.25,158.63,98604.9,158.64
1783574625,1347,98605.02,25.25,158.63,98604.94,158.63
1783574625,1348,98605.02,25.25,158.63,98604.96,158.63
1783574625,1349,98605.02,25.25,158.63,98604.98,158.63
1783574625,1350,98605.34,25.25,158.6,98605.08,158.62
1783574625,1351,98605.76,25.26,158.57,98605.26,158.61
1783574625,1352,98605.76,25.26,158.57,98605.39,158.6
1783574625,1353,98605.76,25.26,158.57,98605.49,158.59
1783574625,1353,98605.76,25.26,158.57,98605.49,158.59
1783574626,1355,98605.11,25.26,158.62,98605.27,158.61
1783574626,1356,98605.21,25.26,158.61,98605.27,158.61
1783574626,1357,98604.88,25.26,158.64,98605.17,158.62
1783574626,1358,98604.88,25.26,158.64,98605.1,158.62
1783574626,1359,98604.56,25.26,158.67,98604.97,158.64
1783574626,1360,98604.56,25.26,158.67,98604.87,158.64
1783574626,1361,98604.23,25.26,158.7,98604.71,158.66
1783574626,1362,98604.34,25.26,158.69,98604.62,158.67
1783574626,1362,98604.34,25.26,158.69,98604.62,158.67
1783574627,1364,98603.69,25.26,158.75,98604.13,158.71
1783574627,1365,98603.69,25.26,158.75,98604.02,158.72
1783574627,1366,98603.36,25.26,158.78,98603.85,158.73
1783574627,1367,98603.36,25.26,158.78,98603.73,158.75
1783574627,1368,98603.36,25.26,158.78,98603.64,158.75
1783574627,1369,98603.36,25.26,158.78,98603.57,158.76
1783574627,1370,98603.36,25.26,158.78,98603.52,158.76
1783574627,1371,98603.03,25.26,158.81,98603.4,158.77
1783574627,1371,98603.03,25.26,158.81,98603.4,158.77
1783574628,1373,98603.03,25.26,158.81,98603.16,158.8
1783574628,1374,98603.36,25.26,158.78,98603.22,158.79
1783574628,1375,98603.36,25.26,158.78,98603.26,158.79
1783574628,1376,98603.36,25.26,158.78,98603.29,158.78
1783574628,1377,98603.69,25.26,158.75,98603.4,158.77
1783574628,1378,98602.94,25.26,158.82,98603.28,158.79
1783574628,1379,98603.36,25.26,158.78,98603.3,158.78
1783574628,1380,98603.36,25.26,158.78,98603.33,158.78
1783574629,1380,98603.36,25.26,158.78,98603.33,158.78
1783574629,1382,98603.03,25.26,158.81,98603.13,158.8
1783574629,1383,98603.36,25.26,158.78,98603.2,158.79
1783574629,1384,98603.36,25.26,158.78,98603.24,158.79
1783574629,1385,98603.78,25.26,158.74,98603.39,158.78
1783574629,1386,98603.45,25.26,158.77,98603.41,158.77
1783574629,1387,98603.78,25.26,158.74,98603.52,158.76
1783574629,1388,98603.45,25.26,158.77,98603.51,158.77
1783574630,1389,98603.45,25.26,158.77,98603.5,158.77
1783574630,1389,98603.45,25.26,158.77,98603.5,158.77
1783574630,1391,98603.52,25.27,158.77,98603.49,158.77
1783574630,1392,98603.84,25.27,158.74,98603.59,158.76
1783574630,1393,98603.84,25.27,158.74,98603.66,158.76
1783574630,1394,98603.84,25.27,158.74,98603.71,158.75
1783574630,1395,98604.17,25.27,158.71,98603.84,158.74
1783574630,1396,98604.17,25.27,158.71,98603.93,158.73
1783574630,1397,98604.5,25.27,158.68,98604.09,158.72
1783574631,1398,98604.5,25.27,158.68,98604.2,158.71
1783574631,1398,98604.5,25.27,158.68,98604.2,158.71
1783574631,1400,98604.5,25.27,158.68,98604.28,158.7
1783574631,1401,98604.5,25.27,158.68,98604.34,158.7
1783574631,1402,98604.5,25.27,158.68,98604.39,158.69
1783574631,1403,98604.5,25.27,158.68,98604.42,158.69
1783574631,1404,98604.17,25.27,158.71,98604.36,158.69
1783574631,1405,98604.5,25.27,158.68,98604.4,158.69
1783574632,1406,98604.5,25.27,158.68,98604.43,158.69
1783574632,1407,98604.5,25.27,158.68,98604.45,158.69
1783574632,1407,98604.5,25.27,158.68,98604.45,158.69
1783574632,1409,98603.84,25.27,158.74,98604.18,158.71
1783574632,1410,98603.84,25.27,158.74,98604.09,158.72
1783574632,1411,98603.52,25.27,158.77,98603.95,158.73
1783574632,1412,98603.52,25.27,158.77,98603.84,158.74
1783574632,1413,98603.52,25.27,158.77,98603.77,158.75
1783574633,1414,98603.52,25.27,158.77,98603.7,158.75
1783574633,1415,98603.2,25.27,158.8,98603.58,158.76
1783574633,1416,98603.2,25.27,158.8,98603.48,158.77
1783574633,1416,98603.2,25.27,158.8,98603.48,158.77
1783574633,1418,98603.3,25.27,158.79,98603.4,158.78
1783574633,1419,98603.63,25.27,158.76,98603.46,158.77
1783574633,1420,98603.63,25.27,158.76,98603.51,158.77
1783574633,1421,98603.63,25.27,158.76,98603.54,158.77
1783574633,1422,98603.63,25.27,158.76,98603.56,158.77
1783574634,1423,98603.3,25.27,158.79,98603.5,158.77
1783574634,1424,98603.3,25.27,158.79,98603.45,158.78
1783574634,1425,98603.3,25.27,158.79,98603.41,158.78
1783574634,1425,98603.3,25.27,158.79,98603.41,158.78
1783574634,1427,98603.72,25.27,158.75,98603.59,158.76
1783574634,1428,98603.72,25.27,158.75,98603.63,158.76
1783574634,1429,98603.72,25.27,158.75,98603.66,158.76
1783574634,1430,98603.82,25.27,158.74,98603.7,158.75
1783574635,1431,98603.82,25.27,158.74,98603.73,158.75
1783574635,1432,98603.82,25.27,158.74,98603.76,158.75
1783574635,1433,98603.49,25.27,158.77,98603.7,158.75
1783574635,1434,98603.88,25.28,158.74,98603.74,158.76
1783574635,1434,98603.88,25.28,158.74,98603.74,158.76
1783574635,1436,98604.53,25.28,158.69,98604.22,158.71
1783574635,1437,98604.86,25.28,158.66,98604.39,158.7
1783574635,1438,98604.86,25.28,158.66,98604.52,158.69
1783574635,1439,98604.8,25.27,158.66,98604.6,158.67
1783574636,1440,98604.8,25.27,158.66,98604.66,158.67
1783574636,1441,98604.8,25.27,158.66,98604.7,158.67
1783574636,1442,98605.12,25.27,158.63,98604.81,158.66
1783574636,1443,98605.12,25.27,158.63,98604.9,158.65
1783574636,1443,98605.12,25.27,158.63,98604.9,158.65
1783574636,1445,98604.38,25.27,158.69,98604.63,158.67
1783574636,1446,98604.38,25.27,158.69,98604.56,158.68
1783574636,1447,98604.38,25.27,158.69,98604.52,158.68
1783574637,1448,98604.05,25.27,158.72,98604.4,158.69
1783574637,1449,98604.05,25.27,158.72,98604.31,158.7
1783574637,1450,98603.95,25.27,158.73,98604.23,158.71
1783574637,1451,98603.63,25.27,158.76,98604.07,158.72
1783574637,1452,98603.95,25.27,158.73,98604.05,158.72
1783574637,1452,98603.95,25.27,158.73,98604.05,158.72
1783574637,1454,98604.27,25.27,158.7,98604.13,158.71
1783574637,1455,98604.7,25.27,158.67,98604.28,158.7
1783574638,1456,98604.38,25.27,158.69,98604.31,158.7
1783574638,1457,98604.38,25.27,158.69,98604.34,158.7
1783574638,1458,98604.38,25.27,158.69,98604.35,158.7
1783574638,1459,98604.38,25.27,158.69,98604.36,158.69
1783574638,1460,98604.38,25.27,158.69,98604.37,158.69
1783574638,1461,98604.38,25.27,158.69,98604.38,158.69
1783574638,1461,98604.38,25.27,158.69,98604.38,158.69
1783574638,1463,98604.7,25.27,158.67,98604.53,158.68
1783574638,1464,98605.02,25.27,158.64,98604.66,158.67
1783574639,1465,98604.92,25.27,158.65,98604.73,158.66
1783574639,1466,98604.92,25.27,158.65,98604.79,158.66
1783574639,1467,98604.92,25.27,158.65,98604.83,158.65
1783574639,1468,98605.25,25.27,158.62,98604.95,158.64
1783574639,1469,98605.25,25.27,158.62,98605.03,158.64
1783574639,1470,98605.25,25.27,158.62,98605.09,158.63
1783574639,1470,98605.25,25.27,158.62,98605.09,158.63
1783574639,1472,98605.57,25.27,158.59,98605.44,158.6
1783574640,1473,98605.57,25.27,158.59,98605.48,158.6
1783574640,1474,98605.57,25.27,158.59,98605.51,158.59
1783574640,1475,98605.89,25.27,158.56,98605.61,158.58
1783574640,1476,98605.89,25.27,158.56,98605.69,158.58
1783574640,1477,98605.57,25.27,158.59,98605.66,158.58
1783574640,1478,98605.57,25.27,158.59,98605.64,158.58
1783574640,1479,98605.57,25.27,158.59,98605.63,158.58
1783574640,1479,98605.57,25.27,158.59,98605.63,158.58
1783574641,1481,98604.59,25.27,158.67,98605.14,158.63
1783574641,1482,98604.92,25.27,158.65,98605.09,158.63
1783574641,1483,98604.59,25.27,158.67,98604.96,158.64
1783574641,1484,98604.59,25.27,158.67,98604.87,158.65
1783574641,1485,98604.27,25.27,158.7,98604.71,158.66
1783574641,1486,98604.59,25.27,158.67,98604.69,158.67
1783574641,1487,98604.27,25.27,158.7,98604.58,158.68
1783574641,1488,98603.95,25.27,158.73,98604.42,158.69
1783574641,1488,98603.95,25.27,158.73,98604.42,158.69
1783574642,1490,98604.27,25.27,158.7,98604.2,158.71
1783574642,1491,98603.84,25.27,158.74,98604.12,158.72
1783574642,1492,98603.84,25.27,158.74,98604.05,158.72
1783574642,1493,98604.17,25.27,158.71,98604.09,158.72
1783574642,1494,98603.84,25.27,158.74,98604.02,158.73
1783574642,1495,98604.17,25.27,158.71,98604.06,158.72
1783574642,1496,98604.17,25.27,158.71,98604.09,158.72
1783574642,1497,98603.84,25.27,158.74,98604.03,158.72
1783574642,1497,98603.84,25.27,158.74,98604.03,158.72
1783574643,1499,98604.17,25.27,158.71,98604.11,158.72
1783574643,1500,98604.17,25.27,158.71,98604.13,158.71
1783574643,1501,98604.17,25.27,158.71,98604.15,158.71
1783574643,1502,98604.17,25.27,158.71,98604.16,158.71
1783574643,1503,98604.17,25.27,158.71,98604.16,158.71
1783574643,1504,98604.17,25.27,158.71,98604.17,158.71
1783574643,1505,98604.17,25.27,158.71,98604.18,158.71
1783574643,1506,98603.84,25.27,158.74,98604.09,158.72
1783574644,1506,98603.84,25.27,158.74,98604.09,158.72
1783574644,1508,98603.63,25.27,158.76,98603.89,158.74
1783574644,1509,98603.3,25.27,158.79,98603.74,158.75
1783574644,1510,98603.3,25.27,158.79,98603.63,158.76
1783574644,1511,98603.3,25.27,158.79,98603.55,158.77
1783574644,1512,98602.97,25.27,158.82,98603.4,158.78
1783574644,1513,98603.39,25.27,158.78,98603.4,158.78
1783574644,1514,98603.39,25.27,158.78,98603.4,158.78
1783574644,1515,98603.08,25.27,158.81,98603.32,158.79
1783574645,1515,98603.08,25.27,158.81,98603.32,158.79
1783574645,1517,98603.17,25.27,158.8,98603.13,158.8
1783574645,1518,98603.17,25.27,158.8,98603.14,158.8
1783574645,1519,98603.23,25.28,158.8,98603.16,158.81
1783574645,1520,98603.23,25.28,158.8,98603.19,158.8
1783574645,1521,98603.23,25.28,158.8,98603.2,158.8
1783574645,1522,98603.23,25.28,158.8,98603.21,158.8
1783574645,1523,98603.34,25.28,158.79,98603.24,158.8
1783574646,1524,98603.34,25.28,158.79,98603.27,158.8
1783574646,1524,98603.34,25.28,158.79,98603.27,158.8
1783574646,1526,98603.01,25.28,158.82,98603.16,158.81
1783574646,1527,98603.44,25.28,158.78,98603.23,158.8
1783574646,1528,98603.11,25.28,158.81,98603.2,158.8
1783574646,1529,98602.78,25.28,158.84,98603.09,158.81
1783574646,1530,98602.78,25.28,158.84,98603.02,158.82
1783574646,1531,98602.78,25.28,158.84,98602.95,158.82
1783574646,1532,98602.88,25.28,158.83,98602.94,158.83
1783574647,1533,98602.56,25.28,158.86,98602.84,158.83
1783574647,1533,98602.56,25.28,158.86,98602.84,158.83
1783574647,1535,98603.2,25.28,158.8,98603.02,158.82
1783574647,1536,98603.2,25.28,158.8,98603.07,158.81
1783574647,1537,98603.2,25.28,158.8,98603.11,158.81
1783574647,1538,98603.2,25.28,158.8,98603.13,158.81
1783574647,1539,98603.53,25.28,158.77,98603.24,158.8
1783574647,1540,98603.53,25.28,158.77,98603.32,158.79
1783574648,1541,98603.53,25.28,158.77,98603.38,158.79
1783574648,1542,98603.53,25.28,158.77,98603.41,158.78
1783574648,1542,98603.53,25.28,158.77,98603.41,158.78
1783574648,1544,98603.95,25.29,158.74,98603.57,158.78
1783574648,1545,98603.95,25.29,158.74,98603.67,158.77
1783574648,1546,98603.95,25.29,158.74,98603.75,158.76
1783574648,1547,98603.63,25.29,158.77,98603.72,158.76
1783574648,1548,98603.63,25.29,158.77,98603.7,158.76
1783574649,1549,98603.63,25.29,158.77,98603.68,158.77
1783574649,1550,98603.63,25.29,158.77,98603.66,158.77
1783574649,1551,98603.63,25.29,158.77,98603.66,158.77
1783574649,1551,98603.63,25.29,158.77,98603.66,158.77
1783574649,1553,98603.63,25.29,158.77,98603.64,158.77
1783574649,1554,98603.63,25.29,158.77,98603.64,158.77
1783574649,1555,98604.02,25.29,158.74,98603.74,158.76
1783574649,1556,98603.7,25.29,158.76,98603.73,158.76
1783574649,1557,98603.7,25.29,158.76,98603.73,158.76
1783574650,1558,98603.7,25.29,158.76,98603.72,158.76
1783574650,1559,98603.7,25.29,158.76,98603.71,158.76
1783574650,1560,98603.38,25.29,158.79,98603.63,158.77
1783574650,1560,98603.38,25.29,158.79,98603.63,158.77
1783574650,1562,98603.47,25.29,158.78,98603.5,158.78
1783574650,1563,98603.47,25.29,158.78,98603.49,158.78
1783574650,1564,98603.47,25.29,158.78,98603.48,158.78
1783574650,1565,98603.47,25.29,158.78,98603.48,158.78
1783574651,1566,98603.47,25.29,158.78,98603.48,158.78
1783574651,1567,98603.05,25.29,158.82,98603.38,158.79
1783574651,1568,98603.05,25.29,158.82,98603.29,158.8
1783574651,1569,98603.05,25.29,158.82,98603.23,158.81
1783574651,1569,98603.05,25.29,158.82,98603.23,158.81
1783574651,1571,98603.05,25.29,158.82,98603.19,158.81
1783574651,1572,98603.05,25.29,158.82,98603.16,158.81
1783574651,1573,98603.05,25.29,158.82,98603.13,158.81
1783574652,1574,98603.05,25.29,158.82,98603.11,158.82
1783574652,1575,98603.05,25.29,158.82,98603.09,158.82
1783574652,1576,98603.8,25.29,158.76,98603.28,158.8
1783574652,1577,98603.8,25.29,158.76,98603.41,158.79
1783574652,1578,98603.8,25.29,158.76,98603.52,158.78
1783574652,1578,98603.8,25.29,158.76,98603.52,158.78
1783574652,1580,98603.47,25.29,158.78,98603.57,158.78
1783574652,1581,98603.47,25.29,158.78,98603.55,158.78
1783574652,1582,98603.47,25.29,158.78,98603.53,158.78
1783574653,1583,98603.47,25.29,158.78,98603.52,158.78
1783574653,1584,98603.14,25.29,158.81,98603.42,158.79
1783574653,1585,98603.14,25.29,158.81,98603.35,158.8
1783574653,1586,98602.82,25.29,158.84,98603.22,158.81
1783574653,1587,98602.82,25.29,158.84,98603.12,158.82
1783574653,1587,98602.82,25.29,158.84,98603.12,158.82
1783574653,1589,98602.82,25.29,158.84,98602.88,158.84
1783574653,1590,98602.82,25.29,158.84,98602.87,158.84
1783574654,1591,98602.82,25.29,158.84,98602.86,158.84
1783574654,1592,98602.82,25.29,158.84,98602.85,158.84
1783574654,1593,98602.39,25.29,158.88,98602.73,158.85
1783574654,1594,98602.39,25.29,158.88,98602.65,158.86
1783574654,1595,98602.72,25.29,158.85,98602.67,158.85
1783574654,1596,98603.05,25.29,158.82,98602.77,158.85
1783574654,1596,98603.05,25.29,158.82,98602.77,158.85
1783574654,1598,98603.31,25.29,158.8,98603.02,158.82
1783574655,1599,98603.2,25.28,158.8,98603.07,158.81
1783574655,1600,98603.2,25.28,158.8,98603.11,158.81
1783574655,1601,98603.2,25.28,158.8,98603.13,158.81
1783574655,1602,98603.53,25.28,158.77,98603.24,158.8
1783574655,1603,98603.53,25.28,158.77,98603.32,158.79
1783574655,1604,98603.86,25.28,158.74,98603.46,158.78
1783574655,1605,98603.76,25.28,158.75,98603.54,158.77
1783574655,1605,98603.76,25.28,158.75,98603.54,158.77
1783574655,1607,98603.98,25.28,158.73,98603.85,158.75
1783574656,1608,98604.31,25.28,158.7,98603.98,158.73
1783574656,1609,98604.21,25.28,158.71,98604.04,158.73
1783574656,1610,98604.53,25.28,158.69,98604.17,158.72
1783574656,1611,98604.14,25.27,158.71,98604.17,158.71
1783574656,1612,98604.47,25.27,158.69,98604.25,158.7
1783574656,1613,98604.8,25.27,158.66,98604.4,158.69
1783574656,1614,98604.8,25.27,158.66,98604.51,158.68
1783574656,1614,98604.8,25.27,158.66,98604.51,158.68
1783574657,1616,98605.34,25.27,158.61,98604.93,158.64
1783574657,1617,98605.34,25.27,158.61,98605.04,158.63
1783574657,1618,98605.57,25.27,158.59,98605.18,158.62
1783574657,1619,98605.89,25.27,158.56,98605.37,158.61
1783574657,1620,98605.89,25.27,158.56,98605.51,158.59
1783574657,1621,98605.8,25.27,158.57,98605.59,158.59
1783574657,1622,98605.8,25.27,158.57,98605.65,158.58
1783574657,1623,98605.73,25.26,158.57,98605.68,158.57
1783574657,1623,98605.73,25.26,158.57,98605.68,158.57
1783574658,1625,98607.25,25.26,158.43,98606.55,158.5
1783574658,1626,98606.83,25.26,158.47,98606.63,158.49
1783574658,1627,98606.83,25.26,158.47,98606.69,158.48
1783574658,1628,98607.16,25.26,158.44,98606.81,158.47
1783574658,1629,98607.48,25.26,158.41,98606.99,158.46
1783574658,1630,98607.48,25.26,158.41,98607.13,158.44
1783574658,1631,98607.38,25.26,158.42,98607.2,158.44
1783574658,1632,98607.38,25.26,158.42,98607.25,158.43
1783574658,1632,98607.38,25.26,158.42,98607.25,158.43
1783574659,1634,98607.05,25.26,158.45,98607.21,158.44
1783574659,1635,98606.73,25.26,158.48,98607.09,158.45
1783574659,1636,98606.41,25.26,158.51,98606.92,158.46
1783574659,1637,98606.41,25.26,158.51,98606.8,158.47
1783574659,1638,98606.41,25.26,158.51,98606.7,158.48
1783574659,1639,98606.09,25.26,158.54,98606.55,158.5
1783574659,1640,98606.41,25.26,158.51,98606.52,158.5
1783574659,1641,98605.98,25.25,158.54,98606.38,158.5
1783574660,1641,98605.98,25.25,158.54,98606.38,158.5
1783574660,1643,98605.98,25.25,158.54,98605.98,158.54
1783574660,1644,98605.98,25.25,158.54,98605.98,158.54
1783574660,1645,98606.63,25.25,158.48,98606.16,158.53
1783574660,1646,98606.57,25.25,158.49,98606.27,158.52
1783574660,1647,98606.57,25.25,158.49,98606.36,158.51
1783574660,1648,98606.57,25.25,158.49,98606.42,158.5
1783574660,1649,98606.25,25.25,158.52,98606.38,158.5
1783574660,1650,98606.25,25.25,158.52,98606.35,158.51
1783574661,1650,98606.25,25.25,158.52,98606.35,158.51
1783574661,1652,98605.66,25.25,158.57,98606.0,158.54
1783574661,1653,98605.66,25.25,158.57,98605.91,158.55
1783574661,1654,98605.66,25.25,158.57,98605.85,158.55
1783574661,1655,98605.66,25.25,158.57,98605.8,158.56
1783574661,1656,98605.98,25.25,158.54,98605.86,158.55
1783574661,1657,98605.66,25.25,158.57,98605.81,158.56
1783574661,1658,98605.66,25.25,158.57,98605.78,158.56
1783574662,1659,98605.66,25.25,158.57,98605.76,158.56
1783574662,1659,98605.66,25.25,158.57,98605.76,158.56
1783574662,1661,98605.11,25.26,158.62,98605.45,158.59
1783574662,1662,98604.78,25.26,158.65,98605.28,158.61
1783574662,1663,98604.78,25.26,158.65,98605.16,158.62
1783574662,1664,98604.46,25.26,158.68,98604.98,158.63
1783574662,1665,98604.46,25.26,158.68,98604.85,158.65
1783574662,1666,98604.46,25.26,158.68,98604.76,158.65
1783574663,1667,98604.56,25.26,158.67,98604.71,158.66
1783574663,1668,98604.23,25.26,158.7,98604.59,158.67
1783574663,1668,98604.23,25.26,158.7,98604.59,158.67
1783574663,1670,98604.23,25.26,158.7,98604.42,158.68
1783574663,1671,98604.56,25.26,158.67,98604.46,158.68
1783574663,1672,98604.56,25.26,158.67,98604.49,158.68
1783574663,1673,98604.56,25.26,158.67,98604.52,158.68
1783574663,1674,98604.88,25.26,158.64,98604.62,158.67
1783574663,1675,98604.88,25.26,158.64,98604.7,158.66
1783574664,1676,98604.46,25.26,158.68,98604.64,158.67
1783574664,1677,98604.14,25.26,158.71,98604.52,158.68
1783574664,1677,98604.14,25.26,158.71,98604.52,158.68
1783574664,1679,98604.69,25.25,158.66,98604.64,158.66
1783574664,1680,98605.02,25.25,158.63,98604.74,158.65
1783574664,1681,98605.02,25.25,158.63,98604.82,158.64
1783574664,1682,98605.34,25.25,158.6,98604.96,158.63
1783574664,1683,98604.95,25.25,158.63,98604.97,158.63
1783574665,1684,98604.95,25.25,158.63,98604.97,158.63
1783574665,1685,98604.95,25.25,158.63,98604.97,158.63
1783574665,1686,98604.95,25.25,158.63,98604.97,158.63
1783574665,1686,98604.95,25.25,158.63,98604.97,158.63
1783574665,1688,98604.2,25.25,158.7,98604.7,158.65
1783574665,1689,98604.2,25.25,158.7,98604.57,158.67
1783574665,1690,98604.2,25.25,158.7,98604.48,158.67
1783574665,1691,98604.52,25.25,158.67,98604.5,158.67
1783574666,1692,98604.52,25.25,158.67,98604.52,158.67
1783574666,1693,98604.52,25.25,158.67,98604.52,158.67
1783574666,1694,98604.84,25.25,158.64,98604.61,158.66
1783574666,1695,98604.75,25.25,158.65,98604.65,158.66
1783574666,1695,98604.75,25.25,158.65,98604.65,158.66
1783574666,1697,98604.75,25.25,158.65,98604.7,158.65
1783574666,1698,98604.75,25.25,158.65,98604.72,158.65
1783574666,1699,98604.42,25.25,158.68,98604.65,158.66
1783574666,1700,98604.33,25.24,158.68,98604.58,158.66
1783574667,1701,98604.33,25.24,158.68,98604.52,158.66
1783574667,1702,98604.33,25.24,158.68,98604.48,158.67
1783574667,1703,98604.0,25.24,158.71,98604.37,158.68
1783574667,1704,98604.33,25.24,158.68,98604.37,158.68
1783574667,1704,98604.33,25.24,158.68,98604.37,158.68
1783574667,1706,98604.33,25.24,158.68,98604.37,158.68
1783574667,1707,98604.65,25.24,158.65,98604.45,158.67
1783574667,1708,98604.65,25.24,158.65,98604.51,158.67
1783574668,1709,98604.2,25.24,158.69,98604.44,158.67
1783574668,1710,98604.2,25.24,158.69,98604.38,158.68
1783574668,1711,98604.2,25.24,158.69,98604.34,158.68
1783574668,1712,98603.88,25.24,158.72,98604.23,158.69
1783574668,1713,98603.88,25.24,158.72,98604.14,158.7
1783574668,1713,98603.88,25.24,158.72,98604.14,158.7
1783574668,1715,98603.88,25.24,158.72,98603.98,158.71
1783574668,1716,98603.88,25.24,158.72,98603.96,158.71
1783574669,1717,98603.88,25.24,158.72,98603.95,158.72
1783574669,1718,98603.55,25.24,158.75,98603.85,158.72
1783574669,1719,98603.88,25.24,158.72,98603.87,158.72
1783574669,1720,98604.2,25.24,158.69,98603.96,158.71
1783574669,1721,98604.2,25.24,158.69,98604.03,158.71
1783574669,1722,98604.52,25.24,158.67,98604.16,158.7
1783574669,1722,98604.52,25.24,158.67,98604.16,158.7
1783574669,1724,98604.84,25.24,158.64,98604.52,158.67
1783574669,1725,98604.52,25.24,158.67,98604.52,158.66
1783574670,1726,98604.52,25.24,158.67,98604.53,158.66
1783574670,1727,98604.52,25.24,158.67,98604.54,158.66
1783574670,1728,98604.2,25.24,158.69,98604.46,158.67
1783574670,1729,98603.88,25.24,158.72,98604.32,158.68
1783574670,1730,98603.55,25.24,158.75,98604.13,158.7
1783574670,1731,98604.0,25.24,158.71,98604.1,158.7
1783574670,1731,98604.0,25.24,158.71,98604.1,158.7
1783574670,1733,98604.0,25.24,158.71,98603.95,158.71
1783574671,1734,98604.33,25.24,158.68,98604.06,158.71
1783574671,1735,98604.75,25.25,158.65,98604.24,158.69
1783574671,1736,98604.42,25.25,158.68,98604.3,158.69
1783574671,1737,98604.0,25.24,158.71,98604.23,158.69
1783574671,1738,98604.0,25.24,158.71,98604.18,158.7
1783574671,1739,98604.33,25.24,158.68,98604.23,158.69
1783574671,1740,98604.33,25.24,158.68,98604.26,158.69
1783574671,1740,98604.33,25.24,158.68,98604.26,158.69
1783574672,1742,98604.0,25.24,158.71,98604.1,158.7
1783574672,1743,98604.0,25.24,158.71,98604.09,158.7
1783574672,1744,98604.0,25.24,158.71,98604.07,158.7
1783574672,1745,98604.0,25.24,158.71,98604.06,158.71
1783574672,1746,98603.68,25.24,158.74,98603.97,158.71
1783574672,1747,98603.68,25.24,158.74,98603.9,158.72
1783574672,1748,98603.68,25.24,158.74,98603.85,158.72
1783574672,1749,98604.0,25.24,158.71,98603.9,158.72
1783574672,1749,98604.0,25.24,158.71,98603.9,158.72
1783574673,1751,98604.1,25.25,158.71,98603.91,158.72
1783574673,1752,98603.77,25.25,158.74,98603.88,158.73
1783574673,1753,98603.77,25.25,158.74,98603.85,158.73
1783574673,1754,98603.77,25.25,158.74,98603.84,158.73
1783574673,1755,98603.77,25.25,158.74,98603.83,158.73
1783574673,1756,98603.45,25.25,158.76,98603.73,158.74
1783574673,1757,98603.45,25.25,158.76,98603.66,158.75
1783574673,1758,98603.77,25.25,158.74,98603.7,158.74
1783574673,1758,98603.77,25.25,158.74,98603.7,158.74
1783574674,1760,98604.1,25.25,158.71,98603.85,158.73
1783574674,1761,98604.1,25.25,158.71,98603.92,158.72
1783574674,1762,98603.77,25.25,158.74,98603.89,158.73
1783574674,1763,98603.77,25.25,158.74,98603.87,158.73
1783574674,1764,98603.77,25.25,158.74,98603.85,158.73
1783574674,1765,98604.2,25.25,158.7,98603.95,158.72
1783574674,1766,98604.2,25.25,158.7,98604.02,158.71
1783574674,1767,98603.88,25.25,158.73,98603.98,158.72
1783574674,1767,98603.88,25.25,158.73,98603.98,158.72
1783574675,1769,98603.33,25.25,158.78,98603.61,158.75
1783574675,1770,98603.72,25.25,158.74,98603.64,158.75
1783574675,1771,98603.72,25.25,158.74,98603.66,158.75
1783574675,1772,98603.72,25.25,158.74,98603.69,158.74
1783574675,1773,98604.14,25.26,158.71,98603.81,158.74
1783574675,1774,98604.14,25.26,158.71,98603.91,158.73
1783574675,1775,98603.81,25.26,158.74,98603.89,158.73
1783574675,1776,98603.91,25.26,158.73,98603.9,158.73
1783574676,1776,98603.91,25.26,158.73,98603.9,158.73
1783574676,1778,98603.27,25.26,158.79,98603.59,158.76
1783574676,1779,98603.69,25.26,158.75,98603.62,158.76
1783574676,1780,98603.69,25.26,158.75,98603.64,158.75
1783574676,1781,98603.36,25.26,158.78,98603.57,158.76
1783574676,1782,98603.03,25.26,158.81,98603.44,158.77
1783574676,1783,98602.71,25.26,158.84,98603.26,158.79
1783574676,1784,98602.71,25.26,158.84,98603.13,158.8
1783574677,1785,98602.71,25.26,158.84,98603.02,158.81
1783574677,1785,98602.71,25.26,158.84,98603.02,158.81
1783574677,1787,98602.38,25.26,158.87,98602.82,158.83
1783574677,1788,98602.81,25.26,158.83,98602.83,158.83
1783574677,1789,98602.81,25.26,158.83,98602.83,158.83
1783574677,1790,98602.48,25.26,158.86,98602.74,158.83
1783574677,1791,98602.48,25.26,158.86,98602.68,158.84
1783574677,1792,98602.48,25.26,158.86,98602.63,158.84
1783574677,1793,98602.55,25.27,158.86,98602.61,158.85
1783574678,1794,98602.55,25.27,158.86,98602.59,158.85
1783574678,1794,98602.55,25.27,158.86,98602.59,158.85
1783574678,1796,98602.0,25.27,158.9,98602.41,158.87
1783574678,1797,98602.0,25.27,158.9,98602.3,158.88
1783574678,1798,98602.42,25.27,158.87,98602.34,158.87
1783574678,1799,98602.42,25.27,158.87,98602.36,158.87
1783574678,1800,98602.09,25.27,158.9,98602.3,158.88
1783574678,1801,98602.09,25.27,158.9,98602.25,158.88
1783574679,1802,98602.09,25.27,158.9,98602.21,158.89
1783574679,1803,98602.09,25.27,158.9,98602.19,158.89
1783574679,1803,98602.09,25.27,158.9,98602.19,158.89
1783574679,1805,98602.52,25.27,158.86,98602.24,158.88
1783574679,1806,98602.84,25.27,158.83,98602.41,158.87
1783574679,1807,98602.52,25.27,158.86,98602.44,158.87
1783574679,1808,98602.52,25.27,158.86,98602.46,158.86
1783574679,1809,98602.52,25.27,158.86,98602.48,158.86
1783574680,1810,98602.52,25.27,158.86,98602.49,158.86
1783574680,1811,98602.59,25.28,158.86,98602.52,158.86
1783574680,1812,98602.59,25.28,158.86,98602.54,158.86
1783574680,1812,98602.59,25.28,158.86,98602.54,158.86
1783574680,1814,98603.01,25.28,158.82,98602.77,158.84
1783574680,1815,98603.01,25.28,158.82,98602.83,158.84
1783574680,1816,98602.69,25.28,158.85,98602.8,158.84
1783574680,1817,98603.01,25.28,158.82,98602.85,158.83
1783574680,1818,98603.01,25.28,158.82,98602.89,158.83
1783574681,1819,98602.69,25.28,158.85,98602.84,158.84
1783574681,1820,98603.11,25.28,158.81,98602.91,158.83
1783574681,1821,98602.78,25.28,158.84,98602.88,158.83
1783574681,1821,98602.78,25.28,158.84,98602.88,158.83
1783574681,1823,98603.2,25.28,158.8,98603.07,158.81
1783574681,1824,98603.31,25.29,158.8,98603.13,158.81
1783574681,1825,98603.31,25.29,158.8,98603.18,158.81
1783574681,1826,98602.98,25.29,158.83,98603.13,158.81
1783574682,1827,98602.66,25.29,158.86,98603.01,158.83
1783574682,1828,98603.05,25.29,158.82,98603.02,158.82
1783574682,1829,98602.72,25.29,158.85,98602.95,158.83
1783574682,1830,98602.72,25.29,158.85,98602.89,158.84
1783574682,1830,98602.72,25.29,158.85,98602.89,158.84
1783574682,1832,98602.5,25.29,158.87,98602.74,158.85
1783574682,1833,98602.92,25.29,158.83,98602.79,158.84
1783574682,1834,98602.92,25.29,158.83,98602.83,158.84
1783574683,1835,98602.92,25.29,158.83,98602.85,158.84
1783574683,1836,98603.02,25.3,158.83,98602.89,158.84
1783574683,1837,98603.02,25.3,158.83,98602.92,158.84
1783574683,1838,98602.69,25.3,158.86,98602.86,158.84
1783574683,1839,98603.11,25.3,158.82,98602.92,158.84
1783574683,1839,98603.11,25.3,158.82,98602.92,158.84
1783574683,1841,98602.79,25.3,158.85,98602.87,158.84
1783574683,1842,98602.79,25.3,158.85,98602.84,158.85
1783574683,1843,98603.19,25.3,158.81,98602.93,158.84
1783574684,1844,98602.86,25.3,158.84,98602.91,158.84
1783574684,1845,98602.53,25.3,158.87,98602.81,158.85
1783574684,1846,98602.53,25.3,158.87,98602.74,158.85
1783574684,1847,98602.63,25.3,158.86,98602.71,158.86
1783574684,1848,98602.31,25.3,158.89,98602.61,158.87
1783574684,1848,98602.31,25.3,158.89,98602.61,158.87
1783574684,1850,98602.41,25.31,158.89,98602.39,158.89
1783574684,1851,98602.41,25.31,158.89,98602.39,158.89
1783574685,1852,98602.08,25.31,158.92,98602.3,158.9
1783574685,1853,98602.08,25.31,158.92,98602.24,158.9
1783574685,1854,98602.41,25.31,158.89,98602.28,158.9
1783574685,1855,98602.83,25.31,158.85,98602.42,158.89
1783574685,1856,98602.83,25.31,158.85,98602.52,158.88
1783574685,1857,98603.15,25.31,158.82,98602.69,158.86
1783574685,1857,98603.15,25.31,158.82,98602.69,158.86
1783574685,1859,98603.25,25.31,158.81,98603.07,158.83
1783574685,1860,98603.25,25.31,158.81,98603.12,158.83
1783574686,1861,98603.25,25.31,158.81,98603.15,158.82
1783574686,1862,98603.64,25.31,158.78,98603.27,158.81
1783574686,1863,98603.31,25.31,158.81,98603.28,158.81
1783574686,1864,98603.31,25.31,158.81,98603.29,158.81
1783574686,1865,98603.41,25.32,158.81,98603.32,158.81
1783574686,1866,98603.41,25.32,158.81,98603.34,158.81
1783574686,1866,98603.41,25.32,158.81,98603.34,158.81
1783574686,1868,98602.86,25.32,158.85,98603.15,158.83
1783574687,1869,98603.28,25.32,158.82,98603.18,158.83
1783574687,1870,98602.96,25.32,158.85,98603.12,158.83
1783574687,1871,98602.96,25.32,158.85,98603.08,158.84
1783574687,1872,98603.06,25.32,158.84,98603.07,158.84
1783574687,1873,98603.06,25.32,158.84,98603.06,158.84
1783574687,1874,98603.13,25.33,158.84,98603.07,158.84
1783574687,1875,98602.8,25.33,158.86,98603.0,158.85
1783574687,1875,98602.8,25.33,158.86,98603.0,158.85
1783574688,1877,98603.22,25.33,158.83,98603.04,158.84
1783574688,1878,98603.22,25.33,158.83,98603.08,158.84
1783574688,1879,98602.9,25.33,158.86,98603.02,158.85
1783574688,1880,98602.9,25.33,158.86,98602.98,158.85
1783574688,1881,98602.58,25.33,158.88,98602.88,158.86
1783574688,1882,98602.58,25.33,158.88,98602.8,158.87
1783574688,1883,98602.58,25.33,158.88,98602.73,158.87
1783574688,1884,98602.25,25.33,158.91,98602.6,158.88
1783574688,1884,98602.25,25.33,158.91,98602.6,158.88
1783574689,1886,98601.92,25.33,158.94,98602.2,158.92
1783574689,1887,98602.02,25.33,158.93,98602.15,158.92
1783574689,1888,98602.02,25.33,158.93,98602.11,158.93
1783574689,1889,98602.02,25.33,158.93,98602.09,158.93
1783574689,1890,98602.02,25.33,158.93,98602.06,158.93
1783574689,1891,98602.02,25.33,158.93,98602.05,158.93
1783574689,1892,98602.02,25.33,158.93,98602.04,158.93
1783574689,1893,98602.02,25.33,158.93,98602.03,158.93
1783574689,1893,98602.02,25.33,158.93,98602.03,158.93
1783574690,1895,98601.8,25.33,158.95,98602.0,158.94
1783574690,1896,98601.8,25.33,158.95,98601.95,158.94
1783574690,1897,98602.22,25.34,158.92,98602.01,158.94
1783574690,1898,98602.22,25.34,158.92,98602.05,158.94
1783574690,1899,98602.22,25.34,158.92,98602.09,158.93
1783574690,1900,98602.22,25.34,158.92,98602.12,158.93
1783574690,1901,98602.22,25.34,158.92,98602.14,158.93
1783574690,1902,98602.22,25.34,158.92,98602.16,158.93
1783574691,1902,98602.22,25.34,158.92,98602.16,158.93
1783574691,1904,98602.61,25.34,158.89,98602.46,158.9
1783574691,1905,98602.61,25.34,158.89,98602.49,158.9
1783574691,1906,98602.71,25.34,158.88,98602.55,158.89
1783574691,1907,98602.71,25.34,158.88,98602.59,158.89
1783574691,1908,98603.03,25.34,158.85,98602.7,158.88
1783574691,1909,98603.03,25.34,158.85,98602.77,158.87
1783574691,1910,98603.03,25.34,158.85,98602.84,158.87
1783574691,1911,98603.03,25.34,158.85,98602.88,158.86
1783574692,1911,98603.03,25.34,158.85,98602.88,158.86
1783574692,1913,98602.61,25.34,158.89,98602.91,158.86
1783574692,1914,98602.61,25.34,158.89,98602.82,158.87
1783574692,1915,98602.61,25.34,158.89,98602.76,158.87
1783574692,1916,98603.03,25.34,158.85,98602.82,158.87
1783574692,1917,98603.03,25.34,158.85,98602.87,158.86
1783574692,1918,98603.03,25.34,158.85,98602.91,158.86
1783574692,1919,98603.03,25.34,158.85,98602.93,158.86
1783574693,1920,98602.71,25.34,158.88,98602.87,158.86
1783574693,1920,98602.71,25.34,158.88,98602.87,158.86
1783574693,1922,98602.06,25.34,158.94,98602.43,158.9
1783574693,1923,98602.38,25.34,158.91,98602.41,158.9
1783574693,1924,98602.06,25.34,158.94,98602.32,158.91
1783574693,1925,98602.38,25.34,158.91,98602.33,158.91
1783574693,1926,98602.38,25.34,158.91,98602.34,158.91
1783574693,1927,98601.64,25.34,158.97,98602.15,158.93
1783574694,1928,98601.64,25.34,158.97,98602.01,158.94
1783574694,1929,98601.64,25.34,158.97,98601.91,158.95
1783574694,1929,98601.64,25.34,158.97,98601.91,158.95
1783574694,1931,98601.58,25.34,158.98,98601.61,158.98
1783574694,1932,98601.89,25.34,158.95,98601.68,158.97
1783574694,1933,98601.89,25.34,158.95,98601.73,158.97
1783574694,1934,98601.89,25.34,158.95,98601.77,158.96
1783574694,1935,98601.47,25.33,158.98,98601.69,158.96
1783574694,1936,98601.15,25.33,159.01,98601.55,158.98
1783574695,1937,98601.15,25.33,159.01,98601.44,158.99
1783574695,1938,98601.15,25.33,159.01,98601.36,158.99
1783574695,1938,98601.15,25.33,159.01,98601.36,158.99
1783574695,1940,98601.15,25.33,159.01,98601.2,159.01
1783574695,1941,98601.58,25.34,158.98,98601.29,159.0
1783574695,1942,98601.58,25.34,158.98,98601.36,159.0
1783574695,1943,98601.58,25.34,158.98,98601.41,158.99
1783574695,1944,98601.58,25.34,158.98,98601.45,158.99
1783574696,1945,98601.89,25.34,158.95,98601.56,158.98
1783574696,1946,98601.89,25.34,158.95,98601.64,158.97
1783574696,1947,98601.89,25.34,158.95,98601.7,158.97
1783574696,1947,98601.89,25.34,158.95,98601.7,158.97
1783574696,1949,98601.8,25.33,158.95,98601.66,158.97
1783574696,1950,98601.8,25.33,158.95,98601.69,158.96
1783574696,1951,98602.13,25.33,158.93,98601.8,158.95
1783574696,1952,98602.13,25.33,158.93,98601.88,158.95
1783574697,1953,98602.13,25.33,158.93,98601.94,158.94
1783574697,1954,98601.8,25.33,158.95,98601.9,158.95
1783574697,1955,98601.8,25.33,158.95,98601.87,158.95
1783574697,1956,98602.13,25.33,158.93,98601.93,158.94
1783574697,1956,98602.13,25.33,158.93,98601.93,158.94
1783574697,1958,98602.13,25.33,158.93,98602.05,158.93
1783574697,1959,98602.13,25.33,158.93,98602.07,158.93
1783574697,1960,98602.13,25.33,158.93,98602.08,158.93
1783574697,1961,98602.45,25.33,158.9,98602.17,158.92
1783574698,1962,98602.45,25.33,158.9,98602.24,158.91
1783574698,1963,98602.45,25.33,158.9,98602.3,158.91
1783574698,1964,98602.45,25.33,158.9,98602.34,158.91
1783574698,1965,98602.55,25.34,158.89,98602.38,158.91
1783574698,1965,98602.55,25.34,158.89,98602.38,158.91
1783574698,1967,98602.55,25.34,158.89,98602.52,158.9
1783574698,1968,98602.88,25.34,158.86,98602.6,158.89
1783574698,1969,98602.88,25.34,158.86,98602.66,158.88
1783574699,1970,98602.88,25.34,158.86,98602.71,158.88
1783574699,1971,98603.2,25.34,158.84,98602.83,158.87
1783574699,1972,98603.2,25.34,158.84,98602.91,158.86
1783574699,1973,98603.2,25.34,158.84,98602.98,158.85
1783574699,1974,98603.2,25.34,158.84,98603.03,158.85
1783574699,1974,98603.2,25.34,158.84,98603.03,158.85
1783574699,1976,98602.88,25.34,158.86,98602.98,158.85
1783574699,1977,98602.88,25.34,158.86,98602.95,158.86
1783574699,1978,98603.26,25.34,158.83,98603.02,158.85
1783574700,1979,98603.26,25.34,158.83,98603.08,158.85
1783574700,1980,98602.94,25.34,158.86,98603.04,158.85
1783574700,1981,98602.94,25.34,158.86,98603.01,158.85
1783574700,1982,98603.36,25.34,158.82,98603.09,158.84
1783574700,1983,98603.36,25.34,158.82,98603.16,158.84
1783574700,1983,98603.36,25.34,158.82,98603.16,158.84
1783574700,1985,98603.03,25.34,158.85,98603.2,158.84
1783574700,1986,98602.71,25.34,158.88,98603.06,158.85
1783574701,1987,98602.71,25.34,158.88,98602.97,158.86
1783574701,1988,98602.71,25.34,158.88,98602.9,158.86
1783574701,1989,98602.71,25.34,158.88,98602.84,158.87
1783574701,1990,98602.38,25.34,158.91,98602.72,158.88
1783574701,1991,98602.81,25.34,158.87,98602.73,158.88
1783574701,1992,98602.48,25.34,158.9,98602.66,158.88
1783574701,1992,98602.48,25.34,158.9,98602.66,158.88
1783574701,1994,98602.26,25.35,158.92,98602.26,158.92
1783574702,1995,98602.26,25.35,158.92,98602.25,158.92
1783574702,1996,98602.26,25.35,158.92,98602.24,158.93
1783574702,1997,98602.26,25.35,158.92,98602.24,158.93
1783574702,1998,98601.94,25.35,158.95,98602.16,158.93
1783574702,1999,98601.61,25.35,158.98,98602.01,158.95
1783574702,2000,98601.61,25.35,158.98,98601.9,158.96
1783574702,2001,98602.03,25.35,158.94,98601.93,158.95
1783574702,2001,98602.03,25.35,158.94,98601.93,158.95
1783574702,2003,98601.7,25.35,158.97,98601.9,158.96
1783574703,2004,98601.77,25.35,158.97,98601.86,158.96
1783574703,2005,98601.45,25.35,159.0,98601.75,158.97
1783574703,2006,98601.77,25.35,158.97,98601.75,158.97
1783574703,2007,98601.45,25.35,159.0,98601.66,158.98
1783574703,2008,98601.88,25.35,158.96,98601.71,158.97
1783574703,2009,98601.55,25.35,158.99,98601.66,158.98
1783574703,2010,98601.97,25.36,158.95,98601.73,158.98
1783574703,2010,98601.97,25.36,158.95,98601.73,158.98
1783574704,2012,98601.52,25.36,159.0,98601.59,158.99
1783574704,2013,98601.19,25.36,159.02,98601.48,159.0
1783574704,2014,98601.58,25.36,158.99,98601.49,159.0
1783574704,2015,98601.58,25.36,158.99,98601.51,159.0
1783574704,2016,98601.58,25.36,158.99,98601.52,159.0
1783574704,2017,98601.58,25.36,158.99,98601.52,158.99
1783574704,2018,98602.0,25.37,158.96,98601.64,158.99
1783574704,2019,98601.69,25.37,158.99,98601.65,158.99
1783574704,2019,98601.69,25.37,158.99,98601.65,158.99
1783574705,2021,98601.78,25.37,158.98,98601.7,158.98
1783574705,2022,98601.45,25.37,159.01,98601.63,158.99
1783574705,2023,98601.45,25.37,159.01,98601.57,159.0
1783574705,2024,98601.88,25.37,158.97,98601.64,158.99
1783574705,2025,98601.88,25.37,158.97,98601.7,158.98
1783574705,2026,98601.88,25.37,158.97,98601.73,158.98
1783574705,2027,98601.88,25.37,158.97,98601.77,158.98
1783574705,2028,98601.98,25.37,158.96,98601.81,158.97
1783574705,2028,98601.98,25.37,158.96,98601.81,158.97
1783574706,2030,98602.3,25.37,158.93,98602.09,158.95
1783574706,2031,98602.3,25.37,158.93,98602.14,158.94
1783574706,2032,98602.69,25.38,158.9,98602.27,158.94
1783574706,2033,98602.69,25.38,158.9,98602.37,158.93
1783574706,2034,98602.69,25.38,158.9,98602.44,158.92
1783574706,2035,98602.69,25.38,158.9,98602.49,158.92
1783574706,2036,98602.69,25.38,158.9,98602.53,158.92
1783574706,2037,98603.02,25.38,158.87,98602.65,158.91
1783574707,2037,98603.02,25.38,158.87,98602.65,158.91
1783574707,2039,98602.63,25.37,158.9,98602.72,158.89
1783574707,2040,98602.52,25.37,158.91,98602.66,158.9
1783574707,2041,98602.52,25.37,158.91,98602.62,158.9
1783574707,2042,98602.52,25.37,158.91,98602.59,158.91
1783574707,2043,98602.52,25.37,158.91,98602.56,158.91
1783574707,2044,98602.2,25.37,158.94,98602.46,158.92
1783574707,2045,98601.78,25.37,158.98,98602.27,158.93
1783574708,2046,98601.78,25.37,158.98,98602.14,158.94
1783574708,2046,98601.78,25.37,158.98,98602.14,158.94
1783574708,2048,98602.1,25.37,158.95,98602.09,158.95
1783574708,2049,98602.1,25.37,158.95,98602.09,158.95
1783574708,2050,98602.43,25.37,158.92,98602.16,158.94
1783574708,2051,98602.43,25.37,158.92,98602.23,158.94
1783574708,2052,98602.43,25.37,158.92,98602.27,158.93
1783574708,2053,98602.75,25.37,158.89,98602.39,158.92
1783574708,2054,98602.75,25.37,158.89,98602.48,158.92
1783574709,2055,98602.75,25.37,158.89,98602.54,158.91
1783574709,2055,98602.75,25.37,158.89,98602.54,158.91
1783574709,2057,98602.85,25.37,158.88,98602.77,158.89
1783574709,2058,98602.85,25.37,158.88,98602.78,158.89
1783574709,2059,98602.52,25.37,158.91,98602.7,158.89
1783574709,2060,98602.85,25.37,158.88,98602.73,158.89
1783574709,2061,98602.52,25.37,158.91,98602.67,158.9
1783574709,2062,98602.85,25.37,158.88,98602.71,158.89
1783574710,2063,98602.85,25.37,158.88,98602.74,158.89
1783574710,2064,98602.43,25.37,158.92,98602.66,158.9
1783574710,2064,98602.43,25.37,158.92,98602.66,158.9
1783574710,2066,98602.56,25.36,158.9,98602.55,158.9
1783574710,2067,98602.56,25.36,158.9,98602.55,158.9
1783574710,2068,98602.56,25.36,158.9,98602.54,158.9
1783574710,2069,98602.56,25.36,158.9,98602.54,158.9
1783574710,2070,98602.17,25.36,158.94,98602.44,158.91
1783574711,2071,98602.17,25.36,158.94,98602.36,158.92
1783574711,2072,98602.17,25.36,158.94,98602.3,158.93
1783574711,2073,98602.17,25.36,158.94,98602.27,158.93
1783574711,2073,98602.17,25.36,158.94,98602.27,158.93
1783574711,2075,98602.17,25.36,158.94,98602.18,158.94
1783574711,2076,98602.56,25.36,158.9,98602.27,158.93
1783574711,2077,98602.56,25.36,158.9,98602.34,158.92
1783574711,2078,98602.56,25.36,158.9,98602.39,158.92
1783574711,2079,98602.23,25.36,158.93,98602.34,158.92
1783574712,2080,98602.56,25.36,158.9,98602.39,158.92
1783574712,2081,98602.56,25.36,158.9,98602.43,158.91
1783574712,2082,98602.98,25.37,158.87,98602.56,158.91
1783574712,2082,98602.98,25.37,158.87,98602.56,158.91
1783574712,2084,98602.66,25.37,158.9,98602.65,158.9
1783574712,2085,98603.08,25.37,158.86,98602.75,158.89
1783574712,2086,98602.75,25.37,158.89,98602.74,158.89
1783574712,2087,98602.75,25.37,158.89,98602.73,158.89
1783574713,2088,98602.75,25.37,158.89,98602.73,158.89
1783574713,2089,98602.75,25.37,158.89,98602.73,158.89
1783574713,2090,98603.17,25.37,158.85,98602.84,158.88
1783574713,2091,98603.17,25.37,158.85,98602.91,158.88
1783574713,2091,98603.17,25.37,158.85,98602.91,158.88
1783574713,2093,98602.95,25.37,158.87,98603.05,158.86
1783574713,2094,98602.95,25.37,158.87,98603.02,158.87
1783574713,2095,98602.95,25.37,158.87,98603.0,158.87
1783574713,2096,98603.27,25.37,158.84,98603.06,158.86
1783574714,2097,98602.85,25.37,158.88,98603.0,158.87
1783574714,2098,98602.85,25.37,158.88,98602.95,158.87
1783574714,2099,98602.85,25.37,158.88,98602.92,158.88
1783574714,2100,98602.52,25.37,158.91,98602.81,158.89
1783574714,2100,98602.52,25.37,158.91,98602.81,158.89
1783574714,2102,98602.2,25.37,158.94,98602.4,158.92
1783574714,2103,98602.2,25.37,158.94,98602.34,158.93
1783574714,2104,98602.2,25.37,158.94,98602.3,158.93
1783574715,2105,98601.45,25.37,159.01,98602.07,158.95
1783574715,2106,98601.88,25.37,158.97,98602.01,158.96
1783574715,2107,98601.45,25.37,159.01,98601.85,158.97
1783574715,2108,98601.88,25.37,158.97,98601.85,158.97
1783574715,2109,98601.88,25.37,158.97,98601.85,158.97
1783574715,2109,98601.88,25.37,158.97,98601.85,158.97
1783574715,2111,98602.2,25.37,158.94,98602.0,158.96
1783574715,2112,98602.2,25.37,158.94,98602.05,158.95
1783574716,2113,98602.2,25.37,158.94,98602.08,158.95
1783574716,2114,98602.2,25.37,158.94,98602.1,158.95
1783574716,2115,98602.63,25.37,158.9,98602.23,158.94
1783574716,2116,98602.63,25.37,158.9,98602.32,158.93
1783574716,2117,98602.3,25.37,158.93,98602.3,158.93
1783574716,2118,98602.3,25.37,158.93,98602.3,158.93
1783574716,2118,98602.3,25.37,158.93,98602.3,158.93
1783574716,2120,98602.3,25.37,158.93,98602.27,158.93
1783574716,2121,98602.3,25.37,158.93,98602.27,158.93
1783574717,2122,98602.3,25.37,158.93,98602.27,158.93
1783574717,2123,98602.3,25.37,158.93,98602.27,158.93
1783574717,2124,98602.3,25.37,158.93,98602.27,158.93
1783574717,2125,98602.63,25.37,158.9,98602.36,158.93
1783574717,2126,98602.63,25.37,158.9,98602.42,158.92
1783574717,2127,98602.63,25.37,158.9,98602.47,158.92
1783574717,2127,98602.63,25.37,158.9,98602.47,158.92
1783574717,2129,98602.95,25.37,158.87,98602.75,158.89
1783574718,2130,98602.95,25.37,158.87,98602.8,158.89
1783574718,2131,98602.85,25.37,158.88,98602.8,158.89
1783574718,2132,98602.85,25.37,158.88,98602.81,158.89
1783574718,2133,98602.85,25.37,158.88,98602.81,158.89
1783574718,2134,98602.85,25.37,158.88,98602.81,158.89
1783574718,2135,98602.85,25.37,158.88,98602.81,158.89
1783574718,2136,98602.85,25.37,158.88,98602.81,158.89
1783574718,2136,98602.85,25.37,158.88,98602.81,158.89
1783574719,2138,98603.17,25.37,158.85,98603.04,158.87
1783574719,2139,98603.17,25.37,158.85,98603.06,158.86
1783574719,2140,98602.75,25.37,158.89,98602.98,158.87
1783574719,2141,98602.75,25.37,158.89,98602.91,158.88
1783574719,2142,98602.75,25.37,158.89,98602.86,158.88
1783574719,2143,98602.33,25.37,158.93,98602.71,158.89
1783574719,2144,98602.66,25.37,158.9,98602.69,158.9
1783574719,2145,98602.66,25.37,158.9,98602.67,158.9
1783574719,2145,98602.66,25.37,158.9,98602.67,158.9
1783574720,2147,98602.56,25.36,158.9,98602.64,158.9
1783574720,2148,98602.56,25.36,158.9,98602.61,158.9
1783574720,2149,98602.17,25.36,158.94,98602.48,158.91
1783574720,2150,98602.48,25.36,158.91,98602.48,158.91
1783574720,2151,98602.06,25.36,158.95,98602.36,158.92
1783574720,2152,98602.39,25.36,158.92,98602.36,158.92
1783574720,2153,98602.39,25.36,158.92,98602.36,158.92
1783574720,2154,98602.39,25.36,158.92,98602.36,158.92
1783574720,2154,98602.39,25.36,158.92,98602.36,158.92
1783574721,2156,98602.3,25.36,158.93,98602.3,158.93
1783574721,2157,98602.3,25.36,158.93,98602.29,158.93
1783574721,2158,98602.3,25.36,158.93,98602.28,158.93
1783574721,2159,98601.88,25.35,158.96,98602.17,158.93
1783574721,2160,98601.88,25.35,158.96,98602.09,158.94
1783574721,2161,98601.88,25.35,158.96,98602.02,158.94
1783574721,2162,98602.2,25.35,158.93,98602.06,158.94
1783574721,2163,98602.2,25.35,158.93,98602.09,158.94
1783574722,2163,98602.2,25.35,158.93,98602.09,158.94
1783574722,2165,98602.09,25.35,158.94,98602.08,158.94
1783574722,2166,98602.09,25.35,158.94,98602.08,158.94
1783574722,2167,98602.09,25.35,158.94,98602.08,158.94
1783574722,2168,98601.77,25.35,158.97,98601.99,158.95
1783574722,2169,98602.52,25.35,158.9,98602.13,158.94
1783574722,2170,98602.09,25.35,158.94,98602.11,158.94
1783574722,2171,98602.09,25.35,158.94,98602.1,158.94
1783574722,2172,98602.09,25.35,158.94,98602.09,158.94
1783574723,2172,98602.09,25.35,158.94,98602.09,158.94
1783574723,2174,98601.77,25.35,158.97,98601.84,158.96
1783574723,2175,98601.77,25.35,158.97,98601.82,158.96
1783574723,2176,98601.77,25.35,158.97,98601.8,158.96
1783574723,2177,98601.77,25.35,158.97,98601.78,158.97
1783574723,2178,98601.38,25.35,159.0,98601.67,158.98
1783574723,2179,98601.38,25.35,159.0,98601.59,158.98
1783574723,2180,98601.38,25.35,159.0,98601.52,158.99
1783574724,2181,98601.38,25.35,159.0,98601.48,158.99
1783574724,2181,98601.38,25.35,159.0,98601.48,158.99
1783574724,2183,98601.45,25.35,159.0,98601.48,158.99
1783574724,2184,98601.45,25.35,159.0,98601.47,158.99
1783574724,2185,98601.88,25.35,158.96,98601.57,158.98
1783574724,2186,98601.88,25.35,158.96,98601.64,158.98
1783574724,2187,98601.97,25.36,158.95,98601.71,158.98
1783574724,2188,98601.97,25.36,158.95,98601.77,158.97
1783574724,2189,98601.64,25.36,158.98,98601.73,158.98
1783574725,2190,98602.06,25.36,158.95,98601.81,158.97
1783574725,2190,98602.06,25.36,158.95,98601.81,158.97
1783574725,2192,98601.84,25.36,158.97,98601.79,158.97
1783574725,2193,98601.84,25.36,158.97,98601.8,158.97
1783574725,2194,98601.91,25.36,158.96,98601.82,158.97
1783574725,2195,98601.91,25.36,158.96,98601.84,158.97
1783574725,2196,98601.91,25.36,158.96,98601.84,158.97
1783574725,2197,98601.91,25.36,158.96,98601.85,158.97
1783574726,2198,98602.0,25.37,158.96,98601.88,158.97
1783574726,2199,98602.0,25.37,158.96,98601.91,158.97
1783574726,2199,98602.0,25.37,158.96,98601.91,158.97
1783574726,2201,98602.2,25.37,158.94,98601.98,158.96
1783574726,2202,98602.2,25.37,158.94,98602.03,158.95
1783574726,2203,98602.2,25.37,158.94,98602.07,158.95
1783574726,2204,98602.52,25.37,158.91,98602.18,158.94
1783574726,2205,98602.2,25.37,158.94,98602.18,158.94
1783574727,2206,98602.63,25.37,158.9,98602.29,158.93
1783574727,2207,98602.63,25.37,158.9,98602.37,158.92
1783574727,2208,98602.63,25.37,158.9,98602.43,158.92
1783574727,2208,98602.63,25.37,158.9,98602.43,158.92
1783574727,2210,98602.63,25.37,158.9,98602.54,158.91
1783574727,2211,98602.63,25.37,158.9,98602.55,158.91
1783574727,2212,98603.02,25.38,158.87,98602.66,158.9
1783574727,2213,98603.02,25.38,158.87,98602.74,158.9
1783574727,2214,98603.02,25.38,158.87,98602.8,158.89
1783574728,2215,98603.02,25.38,158.87,98602.85,158.89
1783574728,2216,98603.34,25.38,158.84,98602.97,158.88
1783574728,2217,98603.02,25.38,158.87,98602.97,158.88
1783574728,2217,98603.02,25.38,158.87,98602.97,158.88
1783574728,2219,98603.44,25.38,158.84,98603.3,158.85
1783574728,2220,98603.44,25.38,158.84,98603.33,158.85
1783574728,2221,98603.44,25.38,158.84,98603.34,158.84
1783574728,2222,98603.44,25.38,158.84,98603.36,158.84
1783574729,2223,98603.44,25.38,158.84,98603.37,158.84
1783574729,2224,98603.44,25.38,158.84,98603.38,158.84
1783574729,2225,98603.77,25.38,158.81,98603.47,158.83
1783574729,2226,98604.09,25.38,158.78,98603.63,158.82
1783574729,2226,98604.09,25.38,158.78,98603.63,158.82
1783574729,2228,98603.66,25.38,158.82,98603.66,158.82
1783574729,2229,98603.27,25.37,158.84,98603.56,158.82
1783574729,2230,98603.27,25.37,158.84,98603.48,158.83
1783574730,2231,98603.17,25.37,158.85,98603.39,158.83
1783574730,2232,98603.5,25.37,158.82,98603.41,158.83
1783574730,2233,98603.5,25.37,158.82,98603.43,158.83
1783574730,2234,98603.5,25.37,158.82,98603.44,158.83
1783574730,2235,98603.08,25.37,158.86,98603.34,158.84
1783574730,2235,98603.08,25.37,158.86,98603.34,158.84
1783574730,2237,98602.75,25.37,158.89,98602.94,158.87
1783574730,2238,98602.75,25.37,158.89,98602.88,158.88
1783574730,2239,98602.75,25.37,158.89,98602.84,158.88
1783574731,2240,98602.75,25.37,158.89,98602.81,158.89
1783574731,2241,98602.43,25.37,158.92,98602.7,158.89
1783574731,2242,98602.43,25.37,158.92,98602.63,158.9
1783574731,2243,98602.75,25.37,158.89,98602.65,158.9
1783574731,2244,98602.75,25.37,158.89,98602.66,158.9
1783574731,2244,98602.75,25.37,158.89,98602.66,158.9
1783574731,2246,98602.75,25.37,158.89,98602.81,158.89
1783574731,2247,98603.17,25.37,158.85,98602.9,158.88
1783574732,2248,98603.17,25.37,158.85,98602.96,158.87
1783574732,2249,98602.85,25.37,158.88,98602.92,158.88
1783574732,2250,98602.85,25.37,158.88,98602.9,158.88
1783574732,2251,98602.52,25.37,158.91,98602.79,158.89
1783574732,2252,98602.63,25.37,158.9,98602.73,158.89
1783574732,2253,98602.3,25.37,158.93,98602.61,158.9
1783574732,2253,98602.3,25.37,158.93,98602.61,158.9
1783574732,2255,98602.69,25.38,158.9,98602.66,158.9
1783574733,2256,98602.69,25.38,158.9,98602.66,158.9
1783574733,2257,98602.69,25.38,158.9,98602.66,158.9
1783574733,2258,98602.36,25.38,158.93,98602.57,158.91
1783574733,2259,98602.36,25.38,158.93,98602.51,158.92
1783574733,2260,98602.36,25.38,158.93,98602.46,158.92
1783574733,2261,98601.98,25.37,158.96,98602.34,158.93
1783574733,2262,98601.98,25.37,158.96,98602.23,158.94
1783574733,2262,98601.98,25.37,158.96,98602.23,158.94
1783574733,2264,98601.78,25.37,158.98,98601.95,158.96
1783574734,2265,98602.1,25.37,158.95,98601.98,158.96
1783574734,2266,98602.1,25.37,158.95,98602.0,158.96
1783574734,2267,98602.1,25.37,158.95,98602.02,158.96
1783574734,2268,98601.78,25.37,158.98,98601.95,158.96
1783574734,2269,98601.78,25.37,158.98,98601.89,158.97
1783574734,2270,98602.1,25.37,158.95,98601.94,158.96
1783574734,2271,98602.1,25.37,158.95,98601.97,158.96
1783574734,2271,98602.1,25.37,158.95,98601.97,158.96
1783574735,2273,98602.33,25.37,158.93,98602.06,158.95
1783574735,2274,98602.66,25.37,158.9,98602.21,158.94
1783574735,2275,98601.91,25.36,158.96,98602.13,158.94
1783574735,2276,98602.23,25.36,158.93,98602.15,158.94
1783574735,2277,98602.23,25.36,158.93,98602.16,158.94
1783574735,2278,98601.91,25.36,158.96,98602.09,158.94
1783574735,2279,98602.23,25.36,158.93,98602.12,158.94
1783574735,2280,98601.84,25.36,158.97,98602.04,158.95
1783574735,2280,98601.84,25.36,158.97,98602.04,158.95
1783574736,2282,98601.84,25.36,158.97,98601.91,158.96
1783574736,2283,98602.23,25.36,158.93,98601.99,158.95
1783574736,2284,98602.23,25.36,158.93,98602.05,158.95
1783574736,2285,98602.23,25.36,158.93,98602.09,158.94
1783574736,2286,98601.52,25.36,159.0,98601.93,158.96
1783574736,2287,98601.84,25.36,158.97,98601.9,158.96
1783574736,2288,98601.84,25.36,158.97,98601.88,158.96
1783574736,2289,98602.17,25.36,158.94,98601.95,158.96
1783574736,2289,98602.17,25.36,158.94,98601.95,158.96
1783574737,2291,98601.74,25.36,158.98,98601.97,158.95
1783574737,2292,98601.74,25.36,158.98,98601.9,158.96
1783574737,2293,98602.06,25.36,158.95,98601.93,158.96
1783574737,2294,98602.06,25.36,158.95,98601.95,158.96
1783574737,2295,98602.39,25.36,158.92,98602.06,158.95
1783574737,2296,98602.39,25.36,158.92,98602.14,158.94
1783574737,2297,98602.06,25.36,158.95,98602.11,158.94
1783574737,2298,98602.39,25.36,158.92,98602.17,158.94
1783574738,2298,98602.39,25.36,158.92,98602.17,158.94
1783574738,2300,98603.04,25.36,158.86,98602.64,158.9
1783574738,2301,98602.95,25.36,158.87,98602.71,158.89
1783574738,2302,98603.27,25.36,158.84,98602.84,158.88
1783574738,2303,98602.95,25.36,158.87,98602.86,158.88
1783574738,2304,98603.27,25.36,158.84,98602.95,158.87
1783574738,2305,98603.27,25.36,158.84,98603.02,158.86
1783574738,2306,98602.84,25.35,158.87,98602.98,158.86
1783574738,2307,98602.84,25.35,158.87,98602.94,158.86
1783574739,2307,98602.84,25.35,158.87,98602.94,158.86
1783574739,2309,98602.09,25.35,158.94,98602.46,158.91
1783574739,2310,98602.09,25.35,158.94,98602.36,158.92
1783574739,2311,98602.09,25.35,158.94,98602.28,158.92
1783574739,2312,98602.42,25.35,158.91,98602.31,158.92
1783574739,2313,98602.42,25.35,158.91,98602.34,158.92
1783574739,2314,98602.42,25.35,158.91,98602.35,158.92
1783574739,2315,98602.09,25.35,158.94,98602.28,158.92
1783574740,2316,98602.52,25.35,158.9,98602.34,158.92
1783574740,2316,98602.52,25.35,158.9,98602.34,158.92
1783574740,2318,98602.2,25.35,158.93,98602.3,158.92
1783574740,2319,98602.2,25.35,158.93,98602.27,158.92
1783574740,2320,98602.2,25.35,158.93,98602.24,158.93
1783574740,2321,98602.62,25.36,158.9,98602.33,158.92
1783574740,2322,98602.3,25.36,158.93,98602.31,158.92
1783574740,2323,98601.97,25.36,158.95,98602.22,158.93
1783574741,2324,98601.97,25.36,158.95,98602.15,158.94
1783574741,2325,98601.97,25.36,158.95,98602.09,158.94
1783574741,2325,98601.97,25.36,158.95,98602.09,158.94
1783574741,2327,98602.17,25.36,158.94,98602.02,158.95
1783574741,2328,98602.17,25.36,158.94,98602.05,158.95
1783574741,2329,98601.91,25.36,158.96,98602.0,158.95
1783574741,2330,98601.91,25.36,158.96,98601.97,158.95
1783574741,2331,98602.0,25.37,158.96,98601.97,158.96
1783574741,2332,98602.0,25.37,158.96,98601.97,158.96
1783574742,2333,98602.0,25.37,158.96,98601.97,158.96
1783574742,2334,98602.0,25.37,158.96,98601.97,158.96
1783574742,2334,98602.0,25.37,158.96,98601.97,158.96
1783574742,2336,98601.69,25.37,158.99,98601.75,158.98
1783574742,2337,98601.69,25.37,158.99,98601.73,158.98
1783574742,2338,98601.69,25.37,158.99,98601.71,158.98
1783574742,2339,98601.69,25.37,158.99,98601.7,158.98
1783574742,2340,98601.69,25.37,158.99,98601.69,158.99
1783574743,2341,98602.1,25.37,158.95,98601.79,158.98
1783574743,2342,98601.78,25.37,158.98,98601.78,158.98
1783574743,2343,98602.1,25.37,158.95,98601.86,158.97
1783574743,2343,98602.1,25.37,158.95,98601.86,158.97
1783574743,2345,98601.88,25.37,158.97,98601.88,158.97
1783574743,2346,98602.3,25.37,158.93,98601.98,158.96
1783574743,2347,98601.98,25.37,158.96,98601.98,158.96
1783574743,2348,98601.98,25.37,158.96,98601.97,158.96
1783574744,2349,98601.98,25.37,158.96,98601.96,158.96
1783574744,2350,98602.36,25.38,158.93,98602.05,158.96
1783574744,2351,98602.69,25.38,158.9,98602.2,158.94
1783574744,2352,98602.36,25.38,158.93,98602.23,158.94
1783574744,2352,98602.36,25.38,158.93,98602.23,158.94
1783574744,2354,98602.47,25.38,158.92,98602.22,158.94
1783574744,2355,98602.14,25.38,158.95,98602.19,158.95
1783574744,2356,98602.14,25.38,158.95,98602.16,158.95
1783574744,2357,98602.23,25.38,158.94,98602.17,158.95
1783574745,2358,98601.91,25.38,158.97,98602.09,158.95
1783574745,2359,98602.34,25.38,158.93,98602.15,158.95
1783574745,2360,98602.02,25.38,158.96,98602.1,158.95
1783574745,2361,98602.4,25.39,158.93,98602.16,158.95
1783574745,2361,98602.4,25.39,158.93,98602.16,158.95
1783574745,2363,98602.5,25.39,158.92,98602.22,158.95
1783574745,2364,98602.17,25.39,158.95,98602.2,158.95
1783574745,2365,98602.17,25.39,158.95,98602.18,158.95
1783574746,2366,98602.08,25.39,158.96,98602.14,158.96
1783574746,2367,98602.08,25.39,158.96,98602.11,158.96
1783574746,2368,98602.4,25.39,158.93,98602.17,158.95
1783574746,2369,98602.73,25.39,158.9,98602.3,158.94
1783574746,2370,98602.34,25.38,158.93,98602.3,158.94
1783574746,2370,98602.34,25.38,158.93,98602.3,158.94
1783574746,2372,98602.47,25.38,158.92,98602.44,158.92
1783574746,2373,98602.36,25.38,158.93,98602.41,158.93
1783574747,2374,98602.36,25.38,158.93,98602.38,158.93
1783574747,2375,98602.63,25.37,158.9,98602.45,158.92
1783574747,2376,98602.63,25.37,158.9,98602.48,158.91
1783574747,2377,98602.95,25.37,158.87,98602.6,158.9
1783574747,2378,98602.52,25.37,158.91,98602.57,158.91
1783574747,2379,98602.52,25.37,158.91,98602.55,158.91
1783574747,2379,98602.52,25.37,158.91,98602.55,158.91
1783574747,2381,98603.08,25.37,158.86,98602.72,158.89
1783574747,2382,98602.66,25.37,158.9,98602.7,158.9
1783574748,2383,98602.66,25.37,158.9,98602.68,158.9
1783574748,2384,98602.66,25.37,158.9,98602.66,158.9
1783574748,2385,98602.56,25.36,158.9,98602.63,158.9
1783574748,2386,98602.88,25.36,158.87,98602.69,158.89
1783574748,2387,98602.88,25.36,158.87,98602.73,158.89
1783574748,2388,98602.48,25.36,158.91,98602.66,158.89
1783574748,2388,98602.48,25.36,158.91,98602.66,158.89
1783574748,2390,98602.81,25.36,158.88,98602.59,158.9
1783574749,2391,98602.72,25.36,158.89,98602.62,158.9
1783574749,2392,98602.39,25.36,158.92,98602.55,158.9
1783574749,2393,98602.39,25.36,158.92,98602.5,158.91
1783574749,2394,98602.39,25.36,158.92,98602.46,158.91
1783574749,2395,98602.3,25.36,158.93,98602.41,158.92
1783574749,2396,98601.97,25.36,158.95,98602.28,158.93
1783574749,2397,98601.97,25.36,158.95,98602.2,158.93
1783574749,2397,98601.97,25.36,158.95,98602.2,158.93
1783574749,2399,98601.97,25.36,158.95,98602.02,158.95
1783574750,2400,98601.64,25.36,158.98,98601.91,158.96
1783574750,2401,98602.39,25.36,158.92,98602.02,158.95
1783574750,2402,98602.06,25.36,158.95,98602.02,158.95
1783574750,2403,98602.06,25.36,158.95,98602.02,158.95
1783574750,2404,98602.06,25.36,158.95,98602.02,158.95
1783574750,2405,98602.17,25.36,158.94,98602.05,158.95
1783574750,2406,98602.17,25.36,158.94,98602.08,158.95
1783574750,2406,98602.17,25.36,158.94,98602.08,158.95
1783574751,2408,98601.84,25.36,158.97,98601.98,158.95
1783574751,2409,98602.23,25.36,158.93,98602.04,158.95
1783574751,2410,98602.23,25.36,158.93,98602.08,158.95
1783574751,2411,98602.23,25.36,158.93,98602.11,158.94
1783574751,2412,98602.23,25.36,158.93,98602.13,158.94
1783574751,2413,98602.33,25.37,158.93,98602.17,158.94
1783574751,2414,98602.33,25.37,158.93,98602.2,158.94
1783574751,2415,98602.0,25.37,158.96,98602.14,158.94
1783574751,2415,98602.0,25.37,158.96,98602.14,158.94
1783574752,2417,98602.1,25.37,158.95,98602.06,158.95
1783574752,2418,98602.1,25.37,158.95,98602.06,158.95
1783574752,2419,98602.43,25.37,158.92,98602.15,158.94
1783574752,2420,98602.43,25.37,158.92,98602.21,158.94
1783574752,2421,98602.52,25.37,158.91,98602.28,158.93
1783574752,2422,98602.52,25.37,158.91,98602.34,158.93
1783574752,2423,98602.2,25.37,158.94,98602.3,158.93
1783574752,2424,98602.63,25.37,158.9,98602.38,158.92
1783574752,2424,98602.63,25.37,158.9,98602.38,158.92
1783574753,2426,98602.36,25.38,158.93,98602.38,158.93
1783574753,2427,98602.05,25.38,158.96,98602.28,158.94
1783574753,2428,98602.47,25.38,158.92,98602.32,158.93
1783574753,2429,98601.72,25.38,158.99,98602.16,158.95
1783574753,2430,98602.47,25.38,158.92,98602.23,158.94
1783574753,2431,98602.14,25.38,158.95,98602.2,158.95
1783574753,2432,98602.14,25.38,158.95,98602.17,158.95
1783574753,2433,98602.14,25.38,158.95,98602.16,158.95
1783574754,2433,98602.14,25.38,158.95,98602.16,158.95
1783574754,2435,98601.81,25.38,158.98,98601.97,158.97
1783574754,2436,98602.14,25.38,158.95,98602.0,158.96
1783574754,2437,98602.14,25.38,158.95,98602.02,158.96
1783574754,2438,98602.14,25.38,158.95,98602.05,158.96
1783574754,2439,98602.14,25.38,158.95,98602.06,158.96
1783574754,2440,98601.72,25.38,158.99,98601.96,158.97
1783574754,2441,98602.05,25.38,158.96,98601.98,158.96
1783574755,2442,98602.05,25.38,158.96,98601.98,158.96
1783574755,2442,98602.05,25.38,158.96,98601.98,158.96
1783574755,2444,98601.88,25.37,158.97,98602.03,158.95
1783574755,2445,98601.88,25.37,158.97,98601.98,158.96
1783574755,2446,98601.78,25.37,158.98,98601.92,158.96
1783574755,2447,98601.78,25.37,158.98,98601.88,158.97
1783574755,2448,98601.36,25.37,159.01,98601.73,158.98
1783574755,2449,98601.69,25.37,158.99,98601.71,158.98
1783574755,2450,98601.25,25.36,159.02,98601.59,158.99
1783574756,2451,98601.58,25.36,158.99,98601.58,158.99
1783574756,2451,98601.58,25.36,158.99,98601.58,158.99
1783574756,2453,98601.09,25.36,159.03,98601.32,159.01
1783574756,2454,98601.42,25.36,159.0,98601.34,159.01
1783574756,2455,98601.32,25.36,159.01,98601.32,159.01
1783574756,2456,98601.32,25.36,159.01,98601.31,159.01
1783574756,2457,98601.64,25.36,158.98,98601.39,159.01
1783574756,2458,98601.64,25.36,158.98,98601.45,159.0
1783574757,2459,98601.97,25.36,158.95,98601.57,158.99
1783574757,2460,98601.55,25.35,158.99,98601.56,158.99
1783574757,2460,98601.55,25.35,158.99,98601.56,158.99
1783574757,2462,98602.2,25.35,158.93,98601.91,158.95
1783574757,2463,98602.2,25.35,158.93,98601.98,158.95
1783574757,2464,98602.09,25.35,158.94,98602.01,158.95
1783574757,2465,98602.09,25.35,158.94,98602.02,158.94
1783574757,2466,98602.09,25.35,158.94,98602.04,158.94
1783574757,2467,98602.09,25.35,158.94,98602.05,158.94
1783574758,2468,98602.09,25.35,158.94,98602.05,158.94
1783574758,2469,98602.09,25.35,158.94,98602.06,158.94
1783574758,2469,98602.09,25.35,158.94,98602.06,158.94
1783574758,2471,98602.03,25.35,158.94,98602.09,158.94
1783574758,2472,98602.36,25.35,158.92,98602.15,158.93
1783574758,2473,98601.94,25.35,158.95,98602.09,158.94
1783574758,2474,98601.94,25.35,158.95,98602.04,158.94
1783574758,2475,98601.94,25.35,158.95,98602.01,158.95
1783574759,2476,98601.94,25.35,158.95,98601.98,158.95
1783574759,2477,98602.26,25.35,158.92,98602.05,158.94
1783574759,2478,98602.26,25.35,158.92,98602.09,158.94
1783574759,2478,98602.26,25.35,158.92,98602.09,158.94
1783574759,2480,98602.16,25.34,158.93,98602.27,158.92
1783574759,2481,98602.16,25.34,158.93,98602.23,158.92
1783574759,2482,98602.48,25.34,158.9,98602.3,158.92
1783574759,2483,98602.48,25.34,158.9,98602.34,158.91
1783574760,2484,98602.48,25.34,158.9,98602.37,158.91
1783574760,2485,98602.48,25.34,158.9,98602.39,158.91
1783574760,2486,98602.48,25.34,158.9,98602.41,158.91
1783574760,2487,98602.06,25.34,158.94,98602.31,158.91
1783574760,2487,98602.06,25.34,158.94,98602.31,158.91
1783574760,2489,98602.38,25.34,158.91,98602.35,158.91
1783574760,2490,98602.71,25.34,158.88,98602.44,158.9
1783574760,2491,98602.71,25.34,158.88,98602.5,158.9
1783574760,2492,98602.28,25.34,158.92,98602.44,158.9
1783574761,2493,98602.28,25.34,158.92,98602.39,158.91
1783574761,2494,98602.28,25.34,158.92,98602.36,158.91
1783574761,2495,98602.28,25.34,158.92,98602.34,158.91
1783574761,2496,98602.28,25.34,158.92,98602.31,158.91
1783574761,2496,98602.28,25.34,158.92,98602.31,158.91
1783574761,2498,98602.55,25.34,158.89,98602.45,158.9
1783574761,2499,98602.55,25.34,158.89,98602.47,158.9
1783574761,2500,98602.88,25.34,158.86,98602.57,158.89
1783574762,2501,98603.2,25.34,158.84,98602.73,158.88
1783574762,2502,98602.45,25.33,158.9,98602.66,158.88
1783574762,2503,98602.77,25.33,158.87,98602.68,158.88
1783574762,2504,98602.34,25.33,158.91,98602.59,158.88
1783574762,2505,98602.34,25.33,158.91,98602.52,158.89
1783574762,2505,98602.34,25.33,158.91,98602.52,158.89
1783574762,2507,98602.15,25.33,158.92,98602.3,158.91
1783574762,2508,98602.15,25.33,158.92,98602.26,158.91
1783574763,2509,98602.48,25.33,158.89,98602.31,158.91
1783574763,2510,98602.09,25.32,158.92,98602.26,158.91
1783574763,2511,98602.09,25.32,158.92,98602.21,158.91
1783574763,2512,98601.98,25.32,158.93,98602.15,158.92
1783574763,2513,98602.31,25.32,158.9,98602.19,158.91
1783574763,2514,98602.64,25.32,158.87,98602.3,158.9
1783574763,2514,98602.64,25.32,158.87,98602.3,158.9
1783574763,2516,98602.77,25.32,158.86,98602.47,158.89
1783574763,2517,98602.34,25.31,158.89,98602.44,158.89
1783574764,2518,98602.34,25.31,158.89,98602.41,158.89
1783574764,2519,98601.95,25.31,158.93,98602.29,158.9
1783574764,2520,98602.27,25.31,158.9,98602.28,158.9
1783574764,2521,98602.18,25.31,158.91,98602.25,158.9
1783574764,2522,98602.5,25.31,158.88,98602.31,158.9
1783574764,2523,98602.41,25.31,158.89,98602.34,158.9
1783574764,2523,98602.41,25.31,158.89,98602.34,158.9
1783574764,2525,98602.79,25.3,158.85,98602.53,158.87
1783574765,2526,98602.69,25.3,158.86,98602.57,158.87
1783574765,2527,98602.69,25.3,158.86,98602.6,158.87
1783574765,2528,98602.92,25.29,158.83,98602.7,158.85
1783574765,2529,98602.5,25.29,158.87,98602.65,158.86
1783574765,2530,98602.82,25.29,158.84,98602.7,158.85
1783574765,2531,98602.72,25.29,158.85,98602.7,158.85
1783574765,2532,98603.05,25.29,158.82,98602.8,158.84
1783574765,2532,98603.05,25.29,158.82,98602.8,158.84
1783574766,2534,98602.98,25.29,158.83,98602.94,158.83
1783574766,2535,98602.88,25.28,158.83,98602.92,158.83
1783574766,2536,98602.56,25.28,158.86,98602.83,158.84
1783574766,2537,98602.88,25.28,158.83,98602.84,158.83
1783574766,2538,98602.88,25.28,158.83,98602.86,158.83
1783574766,2539,98602.13,25.28,158.9,98602.67,158.85
1783574766,2540,98602.46,25.28,158.87,98602.62,158.85
1783574766,2541,98602.46,25.28,158.87,98602.58,158.86
1783574766,2541,98602.46,25.28,158.87,98602.58,158.86
1783574767,2543,98601.71,25.28,158.94,98602.01,158.91
1783574767,2544,98601.71,25.28,158.94,98601.93,158.92
1783574767,2545,98601.29,25.28,158.97,98601.77,158.93
1783574767,2546,98601.61,25.28,158.94,98601.73,158.93
1783574767,2547,98601.61,25.28,158.94,98601.7,158.94
1783574767,2548,98601.61,25.28,158.94,98601.67,158.94
1783574767,2549,98601.61,25.28,158.94,98601.66,158.94
1783574767,2550,98601.61,25.28,158.94,98601.65,158.94
1783574767,2550,98601.61,25.28,158.94,98601.65,158.94
1783574768,2552,98601.61,25.28,158.94,98601.63,158.94
1783574768,2553,98601.61,25.28,158.94,98601.63,158.94
1783574768,2554,98602.36,25.28,158.88,98601.82,158.93
1783574768,2555,98602.36,25.28,158.88,98601.96,158.91
1783574768,2556,98602.69,25.28,158.85,98602.15,158.9
1783574768,2557,98602.69,25.28,158.85,98602.29,158.88
1783574768,2558,98602.69,25.28,158.85,98602.4,158.87
1783574768,2559,98603.01,25.28,158.82,98602.56,158.86
1783574768,2559,98603.01,25.28,158.82,98602.56,158.86
1783574769,2561,98602.27,25.28,158.89,98602.6,158.86
1783574769,2562,98601.94,25.28,158.91,98602.43,158.87
1783574769,2563,98601.94,25.28,158.91,98602.3,158.88
1783574769,2564,98601.94,25.28,158.91,98602.21,158.89
1783574769,2565,98601.94,25.28,158.91,98602.14,158.9
1783574769,2566,98601.94,25.28,158.91,98602.09,158.9
1783574769,2567,98601.94,25.28,158.91,98602.05,158.91
1783574769,2568,98601.94,25.28,158.91,98602.02,158.91
1783574770,2568,98601.94,25.28,158.91,98602.02,158.91
1783574770,2570,98602.36,25.28,158.88,98602.08,158.9
1783574770,2571,98602.03,25.28,158.91,98602.07,158.9
1783574770,2572,98602.03,25.28,158.91,98602.06,158.9
1783574770,2573,98602.03,25.28,158.91,98602.05,158.9
1783574770,2574,98601.71,25.28,158.94,98601.97,158.91
1783574770,2575,98602.03,25.28,158.91,98601.98,158.91
1783574770,2576,98602.13,25.28,158.9,98602.02,158.91
1783574771,2577,98602.13,25.28,158.9,98602.05,158.9
1783574771,2577,98602.13,25.28,158.9,98602.05,158.9
1783574771,2579,98601.81,25.28,158.93,98601.94,158.91
1783574771,2580,98602.23,25.28,158.89,98602.02,158.91
1783574771,2581,98602.23,25.28,158.89,98602.08,158.9
1783574771,2582,98602.23,25.28,158.89,98602.12,158.9
1783574771,2583,98601.91,25.28,158.92,98602.06,158.9
1783574771,2584,98602.23,25.28,158.89,98602.11,158.9
1783574771,2585,98601.81,25.28,158.93,98602.03,158.91
1783574772,2586,98601.81,25.28,158.93,98601.98,158.91
1783574772,2586,98601.81,25.28,158.93,98601.98,158.91
1783574772,2588,98601.81,25.28,158.93,98601.9,158.92
1783574772,2589,98601.81,25.28,158.93,98601.88,158.92
1783574772,2590,98602.13,25.28,158.9,98601.95,158.91
1783574772,2591,98602.13,25.28,158.9,98602.0,158.91
1783574772,2592,98602.13,25.28,158.9,98602.04,158.91
1783574772,2593,98602.13,25.28,158.9,98602.06,158.9
1783574773,2594,98601.71,25.28,158.94,98601.98,158.91
1783574773,2595,98601.71,25.28,158.94,98601.91,158.92
1783574773,2595,98601.71,25.28,158.94,98601.91,158.92
1783574773,2597,98601.71,25.28,158.94,98601.77,158.93
1783574773,2598,98601.71,25.28,158.94,98601.76,158.93
1783574773,2599,98601.29,25.28,158.97,98601.64,158.94
1783574773,2600,98601.29,25.28,158.97,98601.55,158.95
1783574773,2601,98601.29,25.28,158.97,98601.48,158.96
1783574774,2602,98601.29,25.28,158.97,98601.44,158.96
1783574774,2603,98601.29,25.28,158.97,98601.4,158.96
1783574774,2604,98601.29,25.28,158.97,98601.38,158.96
1783574774,2604,98601.29,25.28,158.97,98601.38,158.96
1783574774,2606,98601.29,25.28,158.97,98601.32,158.97
1783574774,2607,98601.61,25.28,158.94,98601.4,158.96
1783574774,2608,98601.29,25.28,158.97,98601.38,158.96
1783574774,2609,98601.29,25.28,158.97,98601.35,158.97
1783574774,2610,98602.03,25.28,158.91,98601.53,158.95
1783574775,2611,98602.03,25.28,158.91,98601.66,158.94
1783574775,2612,98602.03,25.28,158.91,98601.76,158.93
1783574775,2613,98601.71,25.28,158.94,98601.75,158.93
1783574775,2613,98601.71,25.28,158.94,98601.75,158.93
1783574775,2615,98602.03,25.28,158.91,98601.95,158.91
1783574775,2616,98602.03,25.28,158.91,98601.98,158.91
1783574775,2617,98602.36,25.28,158.88,98602.08,158.9
1783574775,2618,98602.36,25.28,158.88,98602.16,158.9
1783574776,2619,98602.36,25.28,158.88,98602.21,158.89
1783574776,2620,98602.69,25.28,158.85,98602.34,158.88
1783574776,2621,98602.69,25.28,158.85,98602.43,158.87
1783574776,2622,98602.69,25.28,158.85,98602.5,158.87
1783574776,2622,98602.69,25.28,158.85,98602.5,158.87
1783574776,2624,98603.01,25.28,158.82,98602.86,158.83
1783574776,2625,98603.01,25.28,158.82,98602.9,158.83
1783574776,2626,98603.34,25.28,158.79,98603.02,158.82
1783574777,2627,98603.44,25.28,158.78,98603.13,158.81
1783574777,2628,98603.44,25.28,158.78,98603.21,158.8
1783574777,2629,98603.44,25.28,158.78,98603.27,158.8
1783574777,2630,98603.11,25.28,158.81,98603.23,158.8
1783574777,2631,98603.11,25.28,158.81,98603.2,158.8
1783574777,2631,98603.11,25.28,158.81,98603.2,158.8
1783574777,2633,98602.88,25.28,158.83,98602.91,158.83
1783574777,2634,98602.56,25.28,158.86,98602.83,158.84
1783574777,2635,98602.56,25.28,158.86,98602.76,158.84
1783574778,2636,98602.56,25.28,158.86,98602.71,158.85
1783574778,2637,98602.56,25.28,158.86,98602.67,158.85
1783574778,2638,98602.56,25.28,158.86,98602.65,158.85
1783574778,2639,98602.56,25.28,158.86,98602.63,158.85
1783574778,2640,98602.56,25.28,158.86,98602.61,158.86
1783574778,2640,98602.56,25.28,158.86,98602.61,158.86
1783574778,2642,98602.56,25.28,158.86,98602.58,158.86
1783574778,2643,98602.56,25.28,158.86,98602.58,158.86
1783574779,2644,98602.56,25.28,158.86,98602.58,158.86
1783574779,2645,98602.23,25.28,158.89,98602.49,158.87
1783574779,2646,98602.23,25.28,158.89,98602.43,158.87
1783574779,2647,98602.98,25.29,158.83,98602.58,158.86
1783574779,2648,98602.98,25.29,158.83,98602.69,158.85
1783574779,2649,98602.98,25.29,158.83,98602.77,158.85
1783574779,2649,98602.98,25.29,158.83,98602.77,158.85
1783574779,2651,98603.05,25.29,158.82,98602.94,158.83
1783574779,2652,98603.05,25.29,158.82,98602.97,158.83
1783574780,2653,98603.05,25.29,158.82,98602.99,158.83
1783574780,2654,98602.72,25.29,158.85,98602.92,158.83
1783574780,2655,98602.33,25.29,158.89,98602.77,158.85
1783574780,2656,98602.66,25.29,158.86,98602.74,158.85
1783574780,2657,98602.66,25.29,158.86,98602.72,158.85
1783574780,2658,98602.66,25.29,158.86,98602.7,158.85
1783574780,2658,98602.66,25.29,158.86,98602.7,158.85
1783574780,2660,98602.56,25.28,158.86,98602.91,158.83
1783574781,2661,98602.56,25.28,158.86,98602.82,158.84
1783574781,2662,98602.88,25.28,158.83,98602.84,158.84
1783574781,2663,98602.88,25.28,158.83,98602.85,158.83
1783574781,2664,98603.2,25.28,158.8,98602.95,158.83
1783574781,2665,98603.2,25.28,158.8,98603.02,158.82
1783574781,2666,98603.2,25.28,158.8,98603.07,158.81
1783574781,2667,98603.2,25.28,158.8,98603.11,158.81
1783574781,2667,98603.2,25.28,158.8,98603.11,158.81
1783574782,2669,98603.63,25.29,158.77,98603.38,158.79
1783574782,2670,98603.31,25.29,158.8,98603.36,158.79
1783574782,2671,98603.31,25.29,158.8,98603.35,158.8
1783574782,2672,98603.31,25.29,158.8,98603.34,158.8
1783574782,2673,98603.31,25.29,158.8,98603.34,158.8
1783574782,2674,98603.31,25.29,158.8,98603.33,158.8
1783574782,2675,98602.98,25.29,158.83,98603.24,158.8
1783574782,2676,98602.98,25.29,158.83,98603.18,158.81
1783574782,2676,98602.98,25.29,158.83,98603.18,158.81
1783574783,2678,98602.98,25.29,158.83,98603.05,158.82
1783574783,2679,98602.98,25.29,158.83,98603.03,158.82
1783574783,2680,98603.31,25.29,158.8,98603.11,158.82
1783574783,2681,98603.31,25.29,158.8,98603.16,158.81
1783574783,2682,98602.98,25.29,158.83,98603.12,158.82
1783574783,2683,98603.38,25.29,158.79,98603.19,158.81
1783574783,2684,98603.38,25.29,158.79,98603.24,158.8
1783574783,2685,98602.98,25.29,158.83,98603.18,158.81
1783574783,2685,98602.98,25.29,158.83,98603.18,158.81
1783574784,2687,98603.05,25.29,158.82,98603.0,158.83
1783574784,2688,98602.72,25.29,158.85,98602.93,158.83
1783574784,2689,98603.05,25.29,158.82,98602.96,158.83
1783574784,2690,98603.05,25.29,158.82,98602.98,158.83
1783574784,2691,98602.72,25.29,158.85,98602.91,158.83
1783574784,2692,98602.72,25.29,158.85,98602.87,158.84
1783574784,2693,98602.82,25.29,158.84,98602.86,158.84
1783574784,2694,98602.82,25.29,158.84,98602.85,158.84
1783574785,2694,98602.82,25.29,158.84,98602.85,158.84
1783574785,2696,98602.92,25.29,158.83,98602.9,158.84
1783574785,2697,98602.92,25.29,158.83,98602.91,158.83
1783574785,2698,98603.34,25.3,158.8,98603.02,158.83
1783574785,2699,98603.02,25.3,158.83,98603.02,158.83
1783574785,2700,98603.02,25.3,158.83,98603.02,158.83
1783574785,2701,98603.11,25.3,158.82,98603.04,158.83
1783574785,2702,98603.11,25.3,158.82,98603.05,158.83
1783574785,2703,98603.11,25.3,158.82,98603.07,158.83
1783574786,2703,98603.11,25.3,158.82,98603.07,158.83
1783574786,2705,98602.86,25.3,158.84,98602.97,158.83
1783574786,2706,98603.19,25.3,158.81,98603.02,158.83
1783574786,2707,98603.19,25.3,158.81,98603.06,158.83
1783574786,2708,98602.86,25.3,158.84,98603.01,158.83
1783574786,2709,98602.86,25.3,158.84,98602.97,158.83
1783574786,2710,98602.53,25.3,158.87,98602.85,158.84
1783574786,2711,98602.53,25.3,158.87,98602.77,158.85
1783574787,2712,98602.53,25.3,158.87,98602.7,158.86
1783574787,2712,98602.53,25.3,158.87,98602.7,158.86
1783574787,2714,98602.63,25.3,158.86,98602.6,158.87
1783574787,2715,98602.31,25.3,158.89,98602.52,158.87
1783574787,2716,98602.31,25.3,158.89,98602.47,158.88
1783574787,2717,98602.31,25.3,158.89,98602.43,158.88
1783574787,2718,98602.31,25.3,158.89,98602.4,158.88
1783574787,2719,98601.88,25.3,158.93,98602.27,158.9
1783574787,2720,98602.31,25.3,158.89,98602.28,158.9
1783574788,2721,98602.31,25.3,158.89,98602.29,158.89
1783574788,2721,98602.31,25.3,158.89,98602.29,158.89
1783574788,2723,98602.31,25.3,158.89,98602.36,158.89
1783574788,2724,98602.31,25.3,158.89,98602.34,158.89
1783574788,2725,98602.63,25.3,158.86,98602.41,158.88
1783574788,2726,98602.31,25.3,158.89,98602.39,158.89
1783574788,2727,98602.63,25.3,158.86,98602.45,158.88
1783574788,2728,98602.31,25.3,158.89,98602.41,158.88
1783574789,2729,98602.63,25.3,158.86,98602.47,158.88
1783574789,2730,98602.31,25.3,158.89,98602.43,158.88
1783574789,2730,98602.31,25.3,158.89,98602.43,158.88
1783574789,2732,98602.63,25.3,158.86,98602.43,158.88
1783574789,2733,98602.2,25.3,158.9,98602.37,158.89
1783574789,2734,98602.2,25.3,158.9,98602.33,158.89
1783574789,2735,98602.2,25.3,158.9,98602.3,158.89
1783574789,2736,98602.2,25.3,158.9,98602.27,158.9
1783574790,2737,98602.2,25.3,158.9,98602.26,158.9
1783574790,2738,98602.2,25.3,158.9,98602.24,158.9
1783574790,2739,98602.2,25.3,158.9,98602.23,158.9
1783574790,2739,98602.2,25.3,158.9,98602.23,158.9
1783574790,2741,98601.88,25.3,158.93,98602.02,158.92
1783574790,2742,98601.88,25.3,158.93,98601.98,158.92
1783574790,2743,98601.56,25.3,158.96,98601.88,158.93
1783574790,2744,98601.56,25.3,158.96,98601.8,158.94
1783574790,2745,98601.88,25.3,158.93,98601.82,158.94
1783574791,2746,98601.88,25.3,158.93,98601.84,158.93
1783574791,2747,98601.88,25.3,158.93,98601.85,158.93
1783574791,2748,98601.88,25.3,158.93,98601.86,158.93
1783574791,2748,98601.88,25.3,158.93,98601.86,158.93
1783574791,2750,98602.2,25.3,158.9,98602.02,158.92
1783574791,2751,98601.88,25.3,158.93,98601.98,158.92
1783574791,2752,98601.88,25.3,158.93,98601.96,158.92
1783574791,2753,98601.88,25.3,158.93,98601.94,158.93
1783574792,2754,98602.2,25.3,158.9,98602.01,158.92
1783574792,2755,98601.49,25.3,158.97,98601.88,158.93
1783574792,2756,98601.49,25.3,158.97,98601.77,158.94
1783574792,2757,98601.49,25.3,158.97,98601.7,158.95
1783574792,2757,98601.49,25.3,158.97,98601.7,158.95
1783574792,2759,98601.17,25.3,158.99,98601.36,158.98
1783574792,2760,98601.17,25.3,158.99,98601.31,158.98
1783574792,2761,98601.56,25.3,158.96,98601.38,158.98
1783574793,2762,98601.23,25.3,158.99,98601.34,158.98
1783574793,2763,98601.23,25.3,158.99,98601.31,158.98
1783574793,2764,98601.23,25.3,158.99,98601.29,158.98
1783574793,2765,98601.23,25.3,158.99,98601.27,158.98
1783574793,2766,98601.23,25.3,158.99,98601.27,158.98
1783574793,2766,98601.23,25.3,158.99,98601.27,158.98
1783574793,2768,98601.23,25.3,158.99,98601.24,158.99
1783574793,2769,98601.23,25.3,158.99,98601.24,158.99
1783574793,2770,98601.23,25.3,158.99,98601.24,158.99
1783574794,2771,98601.23,25.3,158.99,98601.24,158.99
1783574794,2772,98600.91,25.3,159.02,98601.16,158.99
1783574794,2773,98600.91,25.3,159.02,98601.09,159.0
1783574794,2774,98600.91,25.3,159.02,98601.05,159.0
1783574794,2775,98600.59,25.3,159.05,98600.93,159.02
1783574794,2775,98600.59,25.3,159.05,98600.93,159.02
1783574794,2777,98601.33,25.3,158.98,98601.05,159.0
1783574794,2778,98601.33,25.3,158.98,98601.13,159.0
1783574795,2779,98601.0,25.3,159.01,98601.09,159.0
1783574795,2780,98601.0,25.3,159.01,98601.07,159.0
1783574795,2781,98601.0,25.3,159.01,98601.05,159.0
1783574795,2782,98601.0,25.3,159.01,98601.04,159.01
1783574795,2783,98601.43,25.31,158.98,98601.13,159.0
1783574795,2784,98601.43,25.31,158.98,98601.21,159.0
1783574795,2784,98601.43,25.31,158.98,98601.21,159.0
1783574795,2786,98601.53,25.31,158.97,98601.47,158.97
1783574796,2787,98601.53,25.31,158.97,98601.48,158.97
1783574796,2788,98601.53,25.31,158.97,98601.49,158.97
1783574796,2789,98601.2,25.31,159.0,98601.41,158.98
1783574796,2790,98601.63,25.31,158.96,98601.47,158.97
1783574796,2791,98601.63,25.31,158.96,98601.51,158.97
1783574796,2792,98601.95,25.31,158.93,98601.63,158.96
1783574796,2793,98601.63,25.31,158.96,98601.63,158.96
1783574796,2793,98601.63,25.31,158.96,98601.63,158.96
1783574796,2795,98602.02,25.31,158.92,98601.85,158.94
1783574797,2796,98602.02,25.31,158.92,98601.89,158.94
1783574797,2797,98602.02,25.31,158.92,98601.92,158.93
1783574797,2798,98601.7,25.31,158.95,98601.86,158.94
1783574797,2799,98601.7,25.31,158.95,98601.81,158.94
1783574797,2800,98602.02,25.31,158.92,98601.87,158.94
1783574797,2801,98601.7,25.31,158.95,98601.82,158.94
1783574797,2802,98601.7,25.31,158.95,98601.79,158.94
1783574797,2802,98601.7,25.31,158.95,98601.79,158.94
1783574798,2804,98602.02,25.31,158.92,98601.94,158.93
1783574798,2805,98602.02,25.31,158.92,98601.95,158.93
1783574798,2806,98602.02,25.31,158.92,98601.97,158.93
1783574798,2807,98602.44,25.32,158.89,98602.09,158.92
1783574798,2808,98602.11,25.32,158.92,98602.09,158.92
1783574798,2809,98602.11,25.32,158.92,98602.09,158.92
1783574798,2810,98602.11,25.32,158.92,98602.09,158.92
1783574798,2811,98602.11,25.32,158.92,98602.09,158.92
1783574798,2811,98602.11,25.32,158.92,98602.09,158.92
1783574799,2813,98602.86,25.32,158.85,98602.45,158.89
1783574799,2814,98602.53,25.32,158.88,98602.47,158.89
1783574799,2815,98602.11,25.32,158.92,98602.38,158.9
1783574799,2816,98602.44,25.32,158.89,98602.39,158.9
1783574799,2817,98602.44,25.32,158.89,98602.4,158.9
1783574799,2818,98602.44,25.32,158.89,98602.41,158.89
1783574799,2819,98602.77,25.32,158.86,98602.5,158.89
1783574799,2820,98603.09,25.32,158.83,98602.66,158.87
1783574799,2820,98603.09,25.32,158.83,98602.66,158.87
1783574800,2822,98602.67,25.31,158.87,98602.66,158.87
1783574800,2823,98602.67,25.31,158.87,98602.66,158.87
1783574800,2824,98602.67,25.31,158.87,98602.66,158.87
1783574800,2825,98602.99,25.31,158.84,98602.74,158.86
1783574800,2826,98602.99,25.31,158.84,98602.8,158.85
1783574800,2827,98602.99,25.31,158.84,98602.85,158.85
1783574800,2828,98602.99,25.31,158.84,98602.88,158.85
1783574800,2829,98602.99,25.31,158.84,98602.91,158.84
1783574801,2829,98602.99,25.31,158.84,98602.91,158.84
1783574801,2831,98602.6,25.31,158.87,98602.75,158.86
1783574801,2832,98602.6,25.31,158.87,98602.71,158.86
1783574801,2833,98602.6,25.31,158.87,98602.68,158.87
1783574801,2834,98602.27,25.31,158.9,98602.57,158.87
1783574801,2835,98602.18,25.31,158.91,98602.47,158.88
1783574801,2836,98602.5,25.31,158.88,98602.48,158.88
1783574801,2837,98602.5,25.31,158.88,98602.48,158.88
1783574801,2838,98602.83,25.31,158.85,98602.57,158.87
1783574802,2838,98602.83,25.31,158.85,98602.57,158.87
1783574802,2840,98603.38,25.31,158.8,98602.88,158.85
1783574802,2841,98603.38,25.31,158.8,98603.0,158.84
1783574802,2842,98603.7,25.31,158.77,98603.18,158.82
1783574802,2843,98603.7,25.31,158.77,98603.31,158.81
1783574802,2844,98604.03,25.31,158.75,98603.5,158.79
1783574802,2845,98604.03,25.31,158.75,98603.63,158.78
1783574802,2846,98603.93,25.3,158.75,98603.72,158.77
1783574803,2847,98603.61,25.3,158.78,98603.69,158.77
1783574803,2847,98603.61,25.3,158.78,98603.69,158.77
1783574803,2849,98603.28,25.3,158.81,98603.54,158.78
1783574803,2850,98603.7,25.31,158.77,98603.57,158.79
1783574803,2851,98603.7,25.31,158.77,98603.6,158.78
1783574803,2852,98603.7,25.31,158.77,98603.63,158.78
1783574803,2853,98603.38,25.31,158.8,98603.55,158.79
1783574803,2854,98603.05,25.31,158.83,98603.42,158.8
1783574804,2855,98603.05,25.31,158.83,98603.33,158.81
1783574804,2856,98603.05,25.31,158.83,98603.26,158.81
1783574804,2856,98603.05,25.31,158.83,98603.26,158.81
1783574804,2858,98603.48,25.31,158.79,98603.22,158.82
1783574804,2859,98603.48,25.31,158.79,98603.28,158.81
1783574804,2860,98603.48,25.31,158.79,98603.33,158.81
1783574804,2861,98604.22,25.31,158.73,98603.55,158.79
1783574804,2862,98603.9,25.31,158.76,98603.64,158.78
1783574804,2863,98603.58,25.31,158.79,98603.63,158.78
1783574805,2864,98603.58,25.31,158.79,98603.61,158.78
1783574805,2865,98603.97,25.31,158.75,98603.7,158.77
1783574805,2865,98603.97,25.31,158.75,98603.7,158.77
1783574805,2867,98603.73,25.32,158.78,98603.62,158.79
1783574805,2868,98603.73,25.32,158.78,98603.65,158.78
1783574805,2869,98603.41,25.32,158.81,98603.59,158.79
1783574805,2870,98603.73,25.32,158.78,98603.63,158.79
1783574805,2871,98603.73,25.32,158.78,98603.65,158.78
1783574806,2872,98603.84,25.32,158.77,98603.7,158.78
1783574806,2873,98603.84,25.32,158.77,98603.73,158.78
1783574806,2874,98603.84,25.32,158.77,98603.76,158.77
1783574806,2874,98603.84,25.32,158.77,98603.76,158.77
1783574806,2876,98603.84,25.32,158.77,98603.81,158.77
1783574806,2877,98603.84,25.32,158.77,98603.82,158.77
1783574806,2878,98604.16,25.32,158.74,98603.91,158.76
1783574806,2879,98603.84,25.32,158.77,98603.89,158.76
1783574807,2880,98603.84,25.32,158.77,98603.88,158.76
1783574807,2881,98603.84,25.32,158.77,98603.87,158.77
1783574807,2882,98603.84,25.32,158.77,98603.86,158.77
1783574807,2883,98603.52,25.32,158.8,98603.77,158.77
1783574807,2883,98603.52,25.32,158.8,98603.77,158.77
1783574807,2885,98603.52,25.32,158.8,98603.59,158.79
1783574807,2886,98603.19,25.32,158.83,98603.48,158.8
1783574807,2887,98603.52,25.32,158.8,98603.48,158.8
1783574807,2888,98603.52,25.32,158.8,98603.49,158.8
1783574808,2889,98603.52,25.32,158.8,98603.5,158.8
1783574808,2890,98603.52,25.32,158.8,98603.5,158.8
1783574808,2891,98603.52,25.32,158.8,98603.5,158.8
1783574808,2892,98603.52,25.32,158.8,98603.5,158.8
1783574808,2892,98603.52,25.32,158.8,98603.5,158.8
1783574808,2894,98603.84,25.32,158.77,98603.63,158.79
1783574808,2895,98603.73,25.32,158.78,98603.66,158.78
1783574808,2896,98603.73,25.32,158.78,98603.67,158.78
1783574809,2897,98603.73,25.32,158.78,98603.69,158.78
1783574809,2898,98603.73,25.32,158.78,98603.7,158.78
1783574809,2899,98603.31,25.31,158.81,98603.59,158.78
1783574809,2900,98603.64,25.31,158.78,98603.6,158.78
1783574809,2901,98603.31,25.31,158.81,98603.52,158.79
1783574809,2901,98603.31,25.31,158.81,98603.52,158.79
1783574809,2903,98603.25,25.31,158.81,98603.44,158.8
1783574809,2904,98603.25,25.31,158.81,98603.38,158.8
1783574809,2905,98603.58,25.31,158.79,98603.43,158.8
1783574810,2906,98603.25,25.31,158.81,98603.38,158.8
1783574810,2907,98603.25,25.31,158.81,98603.34,158.81
1783574810,2908,98603.25,25.31,158.81,98603.32,158.81
1783574810,2909,98603.58,25.31,158.79,98603.38,158.8
1783574810,2910,98603.48,25.31,158.79,98603.41,158.8
1783574810,2910,98603.48,25.31,158.79,98603.41,158.8
1783574810,2912,98603.48,25.31,158.79,98603.41,158.8
1783574810,2913,98603.05,25.31,158.83,98603.32,158.81
1783574811,2914,98603.05,25.31,158.83,98603.25,158.81
1783574811,2915,98603.38,25.31,158.8,98603.28,158.81
1783574811,2916,98603.28,25.3,158.81,98603.29,158.81
1783574811,2917,98603.61,25.3,158.78,98603.38,158.8
1783574811,2918,98603.61,25.3,158.78,98603.44,158.79
1783574811,2919,98603.61,25.3,158.78,98603.48,158.79
1783574811,2919,98603.61,25.3,158.78,98603.48,158.79
1783574811,2921,98603.5,25.3,158.79,98603.6,158.78
1783574812,2922,98603.5,25.3,158.79,98603.58,158.78
1783574812,2923,98603.5,25.3,158.79,98603.55,158.78
1783574812,2924,98603.5,25.3,158.79,98603.54,158.78
1783574812,2925,98603.83,25.3,158.76,98603.62,158.78
1783574812,2926,98603.5,25.3,158.79,98603.59,158.78
1783574812,2927,98603.5,25.3,158.79,98603.56,158.78
1783574812,2928,98603.5,25.3,158.79,98603.55,158.78
1783574812,2928,98603.5,25.3,158.79,98603.55,158.78
1783574812,2930,98603.44,25.3,158.79,98603.48,158.79
1783574813,2931,98603.44,25.3,158.79,98603.47,158.79
1783574813,2932,98603.77,25.3,158.76,98603.55,158.78
1783574813,2933,98603.77,25.3,158.76,98603.6,158.78
1783574813,2934,98603.34,25.3,158.8,98603.53,158.78
1783574813,2935,98603.34,25.3,158.8,98603.48,158.79
1783574813,2936,98603.34,25.3,158.8,98603.45,158.79
1783574813,2937,98603.34,25.3,158.8,98603.42,158.79
1783574813,2937,98603.34,25.3,158.8,98603.42,158.79
1783574814,2939,98603.66,25.3,158.77,98603.45,158.79
1783574814,2940,98603.34,25.3,158.8,98603.42,158.79
1783574814,2941,98603.34,25.3,158.8,98603.4,158.8
1783574814,2942,98603.34,25.3,158.8,98603.38,158.8
1783574814,2943,98603.66,25.3,158.77,98603.45,158.79
1783574814,2944,98603.66,25.3,158.77,98603.51,158.79
1783574814,2945,98603.34,25.3,158.8,98603.47,158.79
1783574814,2946,98603.34,25.3,158.8,98603.44,158.79
1783574814,2946,98603.34,25.3,158.8,98603.44,158.79
1783574815,2948,98604.09,25.3,158.73,98603.7,158.77
1783574815,2949,98604.09,25.3,158.73,98603.8,158.76
1783574815,2950,98603.77,25.3,158.76,98603.8,158.76
1783574815,2951,98603.77,25.3,158.76,98603.79,158.76
1783574815,2952,98603.77,25.3,158.76,98603.78,158.76
1783574815,2953,98603.77,25.3,158.76,98603.77,158.76
1783574815,2954,98604.16,25.3,158.73,98603.88,158.75
1783574815,2955,98604.16,25.3,158.73,98603.95,158.75
1783574815,2955,98604.16,25.3,158.73,98603.95,158.75
1783574816,2957,98603.83,25.3,158.76,98604.01,158.74
1783574816,2958,98604.16,25.3,158.73,98604.05,158.74
1783574816,2959,98604.16,25.3,158.73,98604.08,158.74
1783574816,2960,98604.16,25.3,158.73,98604.1,158.73
1783574816,2961,98604.48,25.3,158.7,98604.2,158.73
1783574816,2962,98604.16,25.3,158.73,98604.19,158.73
1783574816,2963,98604.48,25.3,158.7,98604.27,158.72
1783574816,2964,98604.48,25.3,158.7,98604.32,158.71
1783574817,2964,98604.48,25.3,158.7,98604.32,158.71
1783574817,2966,98604.25,25.3,158.72,98604.45,158.7
1783574817,2967,98604.67,25.31,158.69,98604.5,158.7
1783574817,2968,98604.35,25.31,158.72,98604.46,158.71
1783574817,2969,98604.35,25.31,158.72,98604.43,158.71
1783574817,2970,98604.35,25.31,158.72,98604.41,158.71
1783574817,2971,98604.77,25.31,158.68,98604.5,158.7
1783574817,2972,98604.77,25.31,158.68,98604.57,158.7
1783574818,2973,98604.77,25.31,158.68,98604.63,158.69
1783574818,2973,98604.77,25.31,158.68,98604.63,158.69
1783574818,2975,98604.55,25.31,158.7,98604.6,158.69
1783574818,2976,98604.55,25.31,158.7,98604.59,158.7
1783574818,2977,98604.55,25.31,158.7,98604.57,158.7
1783574818,2978,98604.88,25.31,158.67,98604.65,158.69
1783574818,2979,98604.55,25.31,158.7,98604.62,158.69
1783574818,2980,98604.22,25.31,158.73,98604.51,158.7
1783574818,2981,98604.22,25.31,158.73,98604.43,158.71
1783574819,2982,98604.22,25.31,158.73,98604.38,158.72
1783574819,2982,98604.22,25.31,158.73,98604.38,158.72
1783574819,2984,98604.61,25.31,158.69,98604.44,158.71
1783574819,2985,98604.61,25.31,158.69,98604.48,158.71
1783574819,2986,98604.61,25.31,158.69,98604.51,158.7
1783574819,2987,98604.29,25.31,158.72,98604.45,158.71
1783574819,2988,98604.29,25.31,158.72,98604.41,158.71
1783574819,2989,98604.29,25.31,158.72,98604.38,158.72
1783574820,2990,98604.29,25.31,158.72,98604.35,158.72
1783574820,2991,98603.97,25.31,158.75,98604.25,158.73
1783574820,2991,98603.97,25.31,158.75,98604.25,158.73
1783574820,2993,98604.06,25.32,158.75,98604.26,158.73
1783574820,2994,98604.06,25.32,158.75,98604.2,158.74
1783574820,2995,98604.16,25.32,158.74,98604.19,158.74
1783574820,2996,98604.16,25.32,158.74,98604.18,158.74
1783574820,2997,98604.16,25.32,158.74,98604.17,158.74
1783574820,2998,98604.26,25.32,158.73,98604.2,158.74
1783574821,2999,98604.26,25.32,158.73,98604.21,158.73
1783574821,3000,98604.26,25.32,158.73,98604.22,158.73
1783574821,3000,98604.26,25.32,158.73,98604.22,158.73
1783574821,3002,98604.36,25.32,158.72,98604.34,158.72
1783574821,3003,98604.36,25.32,158.72,98604.34,158.72
1783574821,3004,98604.75,25.33,158.69,98604.44,158.72
1783574821,3005,98604.75,25.33,158.69,98604.52,158.71
1783574821,3006,98604.75,25.33,158.69,98604.57,158.71
1783574822,3007,98604.42,25.33,158.72,98604.53,158.71
1783574822,3008,98604.42,25.33,158.72,98604.5,158.71
1783574822,3009,98604.42,25.33,158.72,98604.48,158.72
1783574822,3009,98604.42,25.33,158.72,98604.48,158.72
1783574822,3011,98604.52,25.33,158.71,98604.53,158.71
1783574822,3012,98604.52,25.33,158.71,98604.52,158.71
1783574822,3013,98604.63,25.33,158.7,98604.55,158.71
1783574822,3014,98604.63,25.33,158.7,98604.56,158.71
1783574823,3015,98604.63,25.33,158.7,98604.58,158.71
1783574823,3016,98604.63,25.33,158.7,98604.59,158.71
1783574823,3017,98604.63,25.33,158.7,98604.59,158.71
1783574823,3018,98605.05,25.33,158.67,98604.71,158.7
1783574823,3018,98605.05,25.33,158.67,98604.71,158.7
1783574823,3020,98604.72,25.33,158.69,98604.74,158.69
1783574823,3021,98604.72,25.33,158.69,98604.73,158.69
1783574823,3022,98604.72,25.33,158.69,98604.73,158.69
1783574823,3023,98604.72,25.33,158.69,98604.72,158.69
1783574824,3024,98605.14,25.34,158.66,98604.82,158.69
1783574824,3025,98604.82,25.34,158.69,98604.81,158.69
1783574824,3026,98604.82,25.34,158.69,98604.8,158.69
1783574824,3027,98604.49,25.34,158.72,98604.72,158.7
1783574824,3027,98604.49,25.34,158.72,98604.72,158.7
1783574824,3029,98604.17,25.34,158.75,98604.46,158.72
1783574824,3030,98604.17,25.34,158.75,98604.38,158.73
1783574824,3031,98604.49,25.34,158.72,98604.41,158.73
1783574825,3032,98604.49,25.34,158.72,98604.42,158.73
1783574825,3033,98604.17,25.34,158.75,98604.35,158.73
1783574825,3034,98604.49,25.34,158.72,98604.38,158.73
1783574825,3035,98604.49,25.34,158.72,98604.41,158.73
1783574825,3036,98604.49,25.34,158.72,98604.42,158.73
1783574825,3036,98604.49,25.34,158.72,98604.42,158.73
1783574825,3038,98604.39,25.33,158.72,98604.39,158.72
1783574825,3039,98604.72,25.33,158.69,98604.47,158.72
1783574826,3040,98604.3,25.33,158.73,98604.42,158.72
1783574826,3041,98604.3,25.33,158.73,98604.38,158.73
1783574826,3042,98604.3,25.33,158.73,98604.36,158.73
1783574826,3043,98604.3,25.33,158.73,98604.34,158.73
1783574826,3044,98604.3,25.33,158.73,98604.32,158.73
1783574826,3045,98603.97,25.33,158.76,98604.23,158.74
1783574826,3045,98603.97,25.33,158.76,98604.23,158.74
1783574826,3047,98603.97,25.33,158.76,98604.03,158.76
1783574826,3048,98603.97,25.33,158.76,98604.01,158.76
1783574827,3049,98603.97,25.33,158.76,98603.99,158.76
1783574827,3050,98603.97,25.33,158.76,98603.98,158.76
1783574827,3051,98603.64,25.33,158.79,98603.89,158.77
1783574827,3052,98603.97,25.33,158.76,98603.91,158.77
1783574827,3053,98603.97,25.33,158.76,98603.92,158.77
1783574827,3054,98603.97,25.33,158.76,98603.93,158.76
1783574827,3054,98603.97,25.33,158.76,98603.93,158.76
1783574827,3056,98604.39,25.33,158.72,98604.24,158.74
1783574828,3057,98604.39,25.33,158.72,98604.27,158.73
1783574828,3058,98604.72,25.33,158.69,98604.38,158.73
1783574828,3059,98604.72,25.33,158.69,98604.47,158.72
1783574828,3060,98604.72,25.33,158.69,98604.53,158.71
1783574828,3061,98604.3,25.33,158.73,98604.47,158.72
1783574828,3062,98604.3,25.33,158.73,98604.42,158.72
1783574828,3063,98604.3,25.33,158.73,98604.38,158.73
1783574828,3063,98604.3,25.33,158.73,98604.38,158.73
1783574829,3065,98604.3,25.33,158.73,98604.27,158.73
1783574829,3066,98604.3,25.33,158.73,98604.27,158.73
1783574829,3067,98604.3,25.33,158.73,98604.27,158.73
1783574829,3068,98603.97,25.33,158.76,98604.19,158.74
1783574829,3069,98603.97,25.33,158.76,98604.13,158.75
1783574829,3070,98603.64,25.33,158.79,98603.99,158.76
1783574829,3071,98603.64,25.33,158.79,98603.9,158.77
1783574829,3072,98603.64,25.33,158.79,98603.83,158.77
1783574829,3072,98603.64,25.33,158.79,98603.83,158.77
1783574830,3074,98603.97,25.33,158.76,98603.85,158.77
1783574830,3075,98603.97,25.33,158.76,98603.88,158.77
1783574830,3076,98603.97,25.33,158.76,98603.9,158.77
1783574830,3077,98603.64,25.33,158.79,98603.83,158.77
1783574830,3078,98603.64,25.33,158.79,98603.77,158.78
1783574830,3079,98603.64,25.33,158.79,98603.73,158.78
1783574830,3080,98603.97,25.33,158.76,98603.79,158.78
1783574830,3081,98603.55,25.33,158.8,98603.72,158.78
1783574830,3081,98603.55,25.33,158.8,98603.72,158.78
1783574831,3083,98603.88,25.33,158.77,98603.82,158.77
1783574831,3084,98603.77,25.33,158.78,98603.8,158.78
1783574831,3085,98603.77,25.33,158.78,98603.79,158.78
1783574831,3086,98603.77,25.33,158.78,98603.78,158.78
1783574831,3087,98604.1,25.33,158.75,98603.86,158.77
1783574831,3088,98604.1,25.33,158.75,98603.92,158.77
1783574831,3089,98604.1,25.33,158.75,98603.96,158.76
1783574831,3090,98603.71,25.32,158.78,98603.9,158.76
1783574831,3090,98603.71,25.32,158.78,98603.9,158.76
1783574832,3092,98603.94,25.32,158.76,98603.92,158.76
1783574832,3093,98603.94,25.32,158.76,98603.92,158.76
1783574832,3094,98604.26,25.32,158.73,98604.01,158.75
1783574832,3095,98604.16,25.32,158.74,98604.05,158.75
1783574832,3096,98604.16,25.32,158.74,98604.07,158.75
1783574832,3097,98604.48,25.32,158.71,98604.18,158.74
1783574832,3098,98604.48,25.32,158.71,98604.26,158.73
1783574832,3099,98604.39,25.32,158.72,98604.29,158.73
1783574833,3099,98604.39,25.32,158.72,98604.29,158.73
1783574833,3101,98604.29,25.31,158.72,98604.25,158.73
1783574833,3102,98604.29,25.31,158.72,98604.26,158.73
1783574833,3103,98604.61,25.31,158.69,98604.34,158.72
1783574833,3104,98604.29,25.31,158.72,98604.33,158.72
1783574833,3105,98604.61,25.31,158.69,98604.4,158.71
1783574833,3106,98604.61,25.31,158.69,98604.45,158.71
1783574833,3107,98604.29,25.31,158.72,98604.41,158.71
1783574834,3108,98604.61,25.31,158.69,98604.46,158.71
1783574834,3108,98604.61,25.31,158.69,98604.46,158.71
1783574834,3110,98604.61,25.31,158.69,98604.56,158.7
1783574834,3111,98604.61,25.31,158.69,98604.57,158.7
1783574834,3112,98604.29,25.31,158.72,98604.49,158.7
1783574834,3113,98604.29,25.31,158.72,98604.44,158.71
1783574834,3114,98603.64,25.31,158.78,98604.23,158.73
1783574834,3115,98603.97,25.31,158.75,98604.16,158.73
1783574834,3116,98603.64,25.31,158.78,98604.02,158.75
1783574835,3117,98603.31,25.31,158.81,98603.84,158.76
1783574835,3117,98603.31,25.31,158.81,98603.84,158.76
1783574835,3119,98603.09,25.32,158.83,98603.17,158.83
1783574835,3120,98603.09,25.32,158.83,98603.15,158.83
1783574835,3121,98602.77,25.32,158.86,98603.05,158.84
1783574835,3122,98602.77,25.32,158.86,98602.97,158.84
1783574835,3123,98602.44,25.32,158.89,98602.83,158.86
1783574835,3124,98602.86,25.32,158.85,98602.84,158.86
1783574836,3125,98602.53,25.32,158.88,98602.76,158.86
1783574836,3126,98602.53,25.32,158.88,98602.7,158.87
1783574836,3126,98602.53,25.32,158.88,98602.7,158.87
1783574836,3128,98602.64,25.32,158.87,98602.47,158.89
1783574836,3129,98602.31,25.32,158.9,98602.43,158.89
1783574836,3130,98601.98,25.32,158.93,98602.31,158.9
1783574836,3131,98601.98,25.32,158.93,98602.23,158.91
1783574836,3132,98602.41,25.32,158.89,98602.27,158.91
1783574837,3133,98602.41,25.32,158.89,98602.3,158.9
1783574837,3134,98602.41,25.32,158.89,98602.33,158.9
1783574837,3135,98602.41,25.32,158.89,98602.34,158.9
1783574837,3135,98602.41,25.32,158.89,98602.34,158.9
1783574837,3137,98602.15,25.33,158.92,98602.23,158.92
1783574837,3138,98602.15,25.33,158.92,98602.21,158.92
1783574837,3139,98602.15,25.33,158.92,98602.19,158.92
1783574837,3140,98602.58,25.33,158.88,98602.28,158.91
1783574837,3141,98602.58,25.33,158.88,98602.35,158.9
1783574838,3142,98602.25,25.33,158.91,98602.32,158.91
1783574838,3143,98602.67,25.33,158.88,98602.41,158.9
1783574838,3144,98602.67,25.33,158.88,98602.47,158.89
1783574838,3144,98602.67,25.33,158.88,98602.47,158.89
1783574838,3146,98602.45,25.33,158.9,98602.52,158.89
1783574838,3147,98602.45,25.33,158.9,98602.49,158.89
1783574838,3148,98602.88,25.34,158.86,98602.58,158.89
1783574838,3149,98603.2,25.34,158.84,98602.73,158.88
1783574839,3150,98603.2,25.34,158.84,98602.85,158.87
1783574839,3151,98603.2,25.34,158.84,98602.94,158.86
1783574839,3152,98603.59,25.34,158.8,98603.1,158.84
1783574839,3153,98603.59,25.34,158.8,98603.22,158.83
1783574839,3153,98603.59,25.34,158.8,98603.22,158.83
1783574839,3155,98603.69,25.34,158.79,98603.38,158.82
1783574839,3156,98603.69,25.34,158.79,98603.45,158.81
1783574839,3157,98603.36,25.34,158.82,98603.42,158.82
1783574839,3158,98603.03,25.34,158.85,98603.31,158.82
1783574840,3159,98603.03,25.34,158.85,98603.23,158.83
1783574840,3160,98603.03,25.34,158.85,98603.17,158.84
1783574840,3161,98602.71,25.34,158.88,98603.05,158.85
1783574840,3162,98602.71,25.34,158.88,98602.95,158.86
1783574840,3162,98602.71,25.34,158.88,98602.95,158.86
1783574840,3164,98602.81,25.34,158.87,98602.8,158.87
1783574840,3165,98602.81,25.34,158.87,98602.8,158.87
1783574840,3166,98602.81,25.34,158.87,98602.8,158.87
1783574841,3167,98602.81,25.34,158.87,98602.8,158.87
1783574841,3168,98602.81,25.34,158.87,98602.8,158.87
1783574841,3169,98602.81,25.34,158.87,98602.8,158.87
1783574841,3170,98602.81,25.34,158.87,98602.8,158.87
1783574841,3171,98602.81,25.34,158.87,98602.8,158.87
1783574841,3171,98602.81,25.34,158.87,98602.8,158.87
1783574841,3173,98603.13,25.34,158.84,98603.02,158.85
1783574841,3174,98603.45,25.34,158.81,98603.13,158.84
1783574842,3175,98603.45,25.34,158.81,98603.2,158.83
1783574842,3176,98603.45,25.34,158.81,98603.27,158.83
1783574842,3177,98603.78,25.34,158.78,98603.39,158.82
1783574842,3178,98603.78,25.34,158.78,98603.48,158.81
1783574842,3179,98603.78,25.34,158.78,98603.55,158.8
1783574842,3180,98603.78,25.34,158.78,98603.61,158.8
1783574842,3180,98603.78,25.34,158.78,98603.61,158.8
1783574842,3182,98603.78,25.34,158.78,98603.66,158.79
1783574842,3183,98603.36,25.34,158.82,98603.57,158.8
1783574843,3184,98603.36,25.34,158.82,98603.51,158.81
1783574843,3185,98603.36,25.34,158.82,98603.46,158.81
1783574843,3186,98603.36,25.34,158.82,98603.43,158.81
1783574843,3187,98603.36,25.34,158.82,98603.41,158.82
1783574843,3188,98603.69,25.34,158.79,98603.48,158.81
1783574843,3189,98603.36,25.34,158.82,98603.44,158.81
1783574843,3189,98603.36,25.34,158.82,98603.44,158.81
1783574843,3191,98603.59,25.34,158.8,98603.51,158.81
1783574844,3192,98603.59,25.34,158.8,98603.52,158.81
1783574844,3193,98603.26,25.34,158.83,98603.45,158.81
1783574844,3194,98603.59,25.34,158.8,98603.48,158.81
1783574844,3195,98603.59,25.34,158.8,98603.5,158.81
1783574844,3196,98603.91,25.34,158.77,98603.6,158.8
1783574844,3197,98603.59,25.34,158.8,98603.59,158.8
1783574844,3198,98603.91,25.34,158.77,98603.67,158.79
1783574844,3198,98603.91,25.34,158.77,98603.67,158.79
1783574845,3200,98603.91,25.34,158.77,98603.74,158.79
1783574845,3201,98603.91,25.34,158.77,98603.78,158.78
1783574845,3202,98603.52,25.34,158.81,98603.7,158.79
1783574845,3203,98603.84,25.34,158.78,98603.73,158.79
1783574845,3204,98603.84,25.34,158.78,98603.76,158.79
1783574845,3205,98603.84,25.34,158.78,98603.77,158.78
1783574845,3206,98603.84,25.34,158.78,98603.79,158.78
1783574845,3207,98603.84,25.34,158.78,98603.8,158.78
1783574845,3207,98603.84,25.34,158.78,98603.8,158.78
1783574846,3209,98603.09,25.33,158.84,98603.4,158.81
1783574846,3210,98602.77,25.33,158.87,98603.23,158.83
1783574846,3211,98602.77,25.33,158.87,98603.1,158.84
1783574846,3212,98602.77,25.33,158.87,98603.01,158.85
1783574846,3213,98602.77,25.33,158.87,98602.94,158.85
1783574846,3214,98602.34,25.33,158.91,98602.78,158.87
1783574846,3215,98602.34,25.33,158.91,98602.66,158.88
1783574846,3216,98602.34,25.33,158.91,98602.58,158.88
1783574846,3216,98602.34,25.33,158.91,98602.58,158.88
1783574847,3218,98601.92,25.33,158.94,98602.11,158.93
1783574847,3219,98601.5,25.33,158.98,98601.95,158.94
1783574847,3220,98601.5,25.33,158.98,98601.83,158.95
1783574847,3221,98601.83,25.33,158.95,98601.82,158.95
1783574847,3222,98601.83,25.33,158.95,98601.82,158.95
1783574847,3223,98601.83,25.33,158.95,98601.82,158.95
1783574847,3224,98601.83,25.33,158.95,98601.82,158.95
1783574847,3225,98601.5,25.33,158.98,98601.73,158.96
1783574847,3225,98601.5,25.33,158.98,98601.73,158.96
1783574848,3227,98601.5,25.33,158.98,98601.67,158.97
1783574848,3228,98602.25,25.33,158.91,98601.82,158.95
1783574848,3229,98601.92,25.33,158.94,98601.84,158.95
1783574848,3230,98601.92,25.33,158.94,98601.86,158.95
1783574848,3231,98602.25,25.33,158.91,98601.95,158.94
1783574848,3232,98602.67,25.33,158.88,98602.13,158.92
1783574848,3233,98602.67,25.33,158.88,98602.27,158.91
1783574848,3234,98602.67,25.33,158.88,98602.37,158.9
1783574849,3234,98602.67,25.33,158.88,98602.37,158.9
1783574849,3236,98602.67,25.33,158.88,98602.53,158.89
1783574849,3237,98602.34,25.33,158.91,98602.48,158.89
1783574849,3238,98602.34,25.33,158.91,98602.44,158.9
1783574849,3239,98602.02,25.33,158.93,98602.33,158.91
1783574849,3240,98602.02,25.33,158.93,98602.24,158.91
1783574849,3241,98602.45,25.33,158.9,98602.3,158.91
1783574849,3242,98602.13,25.33,158.93,98602.25,158.91
1783574850,3243,98601.7,25.33,158.96,98602.1,158.93
1783574850,3243,98601.7,25.33,158.96,98602.1,158.93
1783574850,3245,98602.02,25.33,158.93,98601.95,158.94
1783574850,3246,98601.7,25.33,158.96,98601.88,158.95
1783574850,3247,98602.13,25.33,158.93,98601.95,158.94
1783574850,3248,98602.13,25.33,158.93,98601.98,158.94
1783574850,3249,98602.13,25.33,158.93,98602.02,158.93
1783574850,3250,98602.13,25.33,158.93,98602.04,158.93
1783574850,3251,98602.13,25.33,158.93,98602.05,158.93
1783574851,3252,98602.45,25.33,158.9,98602.16,158.92
1783574851,3252,98602.45,25.33,158.9,98602.16,158.92
1783574851,3254,98602.67,25.33,158.88,98602.39,158.9
1783574851,3255,98602.67,25.33,158.88,98602.46,158.9
1783574851,3256,98603.0,25.33,158.85,98602.59,158.88
1783574851,3257,98603.0,25.33,158.85,98602.7,158.87
1783574851,3258,98603.0,25.33,158.85,98602.77,158.87
1783574851,3259,98603.33,25.33,158.82,98602.91,158.86
1783574852,3260,98603.33,25.33,158.82,98603.02,158.85
1783574852,3261,98602.9,25.33,158.86,98602.98,158.85
1783574852,3261,98602.9,25.33,158.86,98602.98,158.85
1783574852,3263,98602.9,25.33,158.86,98602.91,158.86
1783574852,3264,98602.9,25.33,158.86,98602.91,158.86
1783574852,3265,98603.0,25.33,158.85,98602.93,158.85
1783574852,3266,98603.0,25.33,158.85,98602.95,158.85
1783574852,3267,98603.0,25.33,158.85,98602.95,158.85
1783574853,3268,98602.67,25.33,158.88,98602.88,158.86
1783574853,3269,98602.67,25.33,158.88,98602.82,158.86
1783574853,3270,98603.0,25.33,158.85,98602.86,158.86
1783574853,3270,98603.0,25.33,158.85,98602.86,158.86
1783574853,3272,98602.67,25.33,158.88,98602.81,158.86
1783574853,3273,98603.42,25.33,158.81,98602.97,158.85
1783574853,3274,98603.42,25.33,158.81,98603.09,158.84
1783574853,3275,98603.42,25.33,158.81,98603.17,158.83
1783574853,3276,98603.42,25.33,158.81,98603.23,158.83
1783574854,3277,98603.09,25.33,158.84,98603.2,158.83
1783574854,3278,98603.09,25.33,158.84,98603.16,158.83
1783574854,3279,98603.09,25.33,158.84,98603.14,158.83
1783574854,3279,98603.09,25.33,158.84,98603.14,158.83
1783574854,3281,98603.52,25.34,158.81,98603.3,158.83
1783574854,3282,98603.52,25.34,158.81,98603.35,158.82
1783574854,3283,98603.52,25.34,158.81,98603.39,158.82
1783574854,3284,98603.52,25.34,158.81,98603.41,158.82
1783574855,3285,98603.52,25.34,158.81,98603.44,158.81
1783574855,3286,98603.91,25.34,158.77,98603.55,158.8
1783574855,3287,98603.91,25.34,158.77,98603.64,158.8
1783574855,3288,98603.59,25.34,158.8,98603.62,158.8
1783574855,3288,98603.59,25.34,158.8,98603.62,158.8
1783574855,3290,98603.59,25.34,158.8,98603.47,158.81
1783574855,3291,98603.26,25.34,158.83,98603.41,158.82
1783574855,3292,98603.26,25.34,158.83,98603.36,158.82
1783574855,3293,98602.94,25.34,158.86,98603.24,158.83
1783574856,3294,98602.94,25.34,158.86,98603.16,158.84
1783574856,3295,98602.61,25.34,158.89,98603.01,158.85
1783574856,3296,98603.03,25.34,158.85,98603.01,158.85
1783574856,3297,98603.03,25.34,158.85,98603.01,158.85
1783574856,3297,98603.03,25.34,158.85,98603.01,158.85
1783574856,3299,98602.38,25.34,158.91,98602.63,158.89
1783574856,3300,98602.38,25.34,158.91,98602.56,158.89
1783574856,3301,98602.81,25.34,158.87,98602.63,158.89
1783574857,3302,98602.81,25.34,158.87,98602.66,158.88
1783574857,3303,98602.81,25.34,158.87,98602.7,158.88
1783574857,3304,98603.23,25.35,158.84,98602.83,158.87
1783574857,3305,98603.23,25.35,158.84,98602.93,158.86
1783574857,3306,98603.23,25.35,158.84,98603.0,158.86
1783574857,3306,98603.23,25.35,158.84,98603.0,158.86
1783574857,3308,98602.91,25.35,158.87,98602.91,158.87
1783574857,3309,98602.91,25.35,158.87,98602.91,158.87
1783574858,3310,98603.0,25.35,158.86,98602.92,158.87
1783574858,3311,98603.0,25.35,158.86,98602.94,158.86
1783574858,3312,98603.0,25.35,158.86,98602.95,158.86
1783574858,3313,98603.0,25.35,158.86,98602.95,158.86
1783574858,3314,98603.0,25.35,158.86,98602.96,158.86
1783574858,3315,98603.0,25.35,158.86,98602.97,158.86
1783574858,3315,98603.0,25.35,158.86,98602.97,158.86
1783574858,3317,98603.07,25.35,158.85,98602.98,158.86
1783574858,3318,98603.07,25.35,158.85,98603.0,158.86
1783574859,3319,98603.39,25.35,158.82,98603.09,158.85
1783574859,3320,98603.49,25.35,158.81,98603.19,158.84
1783574859,3321,98603.17,25.35,158.84,98603.18,158.84
1783574859,3322,98603.49,25.35,158.81,98603.26,158.84
1783574859,3323,98603.17,25.35,158.84,98603.23,158.84
1783574859,3324,98603.59,25.36,158.81,98603.3,158.84
1783574859,3324,98603.59,25.36,158.81,98603.3,158.84
1783574859,3326,98603.59,25.36,158.81,98603.48,158.82
1783574860,3327,98603.27,25.36,158.84,98603.42,158.83
1783574860,3328,98603.27,25.36,158.84,98603.38,158.83
1783574860,3329,98603.27,25.36,158.84,98603.34,158.83
1783574860,3330,98603.27,25.36,158.84,98603.31,158.84
1783574860,3331,98603.27,25.36,158.84,98603.29,158.84
1783574860,3332,98603.27,25.36,158.84,98603.27,158.84
1783574860,3333,98603.27,25.36,158.84,98603.27,158.84
1783574860,3333,98603.27,25.36,158.84,98603.27,158.84
1783574861,3335,98602.95,25.36,158.87,98603.23,158.84
1783574861,3336,98602.95,25.36,158.87,98603.15,158.85
1783574861,3337,98602.95,25.36,158.87,98603.09,158.86
1783574861,3338,98602.95,25.36,158.87,98603.04,158.86
1783574861,3339,98602.95,25.36,158.87,98603.01,158.86
1783574861,3340,98602.62,25.36,158.9,98602.9,158.87
1783574861,3341,98602.62,25.36,158.9,98602.82,158.88
1783574861,3342,98602.95,25.36,158.87,98602.84,158.88
1783574861,3342,98602.95,25.36,158.87,98602.84,158.88
1783574862,3344,98603.27,25.36,158.84,98603.04,158.86
1783574862,3345,98602.95,25.36,158.87,98603.01,158.86
1783574862,3346,98603.27,25.36,158.84,98603.07,158.86
1783574862,3347,98602.84,25.35,158.87,98603.01,158.86
1783574862,3348,98602.84,25.35,158.87,98602.96,158.86
1783574862,3349,98602.84,25.35,158.87,98602.92,158.87
1783574862,3350,98603.17,25.35,158.84,98602.98,158.86
1783574862,3351,98603.49,25.35,158.81,98603.11,158.85
1783574862,3351,98603.49,25.35,158.81,98603.11,158.85
1783574863,3353,98603.49,25.35,158.81,98603.37,158.83
1783574863,3354,98603.49,25.35,158.81,98603.39,158.82
1783574863,3355,98603.49,25.35,158.81,98603.41,158.82
1783574863,3356,98603.39,25.35,158.82,98603.4,158.82
1783574863,3357,98603.39,25.35,158.82,98603.39,158.82
1783574863,3358,98603.39,25.35,158.82,98603.38,158.82
1783574863,3359,98603.39,25.35,158.82,98603.38,158.82
1783574863,3360,98603.0,25.35,158.86,98603.27,158.83
1783574864,3360,98603.0,25.35,158.86,98603.27,158.83
1783574864,3362,98603.33,25.35,158.83,98603.3,158.83
1783574864,3363,98603.33,25.35,158.83,98603.3,158.83
1783574864,3364,98603.66,25.35,158.8,98603.38,158.82
1783574864,3365,98603.66,25.35,158.8,98603.45,158.82
1783574864,3366,98603.56,25.35,158.81,98603.47,158.82
1783574864,3367,98603.56,25.35,158.81,98603.48,158.82
1783574864,3368,98603.56,25.35,158.81,98603.5,158.81
1783574864,3369,98603.56,25.35,158.81,98603.51,158.81
1783574865,3369,98603.56,25.35,158.81,98603.51,158.81
1783574865,3371,98603.56,25.35,158.81,98603.53,158.81
1783574865,3372,98603.23,25.35,158.84,98603.45,158.82
1783574865,3373,98603.56,25.35,158.81,98603.47,158.82
1783574865,3374,98603.56,25.35,158.81,98603.48,158.82
1783574865,3375,98603.56,25.35,158.81,98603.5,158.81
1783574865,3376,98603.56,25.35,158.81,98603.51,158.81
1783574865,3377,98603.56,25.35,158.81,98603.52,158.81
1783574866,3378,98603.56,25.35,158.81,98603.52,158.81
1783574866,3378,98603.56,25.35,158.81,98603.52,158.81
1783574866,3380,98602.81,25.34,158.87,98603.15,158.84
1783574866,3381,98602.81,25.34,158.87,98603.05,158.85
1783574866,3382,98603.13,25.34,158.84,98603.07,158.85
1783574866,3383,98603.13,25.34,158.84,98603.08,158.85
1783574866,3384,98603.45,25.34,158.81,98603.17,158.84
1783574866,3385,98603.45,25.34,158.81,98603.24,158.83
1783574867,3386,98603.45,25.34,158.81,98603.29,158.83
1783574867,3387,98603.78,25.34,158.78,98603.41,158.82
1783574867,3387,98603.78,25.34,158.78,98603.41,158.82
1783574867,3389,98603.78,25.34,158.78,98603.66,158.79
1783574867,3390,98603.45,25.34,158.81,98603.59,158.8
1783574867,3391,98603.45,25.34,158.81,98603.55,158.8
1783574867,3392,98603.45,25.34,158.81,98603.52,158.81
1783574867,3393,98603.03,25.34,158.85,98603.39,158.82
1783574867,3394,98603.03,25.34,158.85,98603.29,158.83
1783574868,3395,98603.03,25.34,158.85,98603.22,158.83
1783574868,3396,98603.03,25.34,158.85,98603.16,158.84
1783574868,3396,98603.03,25.34,158.85,98603.16,158.84
1783574868,3398,98603.69,25.34,158.79,98603.43,158.81
1783574868,3399,98603.36,25.34,158.82,98603.41,158.82
1783574868,3400,98603.36,25.34,158.82,98603.39,158.82
1783574868,3401,98603.69,25.34,158.79,98603.46,158.81
1783574868,3402,98603.36,25.34,158.82,98603.43,158.81
1783574869,3403,98603.36,25.34,158.82,98603.41,158.82
1783574869,3404,98603.36,25.34,158.82,98603.39,158.82
1783574869,3405,98603.36,25.34,158.82,98603.38,158.82
1783574869,3405,98603.36,25.34,158.82,98603.38,158.82
1783574869,3407,98603.36,25.34,158.82,98603.34,158.82
1783574869,3408,98603.69,25.34,158.79,98603.43,158.81
1783574869,3409,98603.69,25.34,158.79,98603.49,158.81
1783574869,3410,98603.69,25.34,158.79,98603.54,158.81
1783574869,3411,98604.01,25.34,158.76,98603.66,158.79
1783574870,3412,98603.69,25.34,158.79,98603.66,158.79
1783574870,3413,98603.69,25.34,158.79,98603.66,158.79
1783574870,3414,98603.69,25.34,158.79,98603.66,158.79
1783574870,3414,98603.69,25.34,158.79,98603.66,158.79
1783574870,3416,98603.36,25.34,158.82,98603.46,158.81
1783574870,3417,98603.36,25.34,158.82,98603.43,158.81
1783574870,3418,98602.94,25.34,158.86,98603.3,158.83
1783574870,3419,98602.94,25.34,158.86,98603.2,158.84
1783574871,3420,98602.94,25.34,158.86,98603.13,158.84
1783574871,3421,98602.61,25.34,158.89,98602.98,158.85
1783574871,3422,98602.61,25.34,158.89,98602.88,158.86
1783574871,3423,98603.03,25.34,158.85,98602.91,158.86
1783574871,3423,98603.03,25.34,158.85,98602.91,158.86
1783574871,3425,98603.03,25.34,158.85,98602.98,158.86
1783574871,3426,98603.03,25.34,158.85,98602.98,158.85
1783574871,3427,98603.36,25.34,158.82,98603.08,158.85
1783574872,3428,98603.36,25.34,158.82,98603.15,158.84
1783574872,3429,98603.36,25.34,158.82,98603.2,158.84
1783574872,3430,98603.36,25.34,158.82,98603.23,158.83
1783574872,3431,98603.03,25.34,158.85,98603.17,158.84
1783574872,3432,98603.36,25.34,158.82,98603.21,158.83
1783574872,3432,98603.36,25.34,158.82,98603.21,158.83
1783574872,3434,98603.03,25.34,158.85,98603.06,158.85
1783574872,3435,98602.71,25.34,158.88,98602.97,158.86
1783574872,3436,98602.71,25.34,158.88,98602.9,158.86
1783574873,3437,98602.38,25.34,158.91,98602.76,158.87
1783574873,3438,98602.38,25.34,158.91,98602.66,158.88
1783574873,3439,98602.38,25.34,158.91,98602.58,158.89
1783574873,3440,98602.38,25.34,158.91,98602.52,158.89
1783574873,3441,98602.06,25.34,158.94,98602.4,158.91
1783574873,3441,98602.06,25.34,158.94,98602.4,158.91
1783574873,3443,98602.38,25.34,158.91,98602.23,158.92
1783574873,3444,98602.38,25.34,158.91,98602.26,158.92
1783574874,3445,98602.71,25.34,158.88,98602.37,158.91
1783574874,3446,98602.28,25.34,158.92,98602.34,158.91
1783574874,3447,98602.28,25.34,158.92,98602.31,158.91
1783574874,3448,98602.28,25.34,158.92,98602.3,158.92
1783574874,3449,98602.22,25.34,158.92,98602.27,158.92
1783574874,3450,98602.22,25.34,158.92,98602.25,158.92
1783574874,3450,98602.22,25.34,158.92,98602.25,158.92
1783574874,3452,98602.02,25.33,158.93,98602.11,158.93
1783574875,3453,98601.92,25.33,158.94,98602.05,158.93
1783574875,3454,98601.92,25.33,158.94,98602.02,158.93
1783574875,3455,98601.83,25.33,158.95,98601.96,158.94
1783574875,3456,98601.77,25.32,158.95,98601.91,158.94
1783574875,3457,98602.09,25.32,158.92,98601.95,158.94
1783574875,3458,98601.66,25.32,158.96,98601.88,158.94
1783574875,3459,98601.66,25.32,158.96,98601.82,158.95
1783574875,3459,98601.66,25.32,158.96,98601.82,158.95
1783574875,3461,98602.44,25.32,158.89,98602.09,158.92
1783574876,3462,98602.77,25.32,158.86,98602.27,158.91
1783574876,3463,98603.09,25.32,158.83,98602.48,158.89
1783574876,3464,98602.99,25.31,158.84,98602.61,158.87
1783574876,3465,98602.99,25.31,158.84,98602.7,158.86
1783574876,3466,98602.92,25.31,158.84,98602.76,158.86
1783574876,3467,98603.25,25.31,158.81,98602.88,158.85
1783574876,3468,98603.58,25.31,158.79,98603.06,158.83
1783574876,3468,98603.58,25.31,158.79,98603.06,158.83
1783574877,3470,98603.7,25.31,158.77,98603.48,158.79
1783574877,3471,98603.61,25.3,158.78,98603.52,158.79
1783574877,3472,98603.61,25.3,158.78,98603.55,158.78
1783574877,3473,98603.93,25.3,158.75,98603.65,158.77
1783574877,3474,98603.83,25.3,158.76,98603.7,158.77
1783574877,3475,98604.09,25.3,158.73,98603.8,158.76
1783574877,3476,98604.09,25.3,158.73,98603.88,158.75
1783574877,3477,98603.99,25.3,158.74,98603.91,158.75
1783574877,3477,98603.99,25.3,158.74,98603.91,158.75
1783574878,3479,98603.8,25.29,158.76,98603.99,158.74
1783574878,3480,98603.7,25.29,158.76,98603.91,158.75
1783574878,3481,98603.7,25.29,158.76,98603.86,158.75
1783574878,3482,98603.63,25.29,158.77,98603.8,158.76
1783574878,3483,98603.63,25.29,158.77,98603.76,158.76
1783574878,3484,98603.53,25.28,158.77,98603.7,158.76
1783574878,3485,98604.19,25.28,158.72,98603.83,158.75
1783574878,3486,98603.76,25.28,158.75,98603.81,158.75
1783574878,3486,98603.76,25.28,158.75,98603.81,158.75
1783574879,3488,98603.56,25.28,158.77,98603.71,158.76
1783574879,3489,98603.17,25.27,158.8,98603.58,158.76
1783574879,3490,98603.49,25.27,158.77,98603.56,158.77
1783574879,3491,98603.39,25.27,158.78,98603.52,158.77
1783574879,3492,98603.3,25.27,158.79,98603.47,158.77
1783574879,3493,98603.63,25.27,158.76,98603.52,158.77
1783574879,3494,98603.63,25.27,158.76,98603.55,158.77
1783574879,3495,98603.52,25.27,158.77,98603.55,158.77
1783574880,3495,98603.52,25.27,158.77,98603.55,158.77
1783574880,3497,98603.78,25.26,158.74,98603.59,158.76
1783574880,3498,98603.36,25.26,158.78,98603.54,158.76
1783574880,3499,98603.69,25.26,158.75,98603.59,158.76
1783574880,3500,98604.01,25.26,158.72,98603.7,158.75
1783574880,3501,98604.01,25.26,158.72,98603.79,158.74
1783574880,3502,98603.91,25.26,158.73,98603.83,158.74
1783574880,3503,98603.91,25.26,158.73,98603.85,158.73
1783574880,3504,98603.91,25.26,158.73,98603.88,158.73
1783574881,3504,98603.91,25.26,158.73,98603.88,158.73
1783574881,3506,98604.46,25.26,158.68,98604.09,158.71
1783574881,3507,98604.36,25.25,158.68,98604.17,158.7
1783574881,3508,98604.69,25.25,158.66,98604.31,158.69
1783574881,3509,98604.69,25.25,158.66,98604.41,158.68
1783574881,3510,98604.69,25.25,158.66,98604.49,158.67
1783574881,3511,98604.3,25.25,158.69,98604.45,158.68
1783574881,3512,98604.3,25.25,158.69,98604.41,158.68
1783574882,3513,98604.3,25.25,158.69,98604.39,158.68
1783574882,3513,98604.3,25.25,158.69,98604.39,158.68
1783574882,3515,98604.2,25.25,158.7,98604.23,158.7
1783574882,3516,98604.1,25.25,158.71,98604.2,158.7
1783574882,3517,98604.1,25.25,158.71,98604.18,158.7
1783574882,3518,98604.75,25.25,158.65,98604.34,158.69
1783574882,3519,98604.75,25.25,158.65,98604.45,158.68
1783574882,3520,98604.33,25.24,158.68,98604.44,158.67
1783574883,3521,98604.33,25.24,158.68,98604.41,158.67
1783574883,3522,98604.2,25.24,158.69,98604.37,158.68
1783574883,3522,98604.2,25.24,158.69,98604.37,158.68
1783574883,3524,98604.13,25.24,158.7,98604.16,158.7
1783574883,3525,98603.7,25.24,158.74,98604.05,158.71
1783574883,3526,98604.03,25.24,158.71,98604.05,158.71
1783574883,3527,98603.94,25.23,158.71,98604.03,158.7
1783574883,3528,98604.26,25.23,158.68,98604.1,158.7
1783574883,3529,98604.58,25.23,158.65,98604.23,158.68
1783574884,3530,98604.58,25.23,158.65,98604.33,158.68
1783574884,3531,98604.16,25.23,158.69,98604.29,158.68
1783574884,3531,98604.16,25.23,158.69,98604.29,158.68
1783574884,3533,98604.48,25.23,158.66,98604.37,158.67
1783574884,3534,98604.48,25.23,158.66,98604.41,158.67
1783574884,3535,98604.48,25.23,158.66,98604.44,158.67
1783574884,3536,98604.81,25.23,158.63,98604.55,158.66
1783574884,3537,98605.13,25.23,158.61,98604.71,158.64
1783574885,3538,98605.13,25.23,158.61,98604.83,158.63
1783574885,3539,98605.13,25.23,158.61,98604.91,158.62
1783574885,3540,98605.45,25.23,158.58,98605.06,158.61
1783574885,3540,98605.45,25.23,158.58,98605.06,158.61
1783574885,3542,98605.68,25.23,158.56,98605.48,158.57
1783574885,3543,98605.62,25.23,158.56,98605.52,158.57
1783574885,3544,98605.62,25.23,158.56,98605.55,158.57
1783574885,3545,98605.62,25.23,158.56,98605.58,158.57
1783574886,3546,98605.62,25.23,158.56,98605.59,158.56
1783574886,3547,98605.62,25.23,158.56,98605.61,158.56
1783574886,3548,98605.52,25.22,158.57,98605.6,158.56
1783574886,3549,98605.84,25.22,158.54,98605.67,158.55
1783574886,3549,98605.84,25.22,158.54,98605.67,158.55
1783574886,3551,98606.39,25.22,158.49,98606.07,158.52
1783574886,3552,98606.3,25.22,158.5,98606.14,158.51
1783574886,3553,98606.63,25.22,158.47,98606.27,158.5
1783574886,3554,98606.63,25.22,158.47,98606.38,158.49
1783574887,3555,98606.52,25.22,158.48,98606.42,158.49
1783574887,3556,98606.84,25.22,158.45,98606.54,158.48
1783574887,3557,98606.84,25.22,158.45,98606.63,158.47
1783574887,3558,98606.78,25.21,158.45,98606.69,158.46
1783574887,3558,98606.78,25.21,158.45,98606.69,158.46
1783574887,3560,98607.0,25.21,158.43,98606.87,158.44
1783574887,3561,98606.59,25.21,158.47,98606.8,158.45
1783574887,3562,98606.59,25.21,158.47,98606.76,158.45
1783574888,3563,98606.91,25.21,158.44,98606.81,158.45
1783574888,3564,98606.59,25.21,158.47,98606.77,158.45
1783574888,3565,98606.91,25.21,158.44,98606.81,158.45
1783574888,3566,98606.91,25.21,158.44,98606.85,158.44
1783574888,3567,98606.48,25.21,158.47,98606.77,158.45
1783574888,3567,98606.48,25.21,158.47,98606.77,158.45
1783574888,3569,98606.81,25.21,158.45,98606.75,158.45
1783574888,3570,98606.81,25.21,158.45,98606.78,158.45
1783574888,3571,98606.81,25.21,158.45,98606.8,158.45
1783574889,3572,98606.81,25.21,158.45,98606.82,158.45
1783574889,3573,98606.71,25.2,158.45,98606.8,158.44
1783574889,3574,98607.03,25.2,158.42,98606.88,158.43
1783574889,3575,98607.03,25.2,158.42,98606.93,158.43
1783574889,3576,98607.03,25.2,158.42,98606.97,158.43
1783574889,3576,98607.03,25.2,158.42,98606.97,158.43
1783574889,3578,98607.03,25.2,158.42,98607.09,158.42
1783574889,3579,98607.03,25.2,158.42,98607.09,158.42
1783574890,3580,98607.03,25.2,158.42,98607.09,158.42
1783574890,3581,98606.71,25.2,158.45,98607.0,158.42
1783574890,3582,98606.71,25.2,158.45,98606.94,158.43
1783574890,3583,98606.39,25.2,158.48,98606.8,158.44
1783574890,3584,98606.39,25.2,158.48,98606.71,158.45
1783574890,3585,98606.39,25.2,158.48,98606.64,158.46
1783574890,3585,98606.39,25.2,158.48,98606.64,158.46
1783574890,3587,98606.39,25.2,158.48,98606.49,158.47
1783574891,3588,98606.39,25.2,158.48,98606.48,158.47
1783574891,3589,98606.39,25.2,158.48,98606.47,158.47
1783574891,3590,98606.81,25.21,158.45,98606.57,158.47
1783574891,3591,98607.13,25.21,158.42,98606.73,158.45
1783574891,3592,98607.13,25.21,158.42,98606.84,158.44
1783574891,3593,98607.23,25.21,158.41,98606.96,158.43
1783574891,3594,98607.23,25.21,158.41,98607.05,158.42
1783574891,3594,98607.23,25.21,158.41,98607.05,158.42
1783574891,3596,98607.23,25.21,158.41,98607.1,158.42
1783574892,3597,98607.23,25.21,158.41,98607.15,158.42
1783574892,3598,98607.33,25.21,158.4,98607.21,158.41
1783574892,3599,98607.33,25.21,158.4,98607.25,158.41
1783574892,3600,98607.33,25.21,158.4,98607.28,158.4
1783574892,3601,98606.59,25.21,158.47,98607.11,158.42
1783574892,3602,98607.0,25.21,158.43,98607.09,158.42
1783574892,3603,98607.0,25.21,158.43,98607.08,158.42
1783574892,3603,98607.0,25.21,158.43,98607.08,158.42
1783574893,3605,98607.0,25.21,158.43,98607.05,158.42
1783574893,3606,98606.68,25.21,158.46,98606.97,158.43
1783574893,3607,98607.0,25.21,158.43,98606.99,158.43
1783574893,3608,98606.68,25.21,158.46,98606.92,158.44
1783574893,3609,98606.68,25.21,158.46,98606.87,158.44
1783574893,3610,98606.68,25.21,158.46,98606.83,158.44
1783574893,3611,98606.68,25.21,158.46,98606.8,158.45
1783574893,3612,98606.68,25.21,158.46,98606.78,158.45
1783574893,3612,98606.68,25.21,158.46,98606.78,158.45
1783574894,3614,98606.45,25.21,158.48,98606.76,158.45
1783574894,3615,98606.45,25.21,158.48,98606.69,158.46
1783574894,3616,98606.45,25.21,158.48,98606.64,158.46
1783574894,3617,98606.84,25.22,158.45,98606.7,158.46
1783574894,3618,98606.52,25.22,158.48,98606.66,158.47
1783574894,3619,98606.52,25.22,158.48,98606.63,158.47
1783574894,3620,98606.52,25.22,158.48,98606.61,158.47
1783574894,3621,98606.2,25.22,158.5,98606.52,158.48
1783574894,3621,98606.2,25.22,158.5,98606.52,158.48
1783574895,3623,98605.97,25.22,158.53,98606.3,158.5
1783574895,3624,98606.39,25.22,158.49,98606.34,158.49
1783574895,3625,98606.07,25.22,158.52,98606.27,158.5
1783574895,3626,98605.75,25.22,158.55,98606.15,158.51
1783574895,3627,98605.42,25.22,158.57,98605.97,158.53
1783574895,3628,98605.42,25.22,158.57,98605.84,158.54
1783574895,3629,98605.42,25.22,158.57,98605.74,158.55
1783574895,3630,98605.75,25.22,158.55,98605.76,158.54
1783574896,3630,98605.75,25.22,158.55,98605.76,158.54
1783574896,3632,98606.07,25.22,158.52,98606.01,158.52
1783574896,3633,98605.97,25.22,158.53,98606.01,158.52
1783574896,3634,98605.97,25.22,158.53,98606.01,158.52
1783574896,3635,98605.97,25.22,158.53,98606.01,158.52
1783574896,3636,98605.64,25.22,158.55,98605.92,158.53
1783574896,3637,98605.64,25.22,158.55,98605.86,158.54
1783574896,3638,98605.97,25.22,158.53,98605.9,158.53
1783574897,3639,98605.64,25.22,158.55,98605.84,158.54
1783574897,3639,98605.64,25.22,158.55,98605.84,158.54
1783574897,3641,98605.97,25.22,158.53,98606.0,158.52
1783574897,3642,98606.3,25.22,158.5,98606.09,158.52
1783574897,3643,98606.3,25.22,158.5,98606.15,158.51
1783574897,3644,98605.97,25.22,158.53,98606.11,158.51
1783574897,3645,98605.97,25.22,158.53,98606.09,158.52
1783574897,3646,98605.97,25.22,158.53,98606.06,158.52
1783574897,3647,98605.64,25.22,158.55,98605.96,158.53
1783574898,3648,98605.64,25.22,158.55,98605.89,158.53
1783574898,3648,98605.64,25.22,158.55,98605.89,158.53
1783574898,3650,98605.64,25.22,158.55,98605.74,158.55
1783574898,3651,98606.39,25.22,158.49,98605.92,158.53
1783574898,3652,98606.39,25.22,158.49,98606.05,158.52
1783574898,3653,98606.39,25.22,158.49,98606.15,158.51
1783574898,3654,98606.07,25.22,158.52,98606.14,158.51
1783574898,3655,98606.07,25.22,158.52,98606.13,158.51
1783574899,3656,98606.07,25.22,158.52,98606.13,158.51
1783574899,3657,98606.07,25.22,158.52,98606.12,158.51
1783574899,3657,98606.07,25.22,158.52,98606.12,158.51
1783574899,3659,98606.27,25.23,158.51,98606.36,158.5
1783574899,3660,98605.94,25.23,158.53,98606.26,158.51
1783574899,3661,98605.62,25.23,158.56,98606.1,158.52
1783574899,3662,98605.68,25.23,158.56,98606.0,158.53
1783574899,3663,98605.36,25.23,158.59,98605.84,158.54
1783574899,3664,98605.03,25.23,158.61,98605.64,158.56
1783574900,3665,98605.03,25.23,158.61,98605.49,158.57
1783574900,3666,98605.45,25.23,158.58,98605.49,158.57
1783574900,3666,98605.45,25.23,158.58,98605.49,158.57
1783574900,3668,98604.81,25.23,158.63,98605.18,158.6
1783574900,3669,98604.48,25.23,158.66,98605.01,158.62
1783574900,3670,98604.58,25.23,158.65,98604.91,158.63
1783574900,3671,98604.26,25.23,158.68,98604.74,158.64
1783574900,3672,98603.94,25.23,158.71,98604.54,158.66
1783574901,3673,98603.94,25.23,158.71,98604.39,158.67
1783574901,3674,98604.36,25.24,158.68,98604.39,158.68
1783574901,3675,98604.36,25.24,158.68,98604.39,158.68
1783574901,3675,98604.36,25.24,158.68,98604.39,158.68
1783574901,3677,98604.03,25.24,158.71,98604.3,158.68
1783574901,3678,98603.7,25.24,158.74,98604.16,158.7
1783574901,3679,98603.7,25.24,158.74,98604.05,158.71
1783574901,3680,98603.8,25.24,158.73,98603.99,158.71
1783574902,3681,98603.8,25.24,158.73,98603.95,158.71
1783574902,3682,98603.48,25.24,158.76,98603.84,158.73
1783574902,3683,98603.16,25.24,158.79,98603.66,158.74
1783574902,3684,98603.16,25.24,158.79,98603.54,158.75
1783574902,3684,98603.16,25.24,158.79,98603.54,158.75
1783574902,3686,98602.89,25.24,158.81,98603.05,158.8
1783574902,3687,98602.89,25.24,158.81,98603.02,158.8
1783574902,3688,98602.89,25.24,158.81,98602.99,158.8
1783574902,3689,98602.89,25.24,158.81,98602.98,158.8
1783574903,3690,98602.58,25.24,158.84,98602.88,158.81
1783574903,3691,98602.58,25.24,158.84,98602.81,158.82
1783574903,3692,98602.58,25.24,158.84,98602.76,158.82
1783574903,3693,98602.58,25.24,158.84,98602.72,158.82
1783574903,3693,98602.58,25.24,158.84,98602.72,158.82
1783574903,3695,98603.68,25.24,158.74,98603.22,158.78
1783574903,3696,98603.35,25.24,158.77,98603.26,158.78
1783574903,3697,98603.35,25.24,158.77,98603.29,158.77
1783574904,3698,98603.03,25.24,158.8,98603.23,158.78
1783574904,3699,98602.7,25.24,158.83,98603.1,158.79
1783574904,3700,98602.7,25.24,158.83,98603.01,158.8
1783574904,3701,98602.7,25.24,158.83,98602.94,158.81
1783574904,3702,98602.7,25.24,158.83,98602.88,158.81
1783574904,3702,98602.7,25.24,158.83,98602.88,158.81
1783574904,3704,98602.48,25.25,158.85,98602.7,158.83
1783574904,3705,98602.8,25.25,158.82,98602.73,158.83
1783574905,3706,98602.9,25.25,158.81,98602.78,158.82
1783574905,3707,98602.58,25.25,158.84,98602.73,158.83
1783574905,3708,98602.25,25.25,158.87,98602.62,158.84
1783574905,3709,98601.92,25.25,158.9,98602.45,158.85
1783574905,3710,98602.02,25.25,158.89,98602.34,158.86
1783574905,3711,98602.02,25.25,158.89,98602.27,158.87
1783574905,3711,98602.02,25.25,158.89,98602.27,158.87
1783574905,3713,98601.77,25.25,158.91,98602.02,158.89
1783574905,3714,98601.77,25.25,158.91,98601.96,158.9
1783574906,3715,98601.77,25.25,158.91,98601.91,158.9
1783574906,3716,98602.19,25.26,158.88,98601.99,158.9
1783574906,3717,98602.19,25.26,158.88,98602.05,158.89
1783574906,3718,98602.19,25.26,158.88,98602.09,158.89
1783574906,3719,98601.86,25.26,158.91,98602.03,158.9
1783574906,3720,98602.19,25.26,158.88,98602.08,158.89
1783574906,3720,98602.19,25.26,158.88,98602.08,158.89
1783574906,3722,98601.97,25.26,158.9,98602.15,158.89
1783574907,3723,98601.97,25.26,158.9,98602.11,158.89
1783574907,3724,98602.38,25.26,158.87,98602.19,158.88
1783574907,3725,98602.38,25.26,158.87,98602.24,158.88
1783574907,3726,98602.06,25.26,158.89,98602.2,158.88
1783574907,3727,98602.06,25.26,158.89,98602.17,158.88
1783574907,3728,98602.16,25.26,158.89,98602.17,158.88
1783574907,3729,98602.16,25.26,158.89,98602.17,158.88
1783574907,3729,98602.16,25.26,158.89,98602.17,158.88
1783574908,3731,98601.9,25.27,158.91,98601.85,158.92
1783574908,3732,98601.9,25.27,158.91,98601.87,158.92
1783574908,3733,98602.23,25.27,158.88,98601.96,158.91
1783574908,3734,98602.23,25.27,158.88,98602.03,158.9
1783574908,3735,98602.65,25.27,158.85,98602.2,158.89
1783574908,3736,98602.65,25.27,158.85,98602.32,158.88
1783574908,3737,98602.33,25.27,158.88,98602.33,158.88
1783574908,3738,98602.75,25.27,158.84,98602.45,158.86
1783574908,3738,98602.75,25.27,158.84,98602.45,158.86
1783574909,3740,98602.42,25.27,158.87,98602.59,158.85
1783574909,3741,98602.42,25.27,158.87,98602.55,158.86
1783574909,3742,98602.84,25.27,158.83,98602.63,158.85
1783574909,3743,98603.17,25.27,158.8,98602.77,158.84
1783574909,3744,98603.17,25.27,158.8,98602.88,158.83
1783574909,3745,98603.17,25.27,158.8,98602.96,158.82
1783574909,3746,98603.17,25.27,158.8,98603.02,158.81
1783574909,3747,98603.17,25.27,158.8,98603.06,158.81
1783574909,3747,98603.17,25.27,158.8,98603.06,158.81
1783574910,3749,98603.56,25.28,158.77,98603.41,158.78
1783574910,3750,98603.56,25.28,158.77,98603.45,158.78
1783574910,3751,98603.56,25.28,158.77,98603.48,158.78
1783574910,3752,98603.56,25.28,158.77,98603.51,158.78
1783574910,3753,98603.56,25.28,158.77,98603.52,158.77
1783574910,3754,98603.56,25.28,158.77,98603.54,158.77
1783574910,3755,98603.56,25.28,158.77,98603.55,158.77
1783574910,3756,98603.56,25.28,158.77,98603.55,158.77
1783574910,3756,98603.56,25.28,158.77,98603.55,158.77
1783574911,3758,98603.66,25.28,158.76,98603.67,158.76
1783574911,3759,98603.66,25.28,158.76,98603.67,158.76
1783574911,3760,98603.34,25.28,158.79,98603.59,158.77
1783574911,3761,98603.34,25.28,158.79,98603.52,158.77
1783574911,3762,98603.34,25.28,158.79,98603.48,158.78
1783574911,3763,98603.34,25.28,158.79,98603.45,158.78
1783574911,3764,98603.76,25.28,158.75,98603.53,158.77
1783574911,3765,98603.44,25.28,158.78,98603.51,158.78
1783574912,3765,98603.44,25.28,158.78,98603.51,158.78
1783574912,3767,98603.2,25.28,158.8,98603.34,158.79
1783574912,3768,98603.2,25.28,158.8,98603.3,158.79
1783574912,3769,98603.2,25.28,158.8,98603.28,158.8
1783574912,3770,98602.88,25.28,158.83,98603.18,158.81
1783574912,3771,98602.98,25.29,158.83,98603.13,158.81
1783574912,3772,98603.31,25.29,158.8,98603.18,158.81
1783574912,3773,98602.98,25.29,158.83,98603.13,158.81
1783574913,3774,98602.66,25.29,158.86,98603.01,158.83
1783574913,3774,98602.66,25.29,158.86,98603.01,158.83
1783574913,3776,98602.66,25.29,158.86,98602.77,158.85
1783574913,3777,98602.66,25.29,158.86,98602.74,158.85
1783574913,3778,98602.72,25.29,158.85,98602.73,158.85
1783574913,3779,98603.05,25.29,158.82,98602.82,158.84
1783574913,3780,98602.72,25.29,158.85,98602.8,158.84
1783574913,3781,98602.72,25.29,158.85,98602.78,158.85
1783574913,3782,98602.72,25.29,158.85,98602.77,158.85
1783574914,3783,98602.72,25.29,158.85,98602.76,158.85
1783574914,3783,98602.72,25.29,158.85,98602.76,158.85
1783574914,3785,98602.82,25.29,158.84,98602.84,158.84
1783574914,3786,98602.82,25.29,158.84,98602.84,158.84
1783574914,3787,98602.82,25.29,158.84,98602.84,158.84
1783574914,3788,98602.5,25.29,158.87,98602.75,158.85
1783574914,3789,98602.82,25.29,158.84,98602.77,158.85
1783574914,3790,98602.5,25.29,158.87,98602.7,158.85
1783574915,3791,98602.5,25.29,158.87,98602.65,158.86
1783574915,3792,98602.5,25.29,158.87,98602.61,158.86
1783574915,3792,98602.5,25.29,158.87,98602.61,158.86
1783574915,3794,98602.82,25.29,158.84,98602.69,158.85
1783574915,3795,98602.82,25.29,158.84,98602.73,158.85
1783574915,3796,98602.82,25.29,158.84,98602.75,158.85
1783574915,3797,98603.24,25.29,158.8,98602.88,158.84
1783574915,3798,98603.24,25.29,158.8,98602.98,158.83
1783574916,3799,98603.24,25.29,158.8,98603.05,158.82
1783574916,3800,98603.24,25.29,158.8,98603.1,158.82
1783574916,3801,98603.24,25.29,158.8,98603.14,158.81
1783574916,3801,98603.24,25.29,158.8,98603.14,158.81
1783574916,3803,98603.24,25.29,158.8,98603.22,158.81
1783574916,3804,98603.66,25.3,158.77,98603.33,158.8
1783574916,3805,98603.66,25.3,158.77,98603.41,158.79
1783574916,3806,98603.99,25.3,158.74,98603.56,158.78
1783574916,3807,98603.99,25.3,158.74,98603.67,158.77
1783574917,3808,98603.99,25.3,158.74,98603.76,158.76
1783574917,3809,98603.99,25.3,158.74,98603.82,158.76
1783574917,3810,98604.31,25.3,158.72,98603.95,158.75
1783574917,3810,98604.31,25.3,158.72,98603.95,158.75
1783574917,3812,98604.31,25.3,158.72,98604.2,158.73
1783574917,3813,98604.64,25.3,158.69,98604.32,158.71
1783574917,3814,98604.31,25.3,158.72,98604.32,158.71
1783574917,3815,98604.31,25.3,158.72,98604.32,158.71
1783574918,3816,98603.99,25.3,158.74,98604.23,158.72
1783574918,3817,98603.99,25.3,158.74,98604.17,158.73
1783574918,3818,98603.99,25.3,158.74,98604.13,158.73
1783574918,3819,98603.99,25.3,158.74,98604.09,158.73
1783574918,3819,98603.99,25.3,158.74,98604.09,158.73
1783574918,3821,98604.31,25.3,158.72,98604.21,158.72
1783574918,3822,98604.31,25.3,158.72,98604.23,158.72
1783574918,3823,98604.22,25.29,158.72,98604.23,158.72
1783574918,3824,98604.22,25.29,158.72,98604.23,158.72
1783574919,3825,98604.22,25.29,158.72,98604.23,158.72
1783574919,3826,98604.22,25.29,158.72,98604.23,158.72
1783574919,3827,98604.22,25.29,158.72,98604.23,158.72
1783574919,3828,98604.22,25.29,158.72,98604.23,158.72
1783574919,3828,98604.22,25.29,158.72,98604.23,158.72
1783574919,3830,98604.54,25.29,158.69,98604.38,158.7
1783574919,3831,98604.54,25.29,158.69,98604.42,158.7
1783574919,3832,98604.54,25.29,158.69,98604.45,158.7
1783574920,3833,98604.12,25.29,158.73,98604.37,158.7
1783574920,3834,98604.12,25.29,158.73,98604.3,158.71
1783574920,3835,98604.12,25.29,158.73,98604.26,158.71
1783574920,3836,98604.12,25.29,158.73,98604.23,158.72
1783574920,3837,98604.45,25.29,158.7,98604.29,158.71
1783574920,3837,98604.45,25.29,158.7,98604.29,158.71
1783574920,3839,98605.41,25.29,158.61,98604.77,158.67
1783574920,3840,98604.99,25.29,158.65,98604.83,158.66
1783574921,3841,98604.99,25.29,158.65,98604.88,158.66
1783574921,3842,98604.99,25.29,158.65,98604.91,158.66
1783574921,3843,98605.32,25.29,158.62,98605.02,158.65
1783574921,3844,98605.64,25.29,158.59,98605.18,158.63
1783574921,3845,98605.25,25.29,158.63,98605.2,158.63
1783574921,3846,98605.25,25.29,158.63,98605.22,158.63
1783574921,3846,98605.25,25.29,158.63,98605.22,158.63
1783574921,3848,98605.25,25.29,158.63,98605.33,158.62
1783574921,3849,98604.92,25.29,158.66,98605.23,158.63
1783574922,3850,98604.92,25.29,158.66,98605.15,158.64
1783574922,3851,98604.5,25.28,158.69,98604.98,158.65
1783574922,3852,98604.5,25.28,158.69,98604.86,158.66
1783574922,3853,98604.61,25.29,158.68,98604.8,158.67
1783574922,3854,98604.61,25.29,158.68,98604.75,158.67
1783574922,3855,98604.61,25.29,158.68,98604.72,158.67
1783574922,3855,98604.61,25.29,158.68,98604.72,158.67
1783574922,3857,98604.28,25.29,158.71,98604.5,158.69
1783574923,3858,98604.28,25.29,158.71,98604.45,158.7
1783574923,3859,98603.86,25.28,158.74,98604.3,158.71
1783574923,3860,98603.86,25.28,158.74,98604.19,158.72
1783574923,3861,98604.19,25.28,158.72,98604.19,158.72
1783574923,3862,98603.86,25.28,158.74,98604.1,158.72
1783574923,3863,98603.53,25.28,158.77,98603.95,158.74
1783574923,3864,98603.2,25.28,158.8,98603.76,158.75
1783574923,3864,98603.2,25.28,158.8,98603.76,158.75
1783574924,3866,98602.88,25.28,158.83,98603.29,158.8
1783574924,3867,98602.88,25.28,158.83,98603.19,158.8
1783574924,3868,98602.88,25.28,158.83,98603.11,158.81
1783574924,3869,98602.88,25.28,158.83,98603.05,158.82
1783574924,3870,98602.46,25.28,158.87,98602.9,158.83
1783574924,3871,98602.46,25.28,158.87,98602.79,158.84
1783574924,3872,98602.46,25.28,158.87,98602.7,158.85
1783574924,3873,98602.46,25.28,158.87,98602.64,158.85
1783574924,3873,98602.46,25.28,158.87,98602.64,158.85
1783574925,3875,98602.56,25.28,158.86,98602.59,158.86
1783574925,3876,98602.88,25.28,158.83,98602.67,158.85
1783574925,3877,98602.88,25.28,158.83,98602.73,158.84
1783574925,3878,98602.46,25.28,158.87,98602.66,158.85
1783574925,3879,98602.46,25.28,158.87,98602.61,158.86
1783574925,3880,98602.78,25.28,158.84,98602.66,158.85
1783574925,3881,98602.78,25.28,158.84,98602.69,158.85
1783574925,3882,98602.78,25.28,158.84,98602.71,158.85
1783574925,3882,98602.78,25.28,158.84,98602.71,158.85
1783574926,3884,98602.46,25.28,158.87,98602.63,158.85
1783574926,3885,98602.46,25.28,158.87,98602.59,158.86
1783574926,3886,98602.46,25.28,158.87,98602.55,158.86
1783574926,3887,98602.46,25.28,158.87,98602.53,158.86
1783574926,3888,98602.36,25.28,158.88,98602.49,158.87
1783574926,3889,98602.36,25.28,158.88,98602.46,158.87
1783574926,3890,98602.36,25.28,158.88,98602.44,158.87
1783574926,3891,98601.94,25.28,158.91,98602.31,158.88
1783574927,3891,98601.94,25.28,158.91,98602.31,158.88
1783574927,3893,98601.55,25.27,158.94,98602.02,158.9
1783574927,3894,98601.88,25.27,158.92,98601.99,158.9
1783574927,3895,98601.88,25.27,158.92,98601.97,158.91
1783574927,3896,98601.45,25.27,158.95,98601.84,158.92
1783574927,3897,98601.77,25.27,158.92,98601.82,158.92
1783574927,3898,98601.77,25.27,158.92,98601.81,158.92
1783574927,3899,98601.77,25.27,158.92,98601.8,158.92
1783574927,3900,98601.35,25.27,158.96,98601.69,158.93
1783574928,3900,98601.35,25.27,158.96,98601.69,158.93
1783574928,3902,98601.77,25.27,158.92,98601.75,158.93
1783574928,3903,98601.77,25.27,158.92,98601.76,158.93
1783574928,3904,98601.35,25.27,158.96,98601.66,158.93
1783574928,3905,98601.67,25.27,158.93,98601.66,158.93
1783574928,3906,98601.67,25.27,158.93,98601.67,158.93
1783574928,3907,98602.0,25.27,158.9,98601.76,158.93
1783574928,3908,98602.0,25.27,158.9,98601.83,158.92
1783574929,3909,98602.0,25.27,158.9,98601.88,158.92
1783574929,3909,98602.0,25.27,158.9,98601.88,158.92
1783574929,3911,98601.9,25.27,158.91,98601.91,158.91
1783574929,3912,98601.51,25.26,158.94,98601.82,158.91
1783574929,3913,98601.84,25.26,158.91,98601.83,158.91
1783574929,3914,98601.73,25.26,158.92,98601.81,158.92
1783574929,3915,98601.73,25.26,158.92,98601.8,158.92
1783574929,3916,98602.06,25.26,158.89,98601.88,158.91
1783574929,3917,98602.06,25.26,158.89,98601.93,158.9
1783574930,3918,98601.97,25.26,158.9,98601.95,158.9
1783574930,3918,98601.97,25.26,158.9,98601.95,158.9
1783574930,3920,98601.86,25.26,158.91,98601.91,158.91
1783574930,3921,98601.77,25.25,158.91,98601.88,158.9
1783574930,3922,98602.09,25.25,158.89,98601.95,158.9
1783574930,3923,98602.42,25.25,158.86,98602.08,158.89
1783574930,3924,98602.42,25.25,158.86,98602.17,158.88
1783574930,3925,98603.06,25.25,158.8,98602.41,158.86
1783574931,3926,98602.67,25.25,158.83,98602.48,158.85
1783574931,3927,98603.0,25.25,158.81,98602.63,158.84
1783574931,3927,98603.0,25.25,158.81,98602.63,158.84
1783574931,3929,98603.0,25.25,158.81,98602.87,158.82
1783574931,3930,98603.0,25.25,158.81,98602.91,158.81
1783574931,3931,98603.0,25.25,158.81,98602.94,158.81
1783574931,3932,98603.0,25.25,158.81,98602.96,158.81
1783574931,3933,98603.33,25.25,158.78,98603.06,158.8
1783574932,3934,98603.33,25.25,158.78,98603.14,158.79
1783574932,3935,98603.33,25.25,158.78,98603.2,158.79
1783574932,3936,98603.0,25.25,158.81,98603.15,158.79
1783574932,3936,98603.0,25.25,158.81,98603.15,158.79
1783574932,3938,98603.0,25.25,158.81,98603.06,158.8
1783574932,3939,98603.0,25.25,158.81,98603.05,158.8
1783574932,3940,98603.0,25.25,158.81,98603.05,158.8
1783574932,3941,98603.33,25.25,158.78,98603.13,158.79
1783574932,3942,98603.33,25.25,158.78,98603.19,158.79
1783574933,3943,98603.33,25.25,158.78,98603.23,158.78
1783574933,3944,98603.72,25.25,158.74,98603.36,158.77
1783574933,3945,98604.03,25.25,158.71,98603.54,158.76
1783574933,3945,98604.03,25.25,158.71,98603.54,158.76
1783574933,3947,98604.03,25.25,158.71,98603.96,158.72
1783574933,3948,98604.03,25.25,158.71,98603.98,158.72
1783574933,3949,98604.03,25.25,158.71,98604.0,158.72
1783574933,3950,98604.03,25.25,158.71,98604.02,158.71
1783574934,3951,98604.03,25.25,158.71,98604.02,158.71
1783574934,3952,98604.03,25.25,158.71,98604.03,158.71
1783574934,3953,98604.03,25.25,158.71,98604.04,158.71
1783574934,3954,98604.36,25.25,158.68,98604.13,158.71
1783574934,3954,98604.36,25.25,158.68,98604.13,158.71
1783574934,3956,98604.36,25.25,158.68,98604.3,158.69
1783574934,3957,98605.02,25.25,158.63,98604.49,158.67
1783574934,3958,98605.02,25.25,158.63,98604.63,158.66
1783574935,3959,98605.02,25.25,158.63,98604.74,158.65
1783574935,3960,98605.34,25.25,158.6,98604.91,158.64
1783574935,3961,98605.34,25.25,158.6,98605.02,158.63
1783574935,3962,98605.34,25.25,158.6,98605.11,158.62
1783574935,3963,98605.34,25.25,158.6,98605.17,158.61
1783574935,3963,98605.34,25.25,158.6,98605.17,158.61
1783574935,3965,98604.95,25.25,158.63,98605.13,158.62
1783574935,3966,98605.02,25.25,158.63,98605.11,158.62
1783574935,3967,98605.66,25.25,158.57,98605.26,158.6
1783574936,3968,98605.66,25.25,158.57,98605.37,158.6
1783574936,3969,98605.34,25.25,158.6,98605.37,158.6
1783574936,3970,98604.95,25.25,158.63,98605.27,158.6
1783574936,3971,98604.95,25.25,158.63,98605.19,158.61
1783574936,3972,98605.27,25.25,158.6,98605.21,158.61
1783574936,3972,98605.27,25.25,158.6,98605.21,158.61
1783574936,3974,98605.17,25.25,158.61,98605.3,158.6
1783574936,3975,98605.5,25.25,158.58,98605.36,158.6
1783574937,3976,98605.5,25.25,158.58,98605.4,158.59
1783574937,3977,98605.5,25.25,158.58,98605.43,158.59
1783574937,3978,98604.75,25.25,158.65,98605.26,158.6
1783574937,3979,98604.75,25.25,158.65,98605.13,158.62
1783574937,3980,98604.75,25.25,158.65,98605.04,158.62
1783574937,3981,98605.08,25.25,158.62,98605.05,158.62
1783574937,3981,98605.08,25.25,158.62,98605.05,158.62
1783574937,3983,98605.3,25.24,158.6,98605.27,158.6
1783574938,3984,98605.3,25.24,158.6,98605.28,158.6
1783574938,3985,98604.98,25.24,158.62,98605.21,158.6
1783574938,3986,98605.3,25.24,158.6,98605.24,158.6
1783574938,3987,98605.3,25.24,158.6,98605.27,158.6
1783574938,3988,98605.3,25.24,158.6,98605.28,158.6
1783574938,3989,98605.3,25.24,158.6,98605.3,158.6
1783574938,3990,98605.3,25.24,158.6,98605.3,158.6
1783574938,3990,98605.3,25.24,158.6,98605.3,158.6
1783574938,3992,98605.3,25.24,158.6,98605.41,158.59
1783574939,3993,98604.98,25.24,158.62,98605.3,158.6
1783574939,3994,98605.3,25.24,158.6,98605.31,158.59
1783574939,3995,98605.3,25.24,158.6,98605.32,158.59
1783574939,3996,98605.3,25.24,158.6,98605.32,158.59
1783574939,3997,98605.3,25.24,158.6,98605.32,158.59
1783574939,3998,98605.3,25.24,158.6,98605.32,158.59
1783574939,3999,98605.3,25.24,158.6,98605.32,158.59
1783574939,3999,98605.3,25.24,158.6,98605.32,158.59
1783574940,4001,98605.4,25.25,158.59,98605.23,158.61
1783574940,4002,98605.4,25.25,158.59,98605.28,158.6
1783574940,4003,98605.4,25.25,158.59,98605.32,158.6
1783574940,4004,98605.4,25.25,158.59,98605.34,158.6
1783574940,4005,98605.08,25.25,158.62,98605.28,158.6
1783574940,4006,98605.5,25.25,158.58,98605.34,158.6
1783574940,4007,98605.5,25.25,158.58,98605.39,158.59
1783574940,4008,98605.17,25.25,158.61,98605.34,158.6
1783574940,4008,98605.17,25.25,158.61,98605.34,158.6
1783574941,4010,98604.95,25.25,158.63,98605.16,158.61
1783574941,4011,98605.02,25.25,158.63,98605.13,158.62
1783574941,4012,98604.69,25.25,158.66,98605.02,158.63
1783574941,4013,98604.78,25.26,158.65,98604.97,158.64
1783574941,4014,98604.46,25.26,158.68,98604.84,158.65
1783574941,4015,98604.14,25.26,158.71,98604.66,158.66
1783574941,4016,98604.23,25.26,158.7,98604.55,158.67
1783574941,4017,98603.91,25.26,158.73,98604.39,158.69
1783574941,4017,98603.91,25.26,158.73,98604.39,158.69
1783574942,4019,98603.78,25.26,158.74,98604.13,158.71
1783574942,4020,98603.84,25.27,158.74,98604.05,158.72
1783574942,4021,98603.52,25.27,158.77,98603.92,158.73
1783574942,4022,98603.63,25.27,158.76,98603.85,158.74
1783574942,4023,98603.3,25.27,158.79,98603.71,158.75
1783574942,4024,98602.97,25.27,158.82,98603.52,158.77
1783574942,4025,98603.08,25.27,158.81,98603.41,158.78
1783574942,4026,98602.75,25.27,158.84,98603.24,158.79
1783574943,4026,98602.75,25.27,158.84,98603.24,158.79
1783574943,4028,98602.59,25.28,158.86,98602.73,158.84
1783574943,4029,98602.59,25.28,158.86,98602.7,158.85
1783574943,4030,98602.27,25.28,158.89,98602.59,158.86
1783574943,4031,98602.27,25.28,158.89,98602.51,158.86
1783574943,4032,98602.27,25.28,158.89,98602.45,158.87
1783574943,4033,98602.27,25.28,158.89,98602.4,158.87
1783574943,4034,98602.69,25.28,158.85,98602.48,158.87
1783574943,4035,98602.69,25.28,158.85,98602.53,158.86
1783574944,4035,98602.69,25.28,158.85,98602.53,158.86
1783574944,4037,98602.36,25.28,158.88,98602.55,158.86
1783574944,4038,98602.36,25.28,158.88,98602.51,158.86
1783574944,4039,98601.94,25.28,158.91,98602.36,158.88
1783574944,4040,98601.94,25.28,158.91,98602.25,158.89
1783574944,4041,98601.94,25.28,158.91,98602.17,158.89
1783574944,4042,98601.94,25.28,158.91,98602.11,158.9
1783574944,4043,98602.27,25.28,158.89,98602.15,158.9
1783574945,4044,98602.27,25.28,158.89,98602.18,158.89
1783574945,4044,98602.27,25.28,158.89,98602.18,158.89
1783574945,4046,98603.01,25.28,158.82,98602.59,158.86
1783574945,4047,98603.34,25.28,158.79,98602.78,158.84
1783574945,4048,98603.01,25.28,158.82,98602.84,158.83
1783574945,4049,98603.01,25.28,158.82,98602.89,158.83
1783574945,4050,98603.01,25.28,158.82,98602.92,158.83
1783574945,4051,98603.01,25.28,158.82,98602.95,158.83
1783574946,4052,98603.01,25.28,158.82,98602.96,158.82
1783574946,4053,98603.01,25.28,158.82,98602.98,158.82
1783574946,4053,98603.01,25.28,158.82,98602.98,158.82
1783574946,4055,98603.76,25.28,158.75,98603.34,158.79
1783574946,4056,98603.76,25.28,158.75,98603.45,158.78
1783574946,4057,98603.76,25.28,158.75,98603.53,158.77
1783574946,4058,98604.08,25.28,158.73,98603.67,158.76
1783574946,4059,98604.08,25.28,158.73,98603.78,158.75
1783574946,4060,98604.08,25.28,158.73,98603.86,158.74
1783574947,4061,98604.08,25.28,158.73,98603.92,158.74
1783574947,4062,98604.41,25.28,158.7,98604.05,158.73
1783574947,4062,98604.41,25.28,158.7,98604.05,158.73
1783574947,4064,98603.98,25.28,158.73,98604.05,158.73
1783574947,4065,98603.98,25.28,158.73,98604.03,158.73
1783574947,4066,98603.98,25.28,158.73,98604.02,158.73
1783574947,4067,98603.98,25.28,158.73,98604.02,158.73
1783574947,4068,98603.98,25.28,158.73,98604.01,158.73
1783574948,4069,98603.98,25.28,158.73,98604.0,158.73
1783574948,4070,98604.31,25.28,158.7,98604.09,158.72
1783574948,4071,98604.31,25.28,158.7,98604.15,158.72
1783574948,4071,98604.31,25.28,158.7,98604.15,158.72
1783574948,4073,98604.63,25.28,158.68,98604.35,158.7
1783574948,4074,98604.31,25.28,158.7,98604.34,158.7
1783574948,4075,98604.21,25.28,158.71,98604.31,158.7
1783574948,4076,98604.53,25.28,158.69,98604.38,158.7
1783574948,4077,98604.86,25.28,158.66,98604.5,158.69
1783574949,4078,98604.53,25.28,158.69,98604.51,158.69
1783574949,4079,98604.53,25.28,158.69,98604.52,158.69
1783574949,4080,98604.53,25.28,158.69,98604.52,158.69
1783574949,4080,98604.53,25.28,158.69,98604.52,158.69
1783574949,4082,98604.47,25.27,158.69,98604.63,158.67
1783574949,4083,98604.8,25.27,158.66,98604.68,158.67
1783574949,4084,98605.45,25.27,158.6,98604.88,158.65
1783574949,4085,98605.45,25.27,158.6,98605.03,158.64
1783574950,4086,98605.34,25.27,158.61,98605.12,158.63
1783574950,4087,98605.34,25.27,158.61,98605.18,158.62
1783574950,4088,98605.34,25.27,158.61,98605.23,158.62
1783574950,4089,98605.02,25.27,158.64,98605.17,158.62
1783574950,4089,98605.02,25.27,158.64,98605.17,158.62
1783574950,4091,98605.02,25.27,158.64,98605.07,158.63
1783574950,4092,98605.02,25.27,158.64,98605.06,158.63
1783574950,4093,98605.02,25.27,158.64,98605.05,158.63
1783574951,4094,98604.7,25.27,158.67,98604.97,158.64
1783574951,4095,98604.7,25.27,158.67,98604.9,158.65
1783574951,4096,98604.7,25.27,158.67,98604.85,158.65
1783574951,4097,98604.7,25.27,158.67,98604.81,158.66
1783574951,4098,98605.02,25.27,158.64,98604.87,158.65
1783574951,4098,98605.02,25.27,158.64,98604.87,158.65
1783574951,4100,98604.7,25.27,158.67,98604.76,158.66
1783574951,4101,98604.7,25.27,158.67,98604.74,158.66
1783574951,4102,98604.7,25.27,158.67,98604.73,158.66
1783574952,4103,98604.7,25.27,158.67,98604.73,158.66
1783574952,4104,98604.7,25.27,158.67,98604.72,158.66
1783574952,4105,98604.7,25.27,158.67,98604.72,158.66
1783574952,4106,98604.8,25.27,158.66,98604.74,158.66
1783574952,4107,98604.47,25.27,158.69,98604.67,158.67
1783574952,4107,98604.47,25.27,158.69,98604.67,158.67
1783574952,4109,98604.47,25.27,158.69,98604.54,158.68
1783574952,4110,98604.47,25.27,158.69,98604.52,158.68
1783574953,4111,98604.47,25.27,158.69,98604.52,158.68
1783574953,4112,98604.47,25.27,158.69,98604.51,158.68
1783574953,4113,98604.47,25.27,158.69,98604.5,158.68
1783574953,4114,98604.86,25.28,158.66,98604.59,158.68
1783574953,4115,98604.53,25.28,158.69,98604.57,158.68
1783574953,4116,98604.21,25.28,158.71,98604.48,158.69
1783574953,4116,98604.21,25.28,158.71,98604.48,158.69
1783574953,4118,98603.88,25.28,158.74,98604.21,158.71
1783574954,4119,98603.88,25.28,158.74,98604.13,158.72
1783574954,4120,98603.88,25.28,158.74,98604.06,158.73
1783574954,4121,98603.56,25.28,158.77,98603.94,158.74
1783574954,4122,98603.56,25.28,158.77,98603.84,158.75
1783574954,4123,98603.56,25.28,158.77,98603.77,158.75
1783574954,4124,98603.56,25.28,158.77,98603.72,158.76
1783574954,4125,98603.56,25.28,158.77,98603.68,158.76
1783574954,4125,98603.56,25.28,158.77,98603.68,158.76
1783574954,4127,98603.49,25.27,158.77,98603.78,158.75
1783574955,4128,98603.49,25.27,158.77,98603.71,158.75
1783574955,4129,98603.49,25.27,158.77,98603.66,158.76
1783574955,4130,98603.49,25.27,158.77,98603.62,158.76
1783574955,4131,98603.49,25.27,158.77,98603.59,158.76
1783574955,4132,98603.49,25.27,158.77,98603.56,158.77
1783574955,4133,98603.39,25.27,158.78,98603.52,158.77
1783574955,4134,98603.72,25.27,158.75,98603.58,158.76
1783574955,4134,98603.72,25.27,158.75,98603.58,158.76
1783574956,4136,98603.3,25.27,158.79,98603.44,158.78
1783574956,4137,98603.3,25.27,158.79,98603.41,158.78
1783574956,4138,98603.3,25.27,158.79,98603.38,158.78
1783574956,4139,98603.3,25.27,158.79,98603.37,158.78
1783574956,4140,98602.55,25.27,158.86,98603.16,158.8
1783574956,4141,98602.97,25.27,158.82,98603.11,158.81
1783574956,4142,98602.97,25.27,158.82,98603.08,158.81
1783574956,4143,98602.97,25.27,158.82,98603.05,158.81
1783574956,4143,98602.97,25.27,158.82,98603.05,158.81
1783574957,4145,98602.97,25.27,158.82,98602.93,158.82
1783574957,4146,98602.97,25.27,158.82,98602.95,158.82
1783574957,4147,98602.65,25.27,158.85,98602.88,158.83
1783574957,4148,98602.65,25.27,158.85,98602.82,158.83
1783574957,4149,98602.65,25.27,158.85,98602.78,158.83
1783574957,4150,98602.65,25.27,158.85,98602.75,158.84
1783574957,4151,98602.33,25.27,158.88,98602.64,158.85
1783574957,4152,98602.0,25.27,158.9,98602.48,158.86
1783574957,4152,98602.0,25.27,158.9,98602.48,158.86
1783574958,4154,98602.0,25.27,158.9,98602.16,158.89
1783574958,4155,98602.0,25.27,158.9,98602.12,158.89
1783574958,4156,98602.0,25.27,158.9,98602.09,158.9
1783574958,4157,98602.0,25.27,158.9,98602.07,158.9
1783574958,4158,98601.67,25.27,158.93,98601.97,158.91
1783574958,4159,98601.35,25.27,158.96,98601.81,158.92
1783574958,4160,98601.77,25.27,158.92,98601.8,158.92
1783574958,4161,98602.09,25.27,158.9,98601.88,158.91
1783574959,4161,98602.09,25.27,158.9,98601.88,158.91
1783574959,4163,98602.42,25.27,158.87,98602.13,158.89
1783574959,4164,98602.42,25.27,158.87,98602.2,158.89
1783574959,4165,98602.42,25.27,158.87,98602.27,158.88
1783574959,4166,98602.42,25.27,158.87,98602.31,158.88
1783574959,4167,98602.84,25.27,158.83,98602.45,158.86
1783574959,4168,98602.52,25.27,158.86,98602.48,158.86
1783574959,4169,98602.84,25.27,158.83,98602.58,158.85
1783574959,4170,98602.52,25.27,158.86,98602.56,158.85
1783574960,4170,98602.52,25.27,158.86,98602.56,158.85
1783574960,4172,98602.52,25.27,158.86,98602.54,158.86
1783574960,4173,98602.2,25.27,158.89,98602.45,158.86
1783574960,4174,98602.2,25.27,158.89,98602.39,158.87
1783574960,4175,98602.59,25.28,158.86,98602.44,158.87
1783574960,4176,98602.59,25.28,158.86,98602.48,158.87
1783574960,4177,98602.27,25.28,158.89,98602.42,158.87
1783574960,4178,98601.94,25.28,158.91,98602.3,158.88
1783574961,4179,98601.94,25.28,158.91,98602.2,158.89
1783574961,4179,98601.94,25.28,158.91,98602.2,158.89
1783574961,4181,98602.36,25.28,158.88,98602.21,158.89
1783574961,4182,98602.36,25.28,158.88,98602.25,158.89
1783574961,4183,98602.36,25.28,158.88,98602.28,158.88
1783574961,4184,98602.36,25.28,158.88,98602.3,158.88
1783574961,4185,98602.36,25.28,158.88,98602.32,158.88
1783574961,4186,98602.36,25.28,158.88,98602.34,158.88
1783574962,4187,98602.36,25.28,158.88,98602.34,158.88
1783574962,4188,98602.36,25.28,158.88,98602.35,158.88
1783574962,4188,98602.36,25.28,158.88,98602.35,158.88
1783574962,4190,98602.69,25.28,158.85,98602.55,158.86
1783574962,4191,98602.69,25.28,158.85,98602.59,158.86
1783574962,4192,98602.69,25.28,158.85,98602.62,158.85
1783574962,4193,98602.36,25.28,158.88,98602.55,158.86
1783574962,4194,98602.36,25.28,158.88,98602.51,158.86
1783574962,4195,98602.69,25.28,158.85,98602.55,158.86
1783574963,4196,98602.69,25.28,158.85,98602.59,158.86
1783574963,4197,98602.69,25.28,158.85,98602.62,158.85
1783574963,4197,98602.69,25.28,158.85,98602.62,158.85
1783574963,4199,98602.69,25.28,158.85,98602.7,158.85
1783574963,4200,98603.01,25.28,158.82,98602.78,158.84
1783574963,4201,98602.69,25.28,158.85,98602.76,158.84
1783574963,4202,98603.01,25.28,158.82,98602.83,158.84
1783574963,4203,98603.01,25.28,158.82,98602.88,158.83
1783574964,4204,98602.69,25.28,158.85,98602.83,158.84
1783574964,4205,98602.69,25.28,158.85,98602.8,158.84
1783574964,4206,98602.69,25.28,158.85,98602.77,158.84
1783574964,4206,98602.69,25.28,158.85,98602.77,158.84
1783574964,4208,98602.03,25.28,158.91,98602.38,158.88
1783574964,4209,98602.36,25.28,158.88,98602.38,158.88
1783574964,4210,98602.36,25.28,158.88,98602.38,158.88
1783574964,4211,98602.69,25.28,158.85,98602.46,158.87
1783574965,4212,98602.69,25.28,158.85,98602.52,158.86
1783574965,4213,98602.69,25.28,158.85,98602.57,158.86
1783574965,4214,98602.69,25.28,158.85,98602.6,158.86
1783574965,4215,98603.01,25.28,158.82,98602.71,158.85
1783574965,4215,98603.01,25.28,158.82,98602.71,158.85
1783574965,4217,98602.59,25.28,158.86,98602.71,158.85
1783574965,4218,98603.01,25.28,158.82,98602.79,158.84
1783574965,4219,98603.01,25.28,158.82,98602.85,158.83
1783574965,4220,98602.91,25.28,158.83,98602.87,158.83
1783574966,4221,98603.01,25.28,158.82,98602.91,158.83
1783574966,4222,98602.91,25.28,158.83,98602.91,158.83
1783574966,4223,98602.91,25.28,158.83,98602.91,158.83
1783574966,4224,98602.91,25.28,158.83,98602.91,158.83
1783574966,4224,98602.91,25.28,158.83,98602.91,158.83
1783574966,4226,98602.59,25.28,158.86,98602.86,158.83
1783574966,4227,98602.27,25.28,158.89,98602.7,158.85
1783574966,4228,98602.69,25.28,158.85,98602.7,158.85
1783574967,4229,98602.69,25.28,158.85,98602.7,158.85
1783574967,4230,98602.36,25.28,158.88,98602.62,158.85
1783574967,4231,98602.36,25.28,158.88,98602.55,158.86
1783574967,4232,98602.36,25.28,158.88,98602.51,158.86
1783574967,4233,98602.03,25.28,158.91,98602.38,158.88
1783574967,4233,98602.03,25.28,158.91,98602.38,158.88
1783574967,4235,98602.46,25.28,158.87,98602.38,158.88
1783574967,4236,98602.46,25.28,158.87,98602.41,158.87
1783574968,4237,98602.46,25.28,158.87,98602.42,158.87
1783574968,4238,98602.46,25.28,158.87,98602.44,158.87
1783574968,4239,98602.46,25.28,158.87,98602.45,158.87
1783574968,4240,98602.78,25.28,158.84,98602.53,158.86
1783574968,4241,98602.78,25.28,158.84,98602.6,158.86
1783574968,4242,98602.78,25.28,158.84,98602.65,158.85
1783574968,4242,98602.78,25.28,158.84,98602.65,158.85
1783574968,4244,98602.69,25.28,158.85,98602.73,158.84
1783574968,4245,98602.69,25.28,158.85,98602.72,158.85
1783574969,4246,98602.27,25.28,158.89,98602.6,158.86
1783574969,4247,98602.59,25.28,158.86,98602.6,158.86
1783574969,4248,98602.84,25.27,158.83,98602.67,158.84
1783574969,4249,98602.84,25.27,158.83,98602.72,158.84
1783574969,4250,98602.75,25.27,158.84,98602.73,158.84
1783574969,4251,98602.75,25.27,158.84,98602.74,158.84
1783574969,4251,98602.75,25.27,158.84,98602.74,158.84
1783574969,4253,98603.52,25.27,158.77,98603.21,158.8
1783574970,4254,98603.13,25.26,158.8,98603.2,158.79
1783574970,4255,98603.45,25.26,158.77,98603.27,158.79
1783574970,4256,98603.45,25.26,158.77,98603.33,158.78
1783574970,4257,98603.36,25.26,158.78,98603.34,158.78
1783574970,4258,98603.36,25.26,158.78,98603.35,158.78
1783574970,4259,98603.36,25.26,158.78,98603.36,158.78
1783574970,4260,98603.36,25.26,158.78,98603.37,158.78
1783574970,4260,98603.36,25.26,158.78,98603.37,158.78
1783574970,4262,98603.69,25.26,158.75,98603.47,158.77
1783574971,4263,98603.36,25.26,158.78,98603.45,158.77
1783574971,4264,98603.36,25.26,158.78,98603.43,158.77
1783574971,4265,98603.36,25.26,158.78,98603.41,158.77
1783574971,4266,98603.36,25.26,158.78,98603.41,158.77
1783574971,4267,98603.03,25.26,158.81,98603.31,158.78
1783574971,4268,98603.03,25.26,158.81,98603.24,158.79
1783574971,4269,98603.03,25.26,158.81,98603.2,158.79
1783574971,4269,98603.03,25.26,158.81,98603.2,158.79
1783574972,4271,98602.38,25.26,158.87,98602.79,158.83
1783574972,4272,98602.38,25.26,158.87,98602.69,158.84
1783574972,4273,98602.38,25.26,158.87,98602.62,158.84
1783574972,4274,98602.38,25.26,158.87,98602.56,158.85
1783574972,4275,98602.38,25.26,158.87,98602.52,158.85
1783574972,4276,98602.38,25.26,158.87,98602.49,158.85
1783574972,4277,98602.38,25.26,158.87,98602.47,158.86
1783574972,4278,98602.38,25.26,158.87,98602.45,158.86
1783574972,4278,98602.38,25.26,158.87,98602.45,158.86
1783574973,4280,98602.48,25.26,158.86,98602.52,158.85
1783574973,4281,98602.48,25.26,158.86,98602.52,158.85
1783574973,4282,98602.81,25.26,158.83,98602.6,158.85
1783574973,4283,98602.48,25.26,158.86,98602.58,158.85
1783574973,4284,98602.48,25.26,158.86,98602.56,158.85
1783574973,4285,98602.48,25.26,158.86,98602.55,158.85
1783574973,4286,98602.48,25.26,158.86,98602.54,158.85
1783574973,4287,98602.48,25.26,158.86,98602.53,158.85
1783574973,4287,98602.48,25.26,158.86,98602.53,158.85
1783574974,4289,98602.16,25.26,158.89,98602.26,158.88
1783574974,4290,98601.84,25.26,158.91,98602.16,158.89
1783574974,4291,98601.84,25.26,158.91,98602.08,158.89
1783574974,4292,98601.51,25.26,158.94,98601.94,158.9
1783574974,4293,98601.51,25.26,158.94,98601.83,158.91
1783574974,4294,98601.51,25.26,158.94,98601.75,158.92
1783574974,4295,98601.51,25.26,158.94,98601.7,158.93
1783574974,4296,98601.19,25.26,158.97,98601.57,158.94
1783574975,4296,98601.19,25.26,158.97,98601.57,158.94
1783574975,4298,98601.19,25.26,158.97,98601.31,158.96
1783574975,4299,98601.19,25.26,158.97,98601.29,158.96
1783574975,4300,98601.19,25.26,158.97,98601.27,158.96
1783574975,4301,98601.19,25.26,158.97,98601.25,158.97
1783574975,4302,98601.25,25.27,158.97,98601.25,158.97
1783574975,4303,98601.25,25.27,158.97,98601.26,158.97
1783574975,4304,98601.25,25.27,158.97,98601.26,158.97
1783574976,4305,98601.25,25.27,158.97,98601.26,158.97
1783574976,4305,98601.25,25.27,158.97,98601.26,158.97
1783574976,4307,98601.02,25.27,158.99,98601.11,158.98
1783574976,4308,98600.7,25.27,159.02,98601.01,158.99
1783574976,4309,98600.7,25.27,159.02,98600.93,159.0
1783574976,4310,98600.38,25.27,159.05,98600.79,159.01
1783574976,4311,98600.7,25.27,159.02,98600.77,159.01
1783574976,4312,98601.02,25.27,158.99,98600.84,159.01
1783574976,4313,98600.7,25.27,159.02,98600.81,159.01
1783574977,4314,98600.7,25.27,159.02,98600.79,159.01
1783574977,4314,98600.7,25.27,159.02,98600.79,159.01
1783574977,4316,98601.45,25.27,158.95,98601.19,158.98
1783574977,4317,98601.45,25.27,158.95,98601.26,158.97
1783574977,4318,98601.13,25.27,158.98,98601.23,158.97
1783574977,4319,98600.8,25.27,159.01,98601.12,158.98
1783574977,4320,98600.8,25.27,159.01,98601.04,158.99
1783574977,4321,98600.8,25.27,159.01,98600.98,158.99
1783574978,4322,98600.47,25.27,159.04,98600.85,159.01
1783574978,4323,98600.47,25.27,159.04,98600.76,159.01
1783574978,4323,98600.47,25.27,159.04,98600.76,159.01
1783574978,4325,98600.58,25.27,159.03,98600.72,159.02
1783574978,4326,98600.97,25.28,159.0,98600.78,159.02
1783574978,4327,98600.64,25.28,159.03,98600.75,159.02
1783574978,4328,98600.97,25.28,159.0,98600.81,159.01
1783574978,4329,98600.64,25.28,159.03,98600.77,159.02
1783574979,4330,98601.39,25.28,158.96,98600.94,159.0
1783574979,4331,98601.39,25.28,158.96,98601.05,158.99
1783574979,4332,98601.06,25.28,158.99,98601.06,158.99
1783574979,4332,98601.06,25.28,158.99,98601.06,158.99
1783574979,4334,98600.73,25.28,159.02,98600.98,159.0
1783574979,4335,98601.16,25.28,158.98,98601.03,159.0
1783574979,4336,98600.84,25.28,159.01,98600.98,159.0
1783574979,4337,98600.84,25.28,159.01,98600.95,159.0
1783574979,4338,98600.94,25.28,159.0,98600.95,159.0
1783574980,4339,98600.61,25.28,159.03,98600.86,159.01
1783574980,4340,98600.61,25.28,159.03,98600.8,159.02
1783574980,4341,98600.28,25.28,159.06,98600.66,159.03
1783574980,4341,98600.28,25.28,159.06,98600.66,159.03
1783574980,4343,98600.7,25.29,159.03,98600.59,159.04
1783574980,4344,98600.7,25.29,159.03,98600.63,159.04
1783574980,4345,98600.38,25.29,159.06,98600.56,159.04
1783574980,4346,98600.38,25.29,159.06,98600.52,159.05
1783574981,4347,98600.38,25.29,159.06,98600.48,159.05
1783574981,4348,98600.38,25.29,159.06,98600.46,159.05
1783574981,4349,98600.38,25.29,159.06,98600.45,159.05
1783574981,4350,98600.38,25.29,159.06,98600.43,159.05
1783574981,4350,98600.38,25.29,159.06,98600.43,159.05
1783574981,4352,98600.28,25.28,159.06,98600.3,159.06
1783574981,4353,98600.28,25.28,159.06,98600.3,159.06
1783574981,4354,98600.28,25.28,159.06,98600.3,159.06
1783574981,4355,98600.28,25.28,159.06,98600.3,159.06
1783574982,4356,98600.28,25.28,159.06,98600.3,159.06
1783574982,4357,98600.61,25.28,159.03,98600.38,159.05
1783574982,4358,98600.61,25.28,159.03,98600.45,159.05
1783574982,4359,98600.61,25.28,159.03,98600.49,159.04
1783574982,4359,98600.61,25.28,159.03,98600.49,159.04
1783574982,4361,98599.96,25.28,159.09,98600.09,159.08
1783574982,4362,98599.96,25.28,159.09,98600.05,159.08
1783574982,4363,98599.96,25.28,159.09,98600.03,159.08
1783574983,4364,98599.96,25.28,159.09,98600.02,159.09
1783574983,4365,98600.06,25.29,159.09,98600.03,159.09
1783574983,4366,98600.06,25.29,159.09,98600.04,159.09
1783574983,4367,98600.06,25.29,159.09,98600.05,159.09
1783574983,4368,98600.06,25.29,159.09,98600.05,159.09
1783574983,4368,98600.06,25.29,159.09,98600.05,159.09
1783574983,4370,98600.13,25.29,159.08,98600.1,159.08
1783574983,4371,98600.13,25.29,159.08,98600.11,159.08
1783574984,4372,98600.13,25.29,159.08,98600.12,159.08
1783574984,4373,98599.8,25.29,159.11,98600.04,159.09
1783574984,4374,98599.8,25.29,159.11,98599.98,159.09
1783574984,4375,98599.47,25.29,159.14,98599.84,159.11
1783574984,4376,98599.47,25.29,159.14,98599.75,159.11
1783574984,4377,98599.58,25.29,159.13,98599.71,159.12
1783574984,4377,98599.58,25.29,159.13,98599.71,159.12
1783574984,4379,98599.25,25.29,159.16,98599.49,159.14
1783574984,4380,98599.25,25.29,159.16,98599.43,159.14
1783574985,4381,98600.0,25.29,159.09,98599.58,159.13
1783574985,4382,98599.67,25.29,159.12,98599.6,159.13
1783574985,4383,98599.67,25.29,159.12,98599.63,159.13
1783574985,4384,98600.09,25.3,159.09,98599.74,159.12
1783574985,4385,98599.77,25.3,159.12,98599.75,159.12
1783574985,4386,98599.77,25.3,159.12,98599.76,159.12
1783574985,4386,98599.77,25.3,159.12,98599.76,159.12
1783574985,4388,98599.55,25.3,159.14,98599.74,159.12
1783574986,4389,98599.55,25.3,159.14,98599.69,159.12
1783574986,4390,98599.61,25.3,159.13,98599.66,159.13
1783574986,4391,98599.61,25.3,159.13,98599.65,159.13
1783574986,4392,98599.61,25.3,159.13,98599.64,159.13
1783574986,4393,98599.22,25.3,159.17,98599.53,159.14
1783574986,4394,98599.22,25.3,159.17,98599.45,159.15
1783574986,4395,98599.22,25.3,159.17,98599.39,159.15
1783574986,4395,98599.22,25.3,159.17,98599.39,159.15
1783574987,4397,98598.9,25.3,159.19,98599.08,159.18
1783574987,4398,98598.9,25.3,159.19,98599.03,159.18
1783574987,4399,98598.96,25.3,159.19,98599.02,159.18
1783574987,4400,98598.96,25.3,159.19,98599.0,159.19
1783574987,4401,98599.28,25.3,159.16,98599.07,159.18
1783574987,4402,98598.96,25.3,159.19,98599.04,159.18
1783574987,4403,98599.28,25.3,159.16,98599.1,159.18
1783574987,4404,98599.28,25.3,159.16,98599.15,159.17
1783574987,4404,98599.28,25.3,159.16,98599.15,159.17
1783574988,4406,98599.7,25.3,159.12,98599.58,159.13
1783574988,4407,98600.13,25.31,159.09,98599.71,159.13
1783574988,4408,98600.13,25.31,159.09,98599.82,159.12
1783574988,4409,98600.13,25.31,159.09,98599.9,159.11
1783574988,4410,98599.81,25.31,159.12,98599.88,159.11
1783574988,4411,98599.81,25.31,159.12,98599.86,159.11
1783574988,4412,98599.81,25.31,159.12,98599.84,159.12
1783574988,4413,98600.13,25.31,159.09,98599.91,159.11
1783574988,4413,98600.13,25.31,159.09,98599.91,159.11
1783574989,4415,98599.81,25.31,159.12,98599.98,159.1
1783574989,4416,98600.23,25.31,159.08,98600.04,159.1
1783574989,4417,98600.23,25.31,159.08,98600.09,159.1
1783574989,4418,98599.91,25.31,159.11,98600.04,159.1
1783574989,4419,98600.23,25.31,159.08,98600.09,159.1
1783574989,4420,98600.23,25.31,159.08,98600.13,159.09
1783574989,4421,98600.23,25.31,159.08,98600.15,159.09
1783574989,4422,98600.23,25.31,159.08,98600.17,159.09
1783574990,4422,98600.23,25.31,159.08,98600.17,159.09
1783574990,4424,98599.91,25.31,159.11,98600.06,159.1
1783574990,4425,98599.81,25.31,159.12,98599.99,159.1
1783574990,4426,98599.81,25.31,159.12,98599.95,159.11
1783574990,4427,98599.48,25.31,159.15,98599.82,159.12
1783574990,4428,98599.48,25.31,159.15,98599.73,159.13
1783574990,4429,98599.16,25.31,159.18,98599.58,159.14
1783574990,4430,98598.83,25.31,159.21,98599.38,159.16
1783574990,4431,98599.16,25.31,159.18,98599.32,159.16
1783574991,4431,98599.16,25.31,159.18,98599.32,159.16
1783574991,4433,98598.94,25.31,159.2,98599.22,159.17
1783574991,4434,98598.94,25.31,159.2,98599.14,159.18
1783574991,4435,98598.94,25.31,159.2,98599.09,159.18
1783574991,4436,98598.94,25.31,159.2,98599.05,159.19
1783574991,4437,98598.94,25.31,159.2,98599.02,159.19
1783574991,4438,98598.83,25.31,159.21,98598.96,159.19
1783574991,4439,98598.83,25.31,159.21,98598.92,159.2
1783574992,4440,98598.83,25.31,159.21,98598.9,159.2
1783574992,4440,98598.83,25.31,159.21,98598.9,159.2
1783574992,4442,98598.63,25.3,159.22,98598.91,159.19
1783574992,4443,98598.31,25.3,159.25,98598.76,159.21
1783574992,4444,98598.63,25.3,159.22,98598.73,159.21
1783574992,4445,98598.63,25.3,159.22,98598.7,159.21
1783574992,4446,98598.57,25.3,159.22,98598.67,159.22
1783574992,4447,98598.57,25.3,159.22,98598.65,159.22
1783574992,4448,98598.15,25.3,159.26,98598.52,159.23
1783574993,4449,98598.15,25.3,159.26,98598.42,159.24
1783574993,4449,98598.15,25.3,159.26,98598.42,159.24
1783574993,4451,98598.15,25.3,159.26,98598.2,159.26
1783574993,4452,98598.15,25.3,159.26,98598.18,159.26
1783574993,4453,98598.15,25.3,159.26,98598.17,159.26
1783574993,4454,98597.83,25.3,159.29,98598.09,159.27
1783574993,4455,98597.83,25.3,159.29,98598.02,159.27
1783574993,4456,98597.5,25.3,159.32,98597.88,159.29
1783574994,4457,98597.5,25.3,159.32,98597.78,159.29
1783574994,4458,98597.5,25.3,159.32,98597.71,159.3
1783574994,4458,98597.5,25.3,159.32,98597.71,159.3
1783574994,4460,98597.92,25.3,159.28,98597.77,159.3
1783574994,4461,98597.98,25.3,159.28,98597.82,159.29
1783574994,4462,98597.98,25.3,159.28,98597.86,159.29
1783574994,4463,98597.98,25.3,159.28,98597.89,159.28
1783574994,4464,98597.98,25.3,159.28,98597.91,159.28
1783574995,4465,98597.98,25.3,159.28,98597.93,159.28
1783574995,4466,98598.41,25.3,159.24,98598.05,159.27
1783574995,4467,98598.09,25.3,159.27,98598.06,159.27
1783574995,4467,98598.09,25.3,159.27,98598.06,159.27
1783574995,4469,98598.51,25.31,159.23,98598.27,159.26
1783574995,4470,98598.51,25.31,159.23,98598.33,159.25
1783574995,4471,98598.19,25.31,159.26,98598.29,159.25
1783574995,4472,98598.61,25.31,159.23,98598.37,159.25
1783574995,4473,98598.61,25.31,159.23,98598.43,159.24
1783574996,4474,98599.03,25.31,159.19,98598.59,159.23
1783574996,4475,98599.03,25.31,159.19,98598.7,159.22
1783574996,4476,98599.03,25.31,159.19,98598.79,159.21
1783574996,4476,98599.03,25.31,159.19,98598.79,159.21
1783574996,4478,98598.45,25.31,159.24,98598.68,159.22
1783574996,4479,98598.45,25.31,159.24,98598.62,159.23
1783574996,4480,98598.55,25.32,159.24,98598.59,159.23
1783574996,4481,98598.55,25.32,159.24,98598.58,159.23
1783574997,4482,98598.22,25.32,159.27,98598.48,159.24
1783574997,4483,98598.22,25.32,159.27,98598.41,159.25
1783574997,4484,98597.9,25.32,159.29,98598.28,159.26
1783574997,4485,98598.32,25.32,159.26,98598.29,159.26
1783574997,4485,98598.32,25.32,159.26,98598.29,159.26
1783574997,4487,98598.09,25.32,159.28,98598.04,159.28
1783574997,4488,98597.77,25.32,159.31,98597.97,159.29
1783574997,4489,98597.77,25.32,159.31,98597.91,159.29
1783574998,4490,98597.77,25.32,159.31,98597.88,159.3
1783574998,4491,98598.19,25.32,159.27,98597.95,159.29
1783574998,4492,98598.19,25.32,159.27,98598.02,159.28
1783574998,4493,98598.19,25.32,159.27,98598.05,159.28
1783574998,4494,98598.19,25.32,159.27,98598.09,159.28
1783574998,4494,98598.19,25.32,159.27,98598.09,159.28
1783574998,4496,98598.25,25.33,159.27,98598.27,159.27
1783574998,4497,98598.25,25.33,159.27,98598.26,159.27
1783574998,4498,98598.25,25.33,159.27,98598.25,159.27
1783574999,4499,98598.68,25.33,159.23,98598.36,159.26
1783574999,4500,98598.36,25.33,159.26,98598.35,159.26
1783574999,4501,98598.36,25.33,159.26,98598.35,159.26
1783574999,4502,98598.36,25.33,159.26,98598.35,159.26
1783574999,4503,98598.03,25.33,159.29,98598.27,159.27
1783574999,4503,98598.03,25.33,159.29,98598.27,159.27
1783574999,4505,98598.45,25.33,159.25,98598.34,159.26
1783574999,4506,98598.45,25.33,159.25,98598.37,159.26
1783575000,4507,98598.13,25.33,159.28,98598.3,159.26
1783575000,4508,98598.13,25.33,159.28,98598.25,159.27
1783575000,4509,98598.13,25.33,159.28,98598.21,159.27
1783575000,4510,98597.8,25.33,159.31,98598.1,159.28
1783575000,4511,98598.23,25.33,159.27,98598.13,159.28
1783575000,4512,98598.23,25.33,159.27,98598.16,159.28
1783575000,4512,98598.23,25.33,159.27,98598.16,159.28
1783575000,4514,98597.91,25.33,159.3,98598.05,159.29
1783575001,4515,98598.23,25.33,159.27,98598.09,159.28
1783575001,4516,98598.23,25.33,159.27,98598.12,159.28
1783575001,4517,98597.91,25.33,159.3,98598.05,159.29
1783575001,4518,98597.91,25.33,159.3,98598.02,159.29
1783575001,4519,98598.33,25.34,159.27,98598.09,159.29
1783575001,4520,98598.33,25.34,159.27,98598.14,159.28
1783575001,4521,98598.33,25.34,159.27,98598.18,159.28
1783575001,4521,98598.33,25.34,159.27,98598.18,159.28
1783575001,4523,98598.0,25.34,159.3,98598.03,159.29
1783575002,4524,98598.0,25.34,159.3,98598.02,159.29
1783575002,4525,98598.33,25.34,159.27,98598.09,159.29
1783575002,4526,98598.33,25.34,159.27,98598.15,159.28
1783575002,4527,98598.33,25.34,159.27,98598.19,159.28
1783575002,4528,98598.66,25.34,159.24,98598.3,159.27
1783575002,4529,98598.66,25.34,159.24,98598.39,159.26
1783575002,4530,98598.66,25.34,159.24,98598.45,159.26
1783575002,4530,98598.66,25.34,159.24,98598.45,159.26
1783575003,4532,98599.3,25.34,159.18,98598.8,159.22
1783575003,4533,98599.3,25.34,159.18,98598.93,159.21
1783575003,4534,98599.3,25.34,159.18,98599.02,159.21
1783575003,4535,98599.3,25.34,159.18,98599.09,159.2
1783575003,4536,98599.3,25.34,159.18,98599.13,159.2
1783575003,4537,98599.3,25.34,159.18,98599.17,159.19
1783575003,4538,98599.3,25.34,159.18,98599.2,159.19
1783575003,4539,98599.63,25.34,159.15,98599.3,159.18
1783575003,4539,98599.63,25.34,159.15,98599.3,159.18
1783575004,4541,98599.63,25.34,159.15,98599.51,159.16
1783575004,4542,98599.63,25.34,159.15,98599.53,159.16
1783575004,4543,98599.63,25.34,159.15,98599.55,159.16
1783575004,4544,98599.63,25.34,159.15,98599.56,159.16
1783575004,4545,98599.63,25.34,159.15,98599.57,159.16
1783575004,4546,98599.63,25.34,159.15,98599.58,159.16
1783575004,4547,98599.3,25.34,159.18,98599.5,159.16
1783575004,4548,98599.3,25.34,159.18,98599.44,159.17
1783575004,4548,98599.3,25.34,159.18,98599.44,159.17
1783575005,4550,98599.3,25.34,159.18,98599.33,159.18
1783575005,4551,98599.3,25.34,159.18,98599.31,159.18
1783575005,4552,98599.63,25.34,159.15,98599.39,159.17
1783575005,4553,98599.63,25.34,159.15,98599.45,159.17
1783575005,4554,98599.63,25.34,159.15,98599.48,159.16
1783575005,4555,98599.3,25.34,159.18,98599.43,159.17
1783575005,4556,98599.63,25.34,159.15,98599.48,159.16
1783575005,4557,98599.63,25.34,159.15,98599.51,159.16
1783575006,4557,98599.63,25.34,159.15,98599.51,159.16
1783575006,4559,98599.2,25.33,159.18,98599.5,159.16
1783575006,4560,98599.53,25.33,159.15,98599.51,159.16
1783575006,4561,98599.53,25.33,159.15,98599.51,159.16
1783575006,4562,98599.43,25.33,159.16,98599.48,159.16
1783575006,4563,98599.75,25.33,159.14,98599.55,159.15
1783575006,4564,98600.08,25.33,159.11,98599.68,159.14
1783575006,4565,98600.08,25.33,159.11,98599.78,159.13
1783575006,4566,98600.08,25.33,159.11,98599.85,159.13
1783575007,4566,98600.08,25.33,159.11,98599.85,159.13
1783575007,4568,98599.66,25.33,159.14,98599.7,159.14
1783575007,4569,98599.33,25.33,159.17,98599.6,159.15
1783575007,4570,98599.33,25.33,159.17,98599.52,159.16
1783575007,4571,98599.66,25.33,159.14,98599.55,159.15
1783575007,4572,98599.66,25.33,159.14,98599.58,159.15
1783575007,4573,98599.66,25.33,159.14,98599.59,159.15
1783575007,4574,98599.66,25.33,159.14,98599.61,159.15
1783575008,4575,98599.66,25.33,159.14,98599.62,159.15
1783575008,4575,98599.66,25.33,159.14,98599.62,159.15
1783575008,4577,98600.08,25.33,159.11,98599.83,159.13
1783575008,4578,98600.08,25.33,159.11,98599.89,159.12
1783575008,4579,98600.08,25.33,159.11,98599.94,159.12
1783575008,4580,98600.08,25.33,159.11,98599.97,159.12
1783575008,4581,98600.08,25.33,159.11,98599.99,159.11
1783575008,4582,98600.08,25.33,159.11,98600.01,159.11
1783575009,4583,98600.08,25.33,159.11,98600.02,159.11
1783575009,4584,98600.08,25.33,159.11,98600.03,159.11
1783575009,4584,98600.08,25.33,159.11,98600.03,159.11
1783575009,4586,98600.08,25.33,159.11,98599.91,159.12
1783575009,4587,98600.08,25.33,159.11,98599.95,159.12
1783575009,4588,98600.08,25.33,159.11,98599.98,159.11
1783575009,4589,98600.4,25.33,159.08,98600.09,159.11
1783575009,4590,98600.4,25.33,159.08,98600.16,159.1
1783575009,4591,98599.66,25.33,159.14,98600.03,159.11
1783575010,4592,98599.98,25.33,159.12,98600.02,159.11
1783575010,4593,98599.98,25.33,159.12,98600.0,159.11
1783575010,4593,98599.98,25.33,159.12,98600.0,159.11
1783575010,4595,98600.3,25.33,159.09,98600.14,159.1
1783575010,4596,98599.88,25.33,159.12,98600.07,159.11
1783575010,4597,98599.88,25.33,159.12,98600.02,159.11
1783575010,4598,98599.88,25.33,159.12,98599.98,159.12
1783575010,4599,98599.88,25.33,159.12,98599.95,159.12
1783575011,4600,98600.2,25.33,159.1,98600.01,159.11
1783575011,4601,98599.88,25.33,159.12,98599.97,159.12
1783575011,4602,98599.88,25.33,159.12,98599.94,159.12
1783575011,4602,98599.88,25.33,159.12,98599.94,159.12
1783575011,4604,98599.55,25.33,159.15,98599.8,159.13
1783575011,4605,98599.55,25.33,159.15,98599.73,159.14
1783575011,4606,98599.55,25.33,159.15,98599.68,159.14
1783575011,4607,98599.55,25.33,159.15,98599.64,159.15
1783575012,4608,98599.55,25.33,159.15,98599.62,159.15
1783575012,4609,98599.55,25.33,159.15,98599.59,159.15
1783575012,4610,98599.23,25.33,159.18,98599.5,159.16
1783575012,4611,98599.23,25.33,159.18,98599.43,159.16
1783575012,4611,98599.23,25.33,159.18,98599.43,159.16
1783575012,4613,98599.0,25.33,159.2,98599.13,159.19
1783575012,4614,98599.0,25.33,159.2,98599.09,159.19
1783575012,4615,98598.68,25.33,159.23,98598.98,159.2
1783575012,4616,98598.68,25.33,159.23,98598.9,159.21
1783575013,4617,98598.68,25.33,159.23,98598.84,159.22
1783575013,4618,98598.36,25.33,159.26,98598.71,159.23
1783575013,4619,98598.36,25.33,159.26,98598.62,159.24
1783575013,4620,98598.36,25.33,159.26,98598.55,159.24
1783575013,4620,98598.36,25.33,159.26,98598.55,159.24
1783575013,4622,98598.03,25.33,159.29,98598.31,159.26
1783575013,4623,98598.03,25.33,159.29,98598.23,159.27
1783575013,4624,98598.03,25.33,159.29,98598.18,159.27
1783575014,4625,98598.45,25.33,159.25,98598.25,159.27
1783575014,4626,98598.13,25.33,159.28,98598.21,159.27
1783575014,4627,98598.45,25.33,159.25,98598.27,159.27
1783575014,4628,98598.45,25.33,159.25,98598.31,159.26
1783575014,4629,98598.45,25.33,159.25,98598.34,159.26
1783575014,4629,98598.45,25.33,159.25,98598.34,159.26
1783575014,4631,98598.88,25.33,159.21,98598.44,159.25
1783575014,4632,98598.55,25.33,159.24,98598.46,159.25
1783575014,4633,98598.55,25.33,159.24,98598.48,159.25
1783575015,4634,98598.55,25.33,159.24,98598.49,159.25
1783575015,4635,98598.55,25.33,159.24,98598.5,159.25
1783575015,4636,98598.23,25.33,159.27,98598.42,159.25
1783575015,4637,98598.66,25.34,159.24,98598.47,159.25
1783575015,4638,98598.66,25.34,159.24,98598.51,159.25
1783575015,4638,98598.66,25.34,159.24,98598.51,159.25
1783575015,4640,98598.0,25.34,159.3,98598.31,159.27
1783575015,4641,98598.0,25.34,159.3,98598.23,159.28
1783575016,4642,98598.0,25.34,159.3,98598.16,159.28
1783575016,4643,98598.0,25.34,159.3,98598.12,159.29
1783575016,4644,98598.0,25.34,159.3,98598.08,159.29
1783575016,4645,98598.0,25.34,159.3,98598.05,159.29
1783575016,4646,98598.0,25.34,159.3,98598.03,159.29
1783575016,4647,98598.0,25.34,159.3,98598.02,159.29
1783575016,4647,98598.0,25.34,159.3,98598.02,159.29
1783575016,4649,98597.67,25.34,159.32,98597.84,159.31
1783575017,4650,98598.0,25.34,159.3,98597.88,159.31
1783575017,4651,98598.0,25.34,159.3,98597.9,159.3
1783575017,4652,98597.67,25.34,159.32,98597.84,159.31
1783575017,4653,98598.06,25.34,159.29,98597.89,159.31
1783575017,4654,98597.73,25.34,159.32,98597.84,159.31
1783575017,4655,98597.73,25.34,159.32,98597.81,159.31
1783575017,4656,98597.73,25.34,159.32,98597.79,159.31
1783575017,4656,98597.73,25.34,159.32,98597.79,159.31
1783575017,4658,98598.16,25.34,159.28,98597.95,159.3
1783575018,4659,98598.16,25.34,159.28,98598.0,159.3
1783575018,4660,98598.16,25.34,159.28,98598.04,159.29
1783575018,4661,98598.16,25.34,159.28,98598.06,159.29
1783575018,4662,98598.16,25.34,159.28,98598.09,159.29
1783575018,4663,98598.16,25.34,159.28,98598.1,159.29
1783575018,4664,98598.91,25.34,159.21,98598.3,159.27
1783575018,4665,98598.59,25.34,159.24,98598.38,159.26
1783575018,4665,98598.59,25.34,159.24,98598.38,159.26
1783575019,4667,98598.48,25.34,159.25,98598.54,159.25
1783575019,4668,98598.48,25.34,159.25,98598.52,159.25
1783575019,4669,98598.81,25.34,159.22,98598.59,159.24
1783575019,4670,98598.81,25.34,159.22,98598.64,159.24
1783575019,4671,98598.39,25.34,159.26,98598.57,159.25
1783575019,4672,98598.39,25.34,159.26,98598.52,159.25
1783575019,4673,98598.72,25.34,159.23,98598.56,159.25
1783575019,4674,98598.72,25.34,159.23,98598.59,159.24
1783575019,4674,98598.72,25.34,159.23,98598.59,159.24
1783575020,4676,98599.05,25.34,159.2,98598.9,159.22
1783575020,4677,98599.36,25.34,159.18,98599.02,159.21
1783575020,4678,98598.97,25.34,159.21,98599.0,159.21
1783575020,4679,98598.97,25.34,159.21,98598.98,159.21
1783575020,4680,98598.97,25.34,159.21,98598.98,159.21
1783575020,4681,98598.97,25.34,159.21,98598.97,159.21
1783575020,4682,98598.97,25.34,159.21,98598.96,159.21
1783575020,4683,98598.55,25.33,159.24,98598.85,159.22
1783575020,4683,98598.55,25.33,159.24,98598.85,159.22
1783575021,4685,98599.2,25.33,159.18,98598.94,159.21
1783575021,4686,98599.2,25.33,159.18,98599.0,159.2
1783575021,4687,98599.2,25.33,159.18,98599.05,159.2
1783575021,4688,98599.1,25.33,159.19,98599.05,159.2
1783575021,4689,98599.43,25.33,159.16,98599.15,159.19
1783575021,4690,98599.33,25.33,159.17,98599.19,159.19
1783575021,4691,98599.33,25.33,159.17,98599.22,159.18
1783575021,4692,98599.66,25.33,159.14,98599.33,159.17
1783575022,4692,98599.66,25.33,159.14,98599.33,159.17
1783575022,4694,98599.16,25.32,159.18,98599.34,159.17
1783575022,4695,98599.48,25.32,159.15,98599.38,159.16
1783575022,4696,98599.48,25.32,159.15,98599.4,159.16
1783575022,4697,98599.06,25.32,159.19,98599.31,159.17
1783575022,4698,98599.39,25.32,159.16,98599.33,159.17
1783575022,4699,98599.39,25.32,159.16,98599.34,159.17
1783575022,4700,98599.3,25.32,159.17,98599.33,159.17
1783575023,4701,98599.3,25.32,159.17,98599.32,159.17
1783575023,4701,98599.3,25.32,159.17,98599.32,159.17
1783575023,4703,98599.2,25.32,159.18,98599.2,159.18
1783575023,4704,98599.2,25.32,159.18,98599.2,159.18
1783575023,4705,98599.2,25.32,159.18,98599.2,159.18
1783575023,4706,98599.2,25.32,159.18,98599.2,159.18
1783575023,4707,98598.77,25.31,159.21,98599.09,159.18
1783575023,4708,98598.77,25.31,159.21,98599.0,159.19
1783575023,4709,98598.45,25.31,159.24,98598.85,159.2
1783575024,4710,98598.45,25.31,159.24,98598.74,159.21
1783575024,4710,98598.45,25.31,159.24,98598.74,159.21
1783575024,4712,98598.77,25.31,159.21,98598.62,159.23
1783575024,4713,98598.77,25.31,159.21,98598.66,159.22
1783575024,4714,98598.77,25.31,159.21,98598.69,159.22
1783575024,4715,98599.09,25.31,159.18,98598.79,159.21
1783575024,4716,98599.09,25.31,159.18,98598.87,159.2
1783575024,4717,98599.09,25.31,159.18,98598.92,159.2
1783575025,4718,98598.7,25.31,159.22,98598.86,159.2
1783575025,4719,98598.7,25.31,159.22,98598.82,159.21
1783575025,4719,98598.7,25.31,159.22,98598.82,159.21
1783575025,4721,98599.03,25.31,159.19,98598.93,159.2
1783575025,4722,98599.03,25.31,159.19,98598.95,159.2
1783575025,4723,98599.03,25.31,159.19,98598.97,159.19
1783575025,4724,98598.61,25.31,159.23,98598.88,159.2
1783575025,4725,98598.61,25.31,159.23,98598.8,159.21
1783575025,4726,98598.94,25.31,159.2,98598.84,159.21
1783575026,4727,98598.94,25.31,159.2,98598.86,159.2
1783575026,4728,98598.94,25.31,159.2,98598.88,159.2
1783575026,4728,98598.94,25.31,159.2,98598.88,159.2
1783575026,4730,98599.25,25.31,159.17,98599.18,159.18
1783575026,4731,98599.58,25.31,159.14,98599.28,159.17
1783575026,4732,98599.16,25.31,159.18,98599.25,159.17
1783575026,4733,98599.58,25.31,159.14,98599.34,159.16
1783575026,4734,98599.58,25.31,159.14,98599.4,159.16
1783575027,4735,98599.58,25.31,159.14,98599.45,159.15
1783575027,4736,98599.25,25.31,159.17,98599.39,159.16
1783575027,4737,98599.25,25.31,159.17,98599.35,159.16
1783575027,4737,98599.25,25.31,159.17,98599.35,159.16
1783575027,4739,98599.25,25.31,159.17,98599.27,159.17
1783575027,4740,98598.94,25.31,159.2,98599.19,159.17
1783575027,4741,98598.94,25.31,159.2,98599.12,159.18
1783575027,4742,98598.94,25.31,159.2,98599.07,159.18
1783575028,4743,98598.94,25.31,159.2,98599.03,159.19
1783575028,4744,98598.94,25.31,159.2,98599.01,159.19
1783575028,4745,98598.94,25.31,159.2,98598.98,159.19
1783575028,4746,98598.94,25.31,159.2,98598.97,159.19
1783575028,4746,98598.94,25.31,159.2,98598.97,159.19
1783575028,4748,98599.36,25.31,159.16,98599.13,159.18
1783575028,4749,98599.36,25.31,159.16,98599.19,159.17
1783575028,4750,98599.36,25.31,159.16,98599.23,159.17
1783575028,4751,98599.03,25.31,159.19,98599.17,159.18
1783575029,4752,98599.03,25.31,159.19,98599.13,159.18
1783575029,4753,98598.7,25.31,159.22,98599.02,159.19
1783575029,4754,98598.7,25.31,159.22,98598.93,159.2
1783575029,4755,98598.7,25.31,159.22,98598.87,159.2
1783575029,4755,98598.7,25.31,159.22,98598.87,159.2
1783575029,4757,98598.7,25.31,159.22,98598.81,159.21
1783575029,4758,98598.7,25.31,159.22,98598.78,159.21
1783575029,4759,98598.61,25.31,159.23,98598.73,159.21
1783575030,4760,98598.61,25.31,159.23,98598.7,159.22
1783575030,4761,98598.61,25.31,159.23,98598.68,159.22
1783575030,4762,98598.61,25.31,159.23,98598.66,159.22
1783575030,4763,98598.19,25.31,159.26,98598.53,159.23
1783575030,4764,98598.51,25.31,159.23,98598.52,159.23
1783575030,4764,98598.51,25.31,159.23,98598.52,159.23
1783575030,4766,98598.51,25.31,159.23,98598.51,159.23
1783575030,4767,98598.19,25.31,159.26,98598.42,159.24
1783575031,4768,98598.19,25.31,159.26,98598.36,159.25
1783575031,4769,98598.19,25.31,159.26,98598.31,159.25
1783575031,4770,98597.86,25.31,159.29,98598.2,159.26
1783575031,4771,98597.86,25.31,159.29,98598.11,159.27
1783575031,4772,98597.86,25.31,159.29,98598.04,159.28
1783575031,4773,98597.44,25.3,159.32,98597.89,159.28
1783575031,4773,98597.44,25.3,159.32,98597.89,159.28
1783575031,4775,98597.77,25.3,159.3,98597.8,159.29
1783575031,4776,98597.77,25.3,159.3,98597.8,159.29
1783575032,4777,98598.19,25.31,159.26,98597.89,159.29
1783575032,4778,98597.86,25.31,159.29,98597.88,159.29
1783575032,4779,98597.86,25.31,159.29,98597.88,159.29
1783575032,4780,98597.86,25.31,159.29,98597.87,159.29
1783575032,4781,98597.86,25.31,159.29,98597.86,159.29
1783575032,4782,98597.86,25.31,159.29,98597.86,159.29
1783575032,4782,98597.86,25.31,159.29,98597.86,159.29
1783575032,4784,98597.53,25.31,159.32,98597.66,159.31
1783575033,4785,98597.86,25.31,159.29,98597.71,159.31
1783575033,4786,98597.86,25.31,159.29,98597.75,159.3
1783575033,4787,98598.28,25.31,159.25,98597.88,159.29
1783575033,4788,98598.28,25.31,159.25,98597.98,159.28
1783575033,4789,98597.95,25.31,159.28,98597.98,159.28
1783575033,4790,98597.95,25.31,159.28,98597.97,159.28
1783575033,4791,98598.28,25.31,159.25,98598.05,159.28
1783575033,4791,98598.28,25.31,159.25,98598.05,159.28
1783575034,4793,98597.95,25.31,159.28,98598.05,159.28
1783575034,4794,98597.95,25.31,159.28,98598.02,159.28
1783575034,4795,98598.28,25.31,159.25,98598.09,159.27
1783575034,4796,98597.95,25.31,159.28,98598.05,159.28
1783575034,4797,98597.95,25.31,159.28,98598.02,159.28
1783575034,4798,98597.95,25.31,159.28,98598.0,159.28
1783575034,4799,98597.95,25.31,159.28,98597.98,159.28
1783575034,4800,98597.95,25.31,159.28,98597.98,159.28
1783575034,4800,98597.95,25.31,159.28,98597.98,159.28
1783575035,4802,98597.95,25.31,159.28,98598.07,159.27
1783575035,4803,98598.28,25.31,159.25,98598.13,159.27
1783575035,4804,98598.28,25.31,159.25,98598.16,159.27
1783575035,4805,98598.28,25.31,159.25,98598.2,159.26
1783575035,4806,98597.95,25.31,159.28,98598.13,159.27
1783575035,4807,98597.95,25.31,159.28,98598.09,159.27
1783575035,4808,98597.95,25.31,159.28,98598.05,159.28
1783575035,4809,98597.63,25.31,159.31,98597.94,159.29
1783575035,4809,98597.63,25.31,159.31,98597.94,159.29
1783575036,4811,98597.31,25.31,159.34,98597.52,159.32
1783575036,4812,98597.31,25.31,159.34,98597.47,159.33
1783575036,4813,98597.31,25.31,159.34,98597.43,159.33
1783575036,4814,98597.31,25.31,159.34,98597.4,159.33
1783575036,4815,98597.63,25.31,159.31,98597.45,159.33
1783575036,4816,98597.63,25.31,159.31,98597.49,159.32
1783575036,4817,98597.63,25.31,159.31,98597.52,159.32
1783575036,4818,98597.63,25.31,159.31,98597.55,159.32
1783575036,4818,98597.63,25.31,159.31,98597.55,159.32
1783575037,4820,98597.31,25.31,159.34,98597.41,159.33
1783575037,4821,98597.31,25.31,159.34,98597.38,159.33
1783575037,4822,98597.31,25.31,159.34,98597.36,159.34
1783575037,4823,98597.31,25.31,159.34,98597.34,159.34
1783575037,4824,98597.31,25.31,159.34,98597.34,159.34
1783575037,4825,98597.31,25.31,159.34,98597.33,159.34
1783575037,4826,98597.31,25.31,159.34,98597.32,159.34
1783575037,4827,98597.63,25.31,159.31,98597.4,159.33
1783575038,4827,98597.63,25.31,159.31,98597.4,159.33
1783575038,4829,98597.63,25.31,159.31,98597.55,159.32
1783575038,4830,98597.63,25.31,159.31,98597.56,159.32
1783575038,4831,98597.95,25.31,159.28,98597.66,159.31
1783575038,4832,98597.95,25.31,159.28,98597.73,159.3
1783575038,4833,98598.28,25.31,159.25,98597.88,159.29
1783575038,4834,98598.28,25.31,159.25,98597.98,159.28
1783575038,4835,98598.19,25.31,159.26,98598.03,159.28
1783575039,4836,98598.19,25.31,159.26,98598.07,159.27
1783575039,4836,98598.19,25.31,159.26,98598.07,159.27
1783575039,4838,98598.19,25.31,159.26,98598.15,159.27
1783575039,4839,98598.19,25.31,159.26,98598.16,159.27
1783575039,4840,98598.19,25.31,159.26,98598.16,159.27
1783575039,4841,98598.19,25.31,159.26,98598.17,159.26
1783575039,4842,98598.19,25.31,159.26,98598.17,159.26
1783575039,4843,98597.86,25.31,159.29,98598.09,159.27
1783575039,4844,98597.86,25.31,159.29,98598.02,159.28
1783575040,4845,98597.86,25.31,159.29,98597.98,159.28
1783575040,4845,98597.86,25.31,159.29,98597.98,159.28
1783575040,4847,98597.86,25.31,159.29,98597.89,159.29
1783575040,4848,98597.86,25.31,159.29,98597.88,159.29
1783575040,4849,98598.19,25.31,159.26,98597.96,159.28
1783575040,4850,98598.19,25.31,159.26,98598.02,159.28
1783575040,4851,98598.19,25.31,159.26,98598.05,159.28
1783575040,4852,98597.77,25.3,159.3,98597.98,159.28
1783575041,4853,98597.77,25.3,159.3,98597.93,159.28
1783575041,4854,98598.09,25.3,159.27,98597.97,159.28
1783575041,4854,98598.09,25.3,159.27,98597.97,159.28
1783575041,4856,98598.41,25.3,159.24,98598.13,159.26
1783575041,4857,98598.41,25.3,159.24,98598.2,159.26
1783575041,4858,98597.98,25.3,159.28,98598.15,159.26
1783575041,4859,98598.31,25.3,159.25,98598.19,159.26
1783575041,4860,98598.63,25.3,159.22,98598.3,159.25
1783575042,4861,98598.96,25.3,159.19,98598.48,159.23
1783575042,4862,98598.96,25.3,159.19,98598.6,159.22
1783575042,4863,98599.28,25.3,159.16,98598.78,159.21
1783575042,4863,98599.28,25.3,159.16,98598.78,159.21
1783575042,4865,98599.94,25.3,159.1,98599.41,159.15
1783575042,4866,98599.94,25.3,159.1,98599.55,159.14
1783575042,4867,98599.94,25.3,159.1,98599.65,159.13
1783575042,4868,98599.94,25.3,159.1,98599.73,159.12
1783575042,4869,98599.94,25.3,159.1,98599.78,159.12
1783575043,4870,98599.94,25.3,159.1,98599.82,159.11
1783575043,4871,98599.61,25.3,159.13,98599.77,159.12
1783575043,4872,98599.61,25.3,159.13,98599.73,159.12
1783575043,4872,98599.61,25.3,159.13,98599.73,159.12
1783575043,4874,98599.61,25.3,159.13,98599.6,159.13
1783575043,4875,98599.61,25.3,159.13,98599.6,159.13
1783575043,4876,98599.94,25.3,159.1,98599.69,159.12
1783575043,4877,98599.61,25.3,159.13,98599.66,159.13
1783575044,4878,98599.61,25.3,159.13,98599.65,159.13
1783575044,4879,98599.22,25.3,159.17,98599.54,159.14
1783575044,4880,98599.55,25.3,159.14,98599.54,159.14
1783575044,4881,98599.45,25.3,159.15,98599.52,159.14
1783575044,4881,98599.45,25.3,159.15,98599.52,159.14
1783575044,4883,98599.34,25.29,159.15,98599.48,159.14
1783575044,4884,98598.92,25.29,159.19,98599.34,159.15
1783575044,4885,98599.25,25.29,159.16,98599.31,159.15
1783575045,4886,98598.83,25.29,159.2,98599.19,159.16
1783575045,4887,98598.83,25.29,159.2,98599.09,159.17
1783575045,4888,98598.44,25.29,159.23,98598.92,159.19
1783575045,4889,98598.76,25.29,159.2,98598.88,159.19
1783575045,4890,98598.34,25.28,159.23,98598.74,159.2
1783575045,4890,98598.34,25.28,159.23,98598.74,159.2
1783575045,4892,98598.56,25.28,159.21,98598.55,159.22
1783575045,4893,98598.56,25.28,159.21,98598.55,159.21
1783575045,4894,98598.47,25.28,159.22,98598.53,159.22
1783575046,4895,98598.47,25.28,159.22,98598.52,159.22
1783575046,4896,98598.47,25.28,159.22,98598.51,159.22
1783575046,4897,98598.47,25.28,159.22,98598.5,159.22
1783575046,4898,98598.79,25.28,159.19,98598.58,159.21
1783575046,4899,98598.47,25.28,159.22,98598.55,159.21
1783575046,4899,98598.47,25.28,159.22,98598.55,159.21
1783575046,4901,98598.05,25.28,159.26,98598.09,159.26
1783575046,4902,98598.05,25.28,159.26,98598.09,159.26
1783575047,4903,98598.05,25.28,159.26,98598.08,159.26
1783575047,4904,98598.36,25.28,159.23,98598.16,159.25
1783575047,4905,98598.36,25.28,159.23,98598.21,159.25
1783575047,4906,98597.98,25.27,159.26,98598.16,159.24
1783575047,4907,98597.98,25.27,159.26,98598.12,159.25
1783575047,4908,98598.3,25.27,159.23,98598.17,159.24
1783575047,4908,98598.3,25.27,159.23,98598.17,159.24
1783575047,4910,98597.45,25.27,159.31,98597.87,159.27
1783575047,4911,98597.78,25.27,159.28,98597.85,159.27
1783575048,4912,98597.36,25.27,159.32,98597.73,159.28
1783575048,4913,98597.36,25.27,159.32,98597.63,159.29
1783575048,4914,98597.36,25.27,159.32,98597.56,159.3
1783575048,4915,98596.97,25.26,159.34,98597.42,159.3
1783575048,4916,98596.97,25.26,159.34,98597.31,159.31
1783575048,4917,98596.97,25.26,159.34,98597.23,159.32
1783575048,4917,98596.97,25.26,159.34,98597.23,159.32
1783575048,4919,98596.87,25.26,159.35,98596.99,159.34
1783575049,4920,98596.87,25.26,159.35,98596.97,159.34
1783575049,4921,98596.87,25.26,159.35,98596.95,159.35
1783575049,4922,98597.19,25.26,159.33,98597.02,159.34
1783575049,4923,98596.77,25.26,159.36,98596.95,159.35
1783575049,4924,98596.77,25.26,159.36,98596.91,159.35
1783575049,4925,98596.77,25.26,159.36,98596.88,159.35
1783575049,4926,98596.77,25.26,159.36,98596.86,159.35
1783575049,4926,98596.77,25.26,159.36,98596.86,159.35
1783575050,4928,98597.09,25.26,159.33,98597.01,159.34
1783575050,4929,98597.09,25.26,159.33,98597.04,159.34
1783575050,4930,98597.09,25.26,159.33,98597.06,159.34
1783575050,4931,98597.09,25.26,159.33,98597.08,159.33
1783575050,4932,98597.09,25.26,159.33,98597.09,159.33
1783575050,4933,98597.09,25.26,159.33,98597.09,159.33
1783575050,4934,98597.42,25.26,159.3,98597.19,159.33
1783575050,4935,98597.42,25.26,159.3,98597.26,159.32
1783575050,4935,98597.42,25.26,159.3,98597.26,159.32
1783575051,4937,98597.42,25.26,159.3,98597.39,159.31
1783575051,4938,98596.99,25.26,159.34,98597.3,159.32
1783575051,4939,98596.99,25.26,159.34,98597.23,159.32
1783575051,4940,98596.99,25.26,159.34,98597.17,159.33
1783575051,4941,98596.67,25.26,159.37,98597.05,159.34
1783575051,4942,98596.67,25.26,159.37,98596.95,159.35
1783575051,4943,98596.67,25.26,159.37,98596.88,159.35
1783575051,4944,98596.67,25.26,159.37,98596.84,159.36
1783575051,4944,98596.67,25.26,159.37,98596.84,159.36
1783575052,4946,98596.57,25.25,159.37,98596.77,159.36
1783575052,4947,98596.57,25.25,159.37,98596.72,159.36
1783575052,4948,98596.57,25.25,159.37,98596.69,159.36
1783575052,4949,98596.57,25.25,159.37,98596.66,159.37
1783575052,4950,98596.57,25.25,159.37,98596.65,159.37
1783575052,4951,98596.57,25.25,159.37,98596.63,159.37
1783575052,4952,98596.57,25.25,159.37,98596.63,159.37
1783575052,4953,98596.57,25.25,159.37,98596.62,159.37
1783575053,4953,98596.57,25.25,159.37,98596.62,159.37
1783575053,4955,98596.57,25.25,159.37,98596.6,159.37
1783575053,4956,98596.57,25.25,159.37,98596.6,159.37
1783575053,4957,98596.9,25.25,159.35,98596.69,159.36
1783575053,4958,98596.9,25.25,159.35,98596.75,159.36
1783575053,4959,98596.9,25.25,159.35,98596.8,159.35
1783575053,4960,98596.9,25.25,159.35,98596.83,159.35
1783575053,4961,98596.9,25.25,159.35,98596.85,159.35
1783575053,4962,98596.9,25.25,159.35,98596.87,159.35
1783575054,4962,98596.9,25.25,159.35,98596.87,159.35
1783575054,4964,98596.83,25.25,159.35,98597.02,159.33
1783575054,4965,98596.83,25.25,159.35,98596.98,159.34
1783575054,4966,98597.16,25.25,159.32,98597.03,159.33
1783575054,4967,98597.16,25.25,159.32,98597.07,159.33
1783575054,4968,98597.16,25.25,159.32,98597.1,159.33
1783575054,4969,98597.16,25.25,159.32,98597.13,159.33
1783575054,4970,98597.16,25.25,159.32,98597.14,159.32
1783575055,4971,98597.16,25.25,159.32,98597.15,159.32
1783575055,4971,98597.16,25.25,159.32,98597.15,159.32
1783575055,4973,98597.16,25.25,159.32,98597.17,159.32
1783575055,4974,98597.16,25.25,159.32,98597.17,159.32
1783575055,4975,98597.16,25.25,159.32,98597.17,159.32
1783575055,4976,98597.48,25.25,159.29,98597.26,159.31
1783575055,4977,98597.48,25.25,159.29,98597.32,159.31
1783575055,4978,98597.48,25.25,159.29,98597.37,159.3
1783575056,4979,98597.48,25.25,159.29,98597.41,159.3
1783575056,4980,98597.48,25.25,159.29,98597.43,159.3
1783575056,4980,98597.48,25.25,159.29,98597.43,159.3
1783575056,4982,98597.48,25.25,159.29,98597.48,159.29
1783575056,4983,98597.8,25.25,159.27,98597.57,159.29
1783575056,4984,98598.2,25.25,159.23,98597.74,159.27
1783575056,4985,98598.2,25.25,159.23,98597.87,159.26
1783575056,4986,98597.8,25.25,159.27,98597.86,159.26
1783575056,4987,98597.8,25.25,159.27,98597.85,159.26
1783575057,4988,98597.8,25.25,159.27,98597.84,159.26
1783575057,4989,98597.8,25.25,159.27,98597.84,159.26
1783575057,4989,98597.8,25.25,159.27,98597.84,159.26
1783575057,4991,98598.78,25.25,159.18,98598.26,159.22
1783575057,4992,98598.78,25.25,159.18,98598.4,159.21
1783575057,4993,98598.78,25.25,159.18,98598.51,159.2
1783575057,4994,98598.78,25.25,159.18,98598.59,159.2
1783575057,4995,98598.78,25.25,159.18,98598.64,159.19
1783575058,4996,98598.78,25.25,159.18,98598.68,159.19
1783575058,4997,98598.78,25.25,159.18,98598.71,159.18
1783575058,4998,98598.45,25.25,159.21,98598.65,159.19
1783575058,4998,98598.45,25.25,159.21,98598.65,159.19
1783575058,5000,98598.03,25.25,159.25,98598.42,159.21
1783575058,5001,98598.03,25.25,159.25,98598.33,159.22
1783575058,5002,98597.7,25.25,159.27,98598.17,159.23
1783575058,5003,98598.03,25.25,159.25,98598.14,159.24
1783575058,5004,98598.03,25.25,159.25,98598.12,159.24
1783575059,5005,98597.61,25.25,159.28,98597.99,159.25
1783575059,5006,98597.61,25.25,159.28,98597.9,159.26
1783575059,5007,98597.61,25.25,159.28,98597.83,159.26
1783575059,5007,98597.61,25.25,159.28,98597.83,159.26
1783575059,5009,98597.38,25.24,159.3,98597.6,159.28
1783575059,5010,98597.38,25.24,159.3,98597.55,159.28
1783575059,5011,98597.38,25.24,159.3,98597.51,159.29
1783575059,5012,98597.31,25.24,159.3,98597.47,159.29
1783575060,5013,98597.31,25.24,159.3,98597.44,159.29
1783575060,5014,98597.31,25.24,159.3,98597.41,159.29
1783575060,5015,98597.22,25.24,159.31,98597.38,159.3
1783575060,5016,98597.22,25.24,159.31,98597.34,159.3
1783575060,5016,98597.22,25.24,159.31,98597.34,159.3
1783575060,5018,98597.11,25.23,159.32,98597.27,159.3
1783575060,5019,98597.11,25.23,159.32,98597.24,159.3
1783575060,5020,98597.44,25.23,159.29,98597.3,159.3
1783575061,5021,98597.44,25.23,159.29,98597.34,159.3
1783575061,5022,98596.69,25.23,159.35,98597.18,159.31
1783575061,5023,98597.02,25.23,159.32,98597.15,159.31
1783575061,5024,98597.02,25.23,159.32,98597.13,159.31
1783575061,5025,98597.02,25.23,159.32,98597.1,159.32
1783575061,5025,98597.02,25.23,159.32,98597.1,159.32
1783575061,5027,98596.69,25.23,159.35,98596.91,159.33
1783575061,5028,98596.69,25.23,159.35,98596.86,159.34
1783575061,5029,98596.69,25.23,159.35,98596.82,159.34
1783575062,5030,98597.02,25.23,159.32,98596.88,159.34
1783575062,5031,98597.02,25.23,159.32,98596.92,159.33
1783575062,5032,98596.69,25.23,159.35,98596.87,159.34
1783575062,5033,98596.69,25.23,159.35,98596.83,159.34
1783575062,5034,98595.95,25.23,159.42,98596.61,159.36
1783575062,5034,98595.95,25.23,159.42,98596.61,159.36
1783575062,5036,98595.63,25.23,159.45,98595.98,159.42
1783575062,5037,98595.63,25.23,159.45,98595.89,159.42
1783575063,5038,98595.63,25.23,159.45,98595.83,159.43
1783575063,5039,98595.95,25.23,159.42,98595.87,159.43
1783575063,5040,98595.95,25.23,159.42,98595.9,159.42
1783575063,5041,98596.27,25.23,159.39,98596.0,159.41
1783575063,5042,98596.27,25.23,159.39,98596.08,159.41
1783575063,5043,98595.88,25.23,159.42,98596.04,159.41
1783575063,5043,98595.88,25.23,159.42,98596.04,159.41
1783575063,5045,98595.78,25.22,159.43,98595.99,159.41
1783575064,5046,98595.78,25.22,159.43,98595.95,159.41
1783575064,5047,98596.11,25.22,159.4,98596.0,159.41
1783575064,5048,98596.11,25.22,159.4,98596.04,159.41
1783575064,5049,98596.11,25.22,159.4,98596.07,159.4
1783575064,5050,98596.11,25.22,159.4,98596.09,159.4
1783575064,5051,98596.11,25.22,159.4,98596.11,159.4
1783575064,5052,98596.11,25.22,159.4,98596.12,159.4
1783575064,5052,98596.11,25.22,159.4,98596.12,159.4
1783575064,5054,98595.69,25.22,159.44,98595.74,159.43
1783575065,5055,98595.69,25.22,159.44,98595.73,159.43
1783575065,5056,98595.69,25.22,159.44,98595.73,159.43
1783575065,5057,98596.01,25.22,159.41,98595.81,159.43
1783575065,5058,98596.01,25.22,159.41,98595.88,159.42
1783575065,5059,98596.01,25.22,159.41,98595.92,159.42
1783575065,5060,98596.01,25.22,159.41,98595.95,159.41
1783575065,5061,98596.01,25.22,159.41,98595.98,159.41
1783575065,5061,98596.01,25.22,159.41,98595.98,159.41
1783575066,5063,98595.27,25.22,159.47,98595.59,159.45
1783575066,5064,98595.27,25.22,159.47,98595.52,159.45
1783575066,5065,98595.27,25.22,159.47,98595.46,159.46
1783575066,5066,98594.84,25.22,159.51,98595.3,159.47
1783575066,5067,98595.16,25.22,159.48,98595.27,159.47
1783575066,5068,98595.16,25.22,159.48,98595.25,159.48
1783575066,5069,98595.16,25.22,159.48,98595.23,159.48
1783575066,5070,98594.77,25.21,159.51,98595.13,159.48
1783575066,5070,98594.77,25.21,159.51,98595.13,159.48
1783575067,5072,98595.42,25.21,159.45,98595.28,159.47
1783575067,5073,98595.42,25.21,159.45,98595.33,159.46
1783575067,5074,98595.42,25.21,159.45,98595.37,159.46
1783575067,5075,98595.42,25.21,159.45,98595.39,159.46
1783575067,5076,98595.42,25.21,159.45,98595.41,159.46
1783575067,5077,98595.0,25.21,159.49,98595.32,159.46
1783575067,5078,98595.0,25.21,159.49,98595.25,159.47
1783575067,5079,98594.67,25.21,159.52,98595.11,159.48
1783575067,5079,98594.67,25.21,159.52,98595.11,159.48
1783575068,5081,98595.32,25.21,159.46,98595.26,159.47
1783575068,5082,98595.22,25.21,159.47,98595.26,159.47
1783575068,5083,98594.9,25.21,159.5,98595.18,159.48
1783575068,5084,98595.22,25.21,159.47,98595.2,159.47
1783575068,5085,98595.22,25.21,159.47,98595.22,159.47
1783575068,5086,98595.22,25.21,159.47,98595.23,159.47
1783575068,5087,98594.8,25.21,159.51,98595.13,159.48
1783575068,5088,98594.8,25.21,159.51,98595.05,159.49
1783575069,5088,98594.8,25.21,159.51,98595.05,159.49
1783575069,5090,98594.47,25.21,159.54,98594.82,159.51
1783575069,5091,98594.47,25.21,159.54,98594.74,159.51
1783575069,5092,98594.8,25.21,159.51,98594.77,159.51
1783575069,5093,98594.47,25.21,159.54,98594.7,159.52
1783575069,5094,98594.47,25.21,159.54,98594.66,159.52
1783575069,5095,98594.47,25.21,159.54,98594.62,159.53
1783575069,5096,98594.47,25.21,159.54,98594.59,159.53
1783575069,5097,98594.47,25.21,159.54,98594.57,159.53
1783575070,5097,98594.47,25.21,159.54,98594.57,159.53
1783575070,5099,98594.47,25.21,159.54,98594.64,159.52
1783575070,5100,98594.47,25.21,159.54,98594.61,159.53
1783575070,5101,98594.47,25.21,159.54,98594.59,159.53
1783575070,5102,98594.47,25.21,159.54,98594.57,159.53
1783575070,5103,98594.47,25.21,159.54,98594.55,159.53
1783575070,5104,98593.73,25.2,159.6,98594.35,159.54
1783575070,5105,98593.73,25.2,159.6,98594.2,159.56
1783575071,5106,98594.05,25.2,159.57,98594.17,159.56
1783575071,5106,98594.05,25.2,159.57,98594.17,159.56
1783575071,5108,98594.05,25.2,159.57,98594.07,159.57
1783575071,5109,98594.05,25.2,159.57,98594.08,159.57
1783575071,5110,98594.38,25.2,159.54,98594.16,159.56
1783575071,5111,98594.38,25.2,159.54,98594.23,159.55
1783575071,5112,98594.38,25.2,159.54,98594.28,159.55
1783575071,5113,98594.7,25.2,159.51,98594.41,159.54
1783575072,5114,98594.7,25.2,159.51,98594.49,159.53
1783575072,5115,98594.7,25.2,159.51,98594.56,159.53
1783575072,5115,98594.7,25.2,159.51,98594.56,159.53
1783575072,5117,98595.03,25.2,159.48,98594.84,159.5
1783575072,5118,98595.03,25.2,159.48,98594.91,159.5
1783575072,5119,98594.7,25.2,159.51,98594.87,159.5
1783575072,5120,98594.7,25.2,159.51,98594.84,159.5
1783575072,5121,98594.7,25.2,159.51,98594.81,159.5
1783575072,5122,98595.03,25.2,159.48,98594.88,159.5
1783575073,5123,98595.34,25.2,159.46,98595.02,159.49
1783575073,5124,98595.28,25.2,159.46,98595.09,159.48
1783575073,5124,98595.28,25.2,159.46,98595.09,159.48
1783575073,5126,98595.28,25.2,159.46,98595.16,159.47
1783575073,5127,98595.28,25.2,159.46,98595.2,159.47
1783575073,5128,98595.28,25.2,159.46,98595.23,159.47
1783575073,5129,98595.28,25.2,159.46,98595.26,159.46
1783575073,5130,98595.28,25.2,159.46,98595.27,159.46
1783575074,5131,98595.28,25.2,159.46,98595.29,159.46
1783575074,5132,98595.28,25.2,159.46,98595.3,159.46
1783575074,5133,98595.28,25.2,159.46,98595.3,159.46
1783575074,5133,98595.28,25.2,159.46,98595.3,159.46
1783575074,5135,98595.61,25.2,159.43,98595.45,159.45
1783575074,5136,98595.61,25.2,159.43,98595.5,159.44
1783575074,5137,98595.61,25.2,159.43,98595.54,159.44
1783575074,5138,98595.61,25.2,159.43,98595.57,159.44
1783575075,5139,98596.0,25.2,159.4,98595.7,159.43
1783575075,5140,98595.67,25.2,159.43,98595.7,159.42
1783575075,5141,98595.67,25.2,159.43,98595.71,159.42
1783575075,5142,98595.34,25.2,159.46,98595.63,159.43
1783575075,5142,98595.34,25.2,159.46,98595.63,159.43
1783575075,5144,98595.34,25.2,159.46,98595.6,159.43
1783575075,5145,98595.67,25.2,159.43,98595.63,159.43
1783575075,5146,98595.67,25.2,159.43,98595.66,159.43
1783575075,5147,98595.67,25.2,159.43,98595.67,159.43
1783575076,5148,98595.67,25.2,159.43,98595.69,159.43
1783575076,5149,98595.34,25.2,159.46,98595.61,159.43
1783575076,5150,98595.34,25.2,159.46,98595.55,159.44
1783575076,5151,98595.34,25.2,159.46,98595.52,159.44
1783575076,5151,98595.34,25.2,159.46,98595.52,159.44
1783575076,5153,98595.34,25.2,159.46,98595.35,159.46
1783575076,5154,98595.34,25.2,159.46,98595.36,159.45
1783575076,5155,98595.34,25.2,159.46,98595.37,159.45
1783575077,5156,98595.34,25.2,159.46,98595.38,159.45
1783575077,5157,98594.64,25.2,159.52,98595.2,159.47
1783575077,5158,98594.95,25.2,159.49,98595.14,159.47
1783575077,5159,98594.64,25.2,159.52,98595.02,159.48
1783575077,5160,98594.64,25.2,159.52,98594.94,159.49
1783575077,5160,98594.64,25.2,159.52,98594.94,159.49
1783575077,5162,98594.64,25.2,159.52,98594.77,159.51
1783575077,5163,98594.64,25.2,159.52,98594.74,159.51
1783575078,5164,98594.21,25.2,159.56,98594.62,159.52
1783575078,5165,98594.21,25.2,159.56,98594.52,159.53
1783575078,5166,98594.21,25.2,159.56,98594.45,159.54
1783575078,5167,98594.21,25.2,159.56,98594.4,159.54
1783575078,5168,98593.89,25.2,159.59,98594.28,159.55
1783575078,5169,98594.21,25.2,159.56,98594.27,159.55
1783575078,5169,98594.21,25.2,159.56,98594.27,159.55
1783575078,5171,98594.21,25.2,159.56,98594.27,159.55
1783575078,5172,98594.64,25.2,159.52,98594.38,159.54
1783575079,5173,98594.64,25.2,159.52,98594.45,159.54
1783575079,5174,98594.64,25.2,159.52,98594.52,159.53
1783575079,5175,98594.64,25.2,159.52,98594.56,159.53
1783575079,5176,98594.64,25.2,159.52,98594.59,159.52
1783575079,5177,98594.64,25.2,159.52,98594.62,159.52
1783575079,5178,98594.64,25.2,159.52,98594.63,159.52
1783575079,5178,98594.64,25.2,159.52,98594.63,159.52
1783575079,5180,98594.64,25.2,159.52,98594.67,159.52
1783575080,5181,98594.64,25.2,159.52,98594.68,159.52
1783575080,5182,98594.64,25.2,159.52,98594.68,159.52
1783575080,5183,98594.64,25.2,159.52,98594.68,159.52
1783575080,5184,98595.03,25.2,159.48,98594.78,159.51
1783575080,5185,98595.03,25.2,159.48,98594.86,159.5
1783575080,5186,98595.03,25.2,159.48,98594.91,159.49
1783575080,5187,98595.03,25.2,159.48,98594.95,159.49
1783575080,5187,98595.03,25.2,159.48,98594.95,159.49
1783575080,5189,98595.03,25.2,159.48,98595.04,159.48
1783575081,5190,98595.03,25.2,159.48,98595.05,159.48
1783575081,5191,98595.03,25.2,159.48,98595.05,159.48
1783575081,5192,98595.03,25.2,159.48,98595.06,159.48
1783575081,5193,98595.03,25.2,159.48,98595.07,159.48
1783575081,5194,98595.45,25.21,159.45,98595.18,159.48
1783575081,5195,98595.45,25.21,159.45,98595.27,159.47
1783575081,5196,98595.13,25.21,159.48,98595.24,159.47
1783575081,5196,98595.13,25.21,159.48,98595.24,159.47
1783575082,5198,98596.2,25.21,159.39,98595.72,159.43
1783575082,5199,98596.52,25.21,159.36,98595.94,159.41
1783575082,5200,98596.52,25.21,159.36,98596.1,159.39
1783575082,5201,98597.17,25.21,159.3,98596.39,159.37
1783575082,5202,98597.49,25.21,159.27,98596.69,159.34
1783575082,5203,98597.49,25.21,159.27,98596.91,159.32
1783575082,5204,98597.49,25.21,159.27,98597.07,159.31
1783575082,5205,98597.49,25.21,159.27,98597.2,159.3
1783575082,5205,98597.49,25.21,159.27,98597.2,159.3
1783575083,5207,98597.49,25.21,159.27,98597.4,159.28
1783575083,5208,98597.82,25.21,159.24,98597.52,159.27
1783575083,5209,98598.14,25.21,159.21,98597.7,159.25
1783575083,5210,98598.47,25.21,159.19,98597.91,159.23
1783575083,5211,98598.47,25.21,159.19,98598.06,159.22
1783575083,5212,98598.8,25.21,159.16,98598.27,159.2
1783575083,5213,98598.8,25.21,159.16,98598.41,159.19
1783575083,5214,98598.8,25.21,159.16,98598.52,159.18
1783575083,5214,98598.8,25.21,159.16,98598.52,159.18
1783575084,5216,98598.8,25.21,159.16,98598.75,159.16
1783575084,5217,98598.05,25.21,159.22,98598.58,159.17
1783575084,5218,98598.37,25.21,159.19,98598.54,159.18
1783575084,5219,98598.37,25.21,159.19,98598.51,159.18
1783575084,5220,98598.37,25.21,159.19,98598.48,159.18
1783575084,5221,98597.95,25.2,159.23,98598.36,159.19
1783575084,5222,98598.27,25.2,159.2,98598.35,159.19
1783575084,5223,98598.27,25.2,159.2,98598.34,159.19
1783575085,5223,98598.27,25.2,159.2,98598.34,159.19
1783575085,5225,98598.59,25.2,159.17,98598.55,159.17
1783575085,5226,98598.2,25.2,159.2,98598.47,159.18
1783575085,5227,98598.53,25.2,159.17,98598.5,159.18
1783575085,5228,98598.53,25.2,159.17,98598.52,159.17
1783575085,5229,98598.86,25.2,159.14,98598.63,159.17
1783575085,5230,98598.86,25.2,159.14,98598.7,159.16
1783575085,5231,98599.18,25.2,159.12,98598.84,159.15
1783575086,5232,98599.08,25.2,159.13,98598.91,159.14
1783575086,5232,98599.08,25.2,159.13,98598.91,159.14
1783575086,5234,98599.08,25.2,159.13,98599.06,159.13
1783575086,5235,98599.08,25.2,159.13,98599.08,159.13
1783575086,5236,98599.08,25.2,159.13,98599.09,159.12
1783575086,5237,98598.66,25.2,159.16,98598.99,159.13
1783575086,5238,98598.98,25.2,159.13,98599.0,159.13
1783575086,5239,98598.98,25.2,159.13,98599.01,159.13
1783575086,5240,98598.98,25.2,159.13,98599.02,159.13
1783575087,5241,98598.98,25.2,159.13,98599.02,159.13
1783575087,5241,98598.98,25.2,159.13,98599.02,159.13
1783575087,5243,98598.88,25.19,159.14,98598.93,159.13
1783575087,5244,98599.2,25.19,159.11,98599.02,159.13
1783575087,5245,98599.2,25.19,159.11,98599.08,159.12
1783575087,5246,98599.11,25.19,159.12,98599.1,159.12
1783575087,5247,98599.11,25.19,159.12,98599.12,159.12
1783575087,5248,98599.11,25.19,159.12,98599.13,159.12
1783575088,5249,98599.44,25.19,159.09,98599.23,159.11
1783575088,5250,98599.44,25.19,159.09,98599.3,159.1
1783575088,5250,98599.44,25.19,159.09,98599.3,159.1
1783575088,5252,98599.7,25.19,159.07,98599.63,159.07
1783575088,5253,98599.7,25.19,159.07,98599.66,159.07
1783575088,5254,98600.02,25.19,159.04,98599.77,159.06
1783575088,5255,98600.34,25.19,159.01,98599.93,159.05
1783575088,5256,98600.34,25.19,159.01,98600.05,159.03
1783575089,5257,98599.92,25.19,159.05,98600.03,159.04
1783575089,5258,98600.24,25.19,159.02,98600.1,159.03
1783575089,5259,98600.57,25.19,158.99,98600.23,159.02
1783575089,5259,98600.57,25.19,158.99,98600.23,159.02
1783575089,5261,98600.89,25.19,158.96,98600.66,158.98
1783575089,5262,98600.89,25.19,158.96,98600.73,158.97
1783575089,5263,98600.89,25.19,158.96,98600.79,158.97
1783575089,5264,98600.89,25.19,158.96,98600.83,158.97
1783575089,5265,98600.89,25.19,158.96,98600.86,158.96
1783575090,5266,98600.89,25.19,158.96,98600.88,158.96
1783575090,5267,98600.89,25.19,158.96,98600.9,158.96
1783575090,5268,98601.22,25.19,158.93,98600.99,158.95
1783575090,5268,98601.22,25.19,158.93,98600.99,158.95
1783575090,5270,98601.97,25.19,158.86,98601.63,158.89
1783575090,5271,98601.97,25.19,158.86,98601.73,158.88
1783575090,5272,98602.3,25.19,158.84,98601.9,158.87
1783575090,5273,98602.61,25.19,158.81,98602.09,158.85
1783575091,5274,98602.61,25.19,158.81,98602.24,158.84
1783575091,5275,98602.61,25.19,158.81,98602.35,158.83
1783575091,5276,98602.61,25.19,158.81,98602.43,158.82
1783575091,5277,98602.61,25.19,158.81,98602.49,158.82
1783575091,5277,98602.61,25.19,158.81,98602.49,158.82
1783575091,5279,98602.94,25.19,158.78,98602.84,158.79
1783575091,5280,98602.94,25.19,158.78,98602.88,158.78
1783575091,5281,98602.61,25.19,158.81,98602.83,158.79
1783575091,5282,98602.61,25.19,158.81,98602.79,158.79
1783575092,5283,98602.3,25.19,158.84,98602.67,158.8
1783575092,5284,98601.97,25.19,158.86,98602.5,158.82
1783575092,5285,98601.64,25.19,158.89,98602.29,158.84
1783575092,5286,98601.64,25.19,158.89,98602.13,158.85
1783575092,5286,98601.64,25.19,158.89,98602.13,158.85
1783575092,5288,98601.7,25.19,158.89,98601.7,158.89
1783575092,5289,98601.7,25.19,158.89,98601.72,158.89
1783575092,5290,98601.7,25.19,158.89,98601.73,158.89
1783575093,5291,98601.7,25.19,158.89,98601.73,158.88
1783575093,5292,98601.7,25.19,158.89,98601.74,158.88
1783575093,5293,98601.38,25.19,158.92,98601.66,158.89
1783575093,5294,98601.06,25.19,158.94,98601.52,158.9
1783575093,5295,98601.06,25.19,158.94,98601.41,158.91
1783575093,5295,98601.06,25.19,158.94,98601.41,158.91
1783575093,5297,98601.16,25.19,158.94,98601.2,158.93
1783575093,5298,98600.83,25.19,158.97,98601.12,158.94
1783575094,5299,98600.19,25.19,159.02,98600.89,158.96
1783575094,5300,98600.19,25.19,159.02,98600.72,158.98
1783575094,5301,98599.86,25.19,159.05,98600.51,158.99
1783575094,5302,98599.53,25.19,159.08,98600.27,159.01
1783575094,5303,98599.2,25.19,159.11,98600.0,159.04
1783575094,5304,98598.98,25.2,159.13,98599.74,159.07
1783575094,5304,98598.98,25.2,159.13,98599.74,159.07
1783575094,5306,98598.01,25.2,159.22,98598.87,159.14
1783575094,5307,98597.69,25.2,159.25,98598.57,159.17
1783575095,5308,98597.78,25.2,159.24,98598.38,159.19
1783575095,5309,98597.45,25.2,159.27,98598.15,159.21
1783575095,5310,98597.45,25.2,159.27,98597.98,159.22
1783575095,5311,98597.14,25.2,159.3,98597.77,159.24
1783575095,5312,98597.14,25.2,159.3,98597.62,159.26
1783575095,5313,98597.23,25.2,159.29,98597.53,159.26
1783575095,5313,98597.23,25.2,159.29,98597.53,159.26
1783575095,5315,98596.26,25.2,159.38,98596.85,159.32
1783575096,5316,98595.94,25.2,159.4,98596.63,159.34
1783575096,5317,98596.0,25.2,159.4,98596.48,159.36
1783575096,5318,98595.67,25.2,159.43,98596.28,159.37
1783575096,5319,98595.34,25.2,159.46,98596.05,159.39
1783575096,5320,98595.34,25.2,159.46,98595.88,159.41
1783575096,5321,98595.67,25.2,159.43,98595.84,159.41
1783575096,5322,98595.67,25.2,159.43,98595.8,159.42
1783575096,5322,98595.67,25.2,159.43,98595.8,159.42
1783575097,5324,98595.03,25.2,159.48,98595.43,159.45
1783575097,5325,98595.03,25.2,159.48,98595.34,159.46
1783575097,5326,98595.13,25.21,159.48,98595.3,159.47
1783575097,5327,98595.13,25.21,159.48,98595.27,159.47
1783575097,5328,98594.8,25.21,159.51,98595.16,159.48
1783575097,5329,98594.8,25.21,159.51,98595.08,159.49
1783575097,5330,98594.8,25.21,159.51,98595.02,159.49
1783575097,5331,98595.22,25.21,159.47,98595.08,159.49
1783575097,5331,98595.22,25.21,159.47,98595.08,159.49
1783575098,5333,98595.22,25.21,159.47,98595.32,159.46
1783575098,5334,98595.22,25.21,159.47,98595.3,159.46
1783575098,5335,98595.22,25.21,159.47,98595.3,159.47
1783575098,5336,98595.22,25.21,159.47,98595.29,159.47
1783575098,5337,98595.22,25.21,159.47,98595.28,159.47
1783575098,5338,98595.22,25.21,159.47,98595.27,159.47
1783575098,5339,98595.22,25.21,159.47,98595.27,159.47
1783575098,5340,98594.9,25.21,159.5,98595.19,159.48
1783575098,5340,98594.9,25.21,159.5,98595.19,159.48
1783575099,5342,98595.55,25.21,159.44,98595.25,159.47
1783575099,5343,98595.55,25.21,159.44,98595.34,159.46
1783575099,5344,98595.55,25.21,159.44,98595.41,159.46
1783575099,5345,98595.88,25.21,159.41,98595.54,159.44
1783575099,5346,98595.88,25.21,159.41,98595.64,159.44
1783575099,5347,98595.88,25.21,159.41,98595.71,159.43
1783575099,5348,98595.77,25.21,159.42,98595.74,159.43
1783575099,5349,98595.77,25.21,159.42,98595.77,159.42
1783575100,5349,98595.77,25.21,159.42,98595.77,159.42
1783575100,5351,98595.45,25.21,159.45,98595.68,159.43
1783575100,5352,98595.45,25.21,159.45,98595.63,159.44
1783575100,5353,98595.45,25.21,159.45,98595.6,159.44
1783575100,5354,98595.13,25.21,159.48,98595.49,159.45
1783575100,5355,98595.13,25.21,159.48,98595.41,159.46
1783575100,5356,98595.13,25.21,159.48,98595.34,159.46
1783575100,5357,98595.13,25.21,159.48,98595.3,159.47
1783575100,5358,98595.13,25.21,159.48,98595.27,159.47
1783575101,5358,98595.13,25.21,159.48,98595.27,159.47
1783575101,5360,98595.13,25.21,159.48,98595.2,159.47
1783575101,5361,98594.8,25.21,159.51,98595.11,159.48
1783575101,5362,98595.13,25.21,159.48,98595.13,159.48
1783575101,5363,98595.13,25.21,159.48,98595.14,159.48
1783575101,5364,98595.13,25.21,159.48,98595.15,159.48
1783575101,5365,98595.45,25.21,159.45,98595.24,159.47
1783575101,5366,98595.45,25.21,159.45,98595.31,159.46
1783575102,5367,98595.13,25.21,159.48,98595.27,159.47
1783575102,5367,98595.13,25.21,159.48,98595.27,159.47
1783575102,5369,98595.45,25.21,159.45,98595.43,159.45
1783575102,5370,98595.45,25.21,159.45,98595.45,159.45
1783575102,5371,98595.13,25.21,159.48,98595.38,159.46
1783575102,5372,98595.13,25.21,159.48,98595.32,159.46
1783575102,5373,98595.13,25.21,159.48,98595.28,159.47
1783575102,5374,98595.13,25.21,159.48,98595.25,159.47
1783575102,5375,98595.45,25.21,159.45,98595.31,159.46
1783575103,5376,98595.45,25.21,159.45,98595.36,159.46
1783575103,5376,98595.45,25.21,159.45,98595.36,159.46
1783575103,5378,98595.34,25.2,159.46,98595.4,159.45
1783575103,5379,98595.34,25.2,159.46,98595.4,159.45
1783575103,5380,98595.34,25.2,159.46,98595.4,159.45
1783575103,5381,98595.34,25.2,159.46,98595.4,159.45
1783575103,5382,98595.34,25.2,159.46,98595.4,159.45
1783575103,5383,98595.34,25.2,159.46,98595.4,159.45
1783575104,5384,98595.03,25.2,159.48,98595.31,159.46
1783575104,5385,98594.7,25.2,159.51,98595.16,159.47
1783575104,5385,98594.7,25.2,159.51,98595.16,159.47
1783575104,5387,98594.7,25.2,159.51,98594.88,159.5
1783575104,5388,98594.38,25.2,159.54,98594.76,159.51
1783575104,5389,98594.38,25.2,159.54,98594.67,159.52
1783575104,5390,98594.38,25.2,159.54,98594.61,159.52
1783575104,5391,98594.38,25.2,159.54,98594.56,159.53
1783575105,5392,98594.38,25.2,159.54,98594.52,159.53
1783575105,5393,98594.38,25.2,159.54,98594.5,159.53
1783575105,5394,98594.7,25.2,159.51,98594.56,159.53
1783575105,5394,98594.7,25.2,159.51,98594.56,159.53
1783575105,5396,98594.7,25.2,159.51,98594.73,159.51
1783575105,5397,98594.7,25.2,159.51,98594.73,159.51
1783575105,5398,98594.7,25.2,159.51,98594.74,159.51
1783575105,5399,98594.7,25.2,159.51,98594.74,159.51
1783575105,5400,98594.7,25.2,159.51,98594.74,159.51
1783575106,5401,98594.7,25.2,159.51,98594.74,159.51
1783575106,5402,98594.7,25.2,159.51,98594.74,159.51
1783575106,5403,98594.7,25.2,159.51,98594.74,159.51
1783575106,5403,98594.7,25.2,159.51,98594.74,159.51
1783575106,5405,98594.05,25.2,159.57,98594.51,159.53
1783575106,5406,98594.05,25.2,159.57,98594.4,159.54
1783575106,5407,98594.05,25.2,159.57,98594.32,159.55
1783575106,5408,98594.05,25.2,159.57,98594.26,159.55
1783575107,5409,98593.34,25.2,159.63,98594.03,159.57
1783575107,5410,98593.66,25.2,159.61,98593.95,159.58
1783575107,5411,98593.66,25.2,159.61,98593.88,159.59
1783575107,5412,98593.23,25.2,159.64,98593.73,159.6
1783575107,5412,98593.23,25.2,159.64,98593.73,159.6
1783575107,5414,98592.91,25.2,159.67,98593.2,159.65
1783575107,5415,98592.91,25.2,159.67,98593.13,159.65
1783575107,5416,98593.23,25.2,159.64,98593.17,159.65
1783575108,5417,98593.23,25.2,159.64,98593.2,159.65
1783575108,5418,98593.23,25.2,159.64,98593.23,159.64
1783575108,5419,98593.23,25.2,159.64,98593.24,159.64
1783575108,5420,98593.23,25.2,159.64,98593.25,159.64
1783575108,5421,98593.23,25.2,159.64,98593.26,159.64
1783575108,5421,98593.23,25.2,159.64,98593.26,159.64
1783575108,5423,98592.91,25.2,159.67,98593.05,159.66
1783575108,5424,98592.91,25.2,159.67,98593.03,159.66
1783575108,5425,98592.91,25.2,159.67,98593.02,159.66
1783575109,5426,98592.91,25.2,159.67,98593.0,159.66
1783575109,5427,98593.23,25.2,159.64,98593.07,159.66
1783575109,5428,98593.56,25.2,159.61,98593.21,159.65
1783575109,5429,98593.56,25.2,159.61,98593.31,159.64
1783575109,5430,98593.14,25.2,159.65,98593.28,159.64
1783575109,5430,98593.14,25.2,159.65,98593.28,159.64
1783575109,5432,98593.46,25.2,159.62,98593.4,159.63
1783575109,5433,98593.46,25.2,159.62,98593.43,159.63
1783575110,5434,98593.79,25.2,159.59,98593.54,159.62
1783575110,5435,98593.79,25.2,159.59,98593.62,159.61
1783575110,5436,98594.21,25.2,159.56,98593.78,159.59
1783575110,5437,98594.21,25.2,159.56,98593.91,159.58
1783575110,5438,98594.21,25.2,159.56,98594.0,159.58
1783575110,5439,98593.89,25.2,159.59,98593.98,159.58
1783575110,5439,98593.89,25.2,159.59,98593.98,159.58
1783575110,5441,98594.21,25.2,159.56,98594.18,159.56
1783575111,5442,98594.54,25.2,159.53,98594.29,159.55
1783575111,5443,98594.86,25.2,159.5,98594.45,159.54
1783575111,5444,98595.19,25.2,159.47,98594.66,159.52
1783575111,5445,98595.52,25.2,159.44,98594.89,159.5
1783575111,5446,98595.84,25.2,159.41,98595.15,159.47
1783575111,5447,98595.73,25.2,159.42,98595.31,159.46
1783575111,5448,98596.06,25.2,159.39,98595.52,159.44
1783575111,5448,98596.06,25.2,159.39,98595.52,159.44
1783575111,5450,98596.94,25.19,159.31,98596.48,159.35
1783575112,5451,98597.27,25.19,159.28,98596.7,159.33
1783575112,5452,98597.59,25.19,159.25,98596.94,159.31
1783575112,5453,98597.48,25.19,159.26,98597.09,159.3
1783575112,5454,98597.81,25.19,159.23,98597.3,159.28
