unix_time,sample_id,pressure_pa,temperature_c,height_m,kf_pressure_pa,kf_height_m
1783574505,335,98602.0,27.32,158.93,98600.8,159.03
1783574505,336,98602.0,27.32,158.93,98600.8,159.03
1783574505,337,98602.0,27.32,158.93,98600.8,159.03
1783574505,338,98601.0,27.32,159.02,98601.19,159.0
1783574505,339,98601.0,27.32,159.02,98601.16,159.01
1783574505,340,98598.0,27.32,159.29,98600.61,159.05
1783574505,341,98601.0,27.33,159.02,98600.68,159.05
1783574505,342,98601.0,27.33,159.02,98600.73,159.04
1783574505,343,98603.0,27.33,158.84,98601.13,159.01
1783574505,344,98601.0,27.33,159.02,98601.1,159.01
1783574506,345,98601.0,27.33,159.02,98601.09,159.01
1783574506,346,98601.0,27.33,159.02,98601.09,159.01
1783574506,347,98601.0,27.33,159.02,98601.21,159.0
1783574506,348,98598.0,27.33,159.29,98600.66,159.05
1783574506,349,98601.0,27.33,159.02,98600.72,159.04
1783574506,350,98601.0,27.33,159.02,98600.77,159.04
1783574506,351,98602.0,27.33,158.93,98600.98,159.02
1783574506,352,98603.0,27.33,158.84,98601.33,158.99
1783574507,353,98601.0,27.33,159.02,98601.27,159.0
1783574507,354,98602.0,27.34,158.93,98601.4,158.98
1783574507,355,98602.0,27.34,158.93,98601.4,158.98
1783574507,356,98601.0,27.34,159.02,98601.52,158.97
1783574507,357,98599.0,27.34,159.2,98601.08,159.01
1783574507,358,98602.0,27.34,158.93,98601.23,159.0
1783574507,359,98603.0,27.34,158.84,98601.54,158.97
1783574507,360,98600.0,27.34,159.11,98601.27,159.0
1783574508,361,98602.0,27.34,158.93,98601.4,158.98
1783574508,362,98597.0,27.34,159.37,98600.64,159.05
1783574508,363,98600.0,27.34,159.11,98600.53,159.06
1783574508,364,98600.0,27.34,159.11,98600.53,159.06
1783574508,365,98600.0,27.35,159.11,98600.75,159.04
1783574508,366,98603.0,27.35,158.84,98601.14,159.01
1783574508,367,98600.0,27.34,159.11,98600.95,159.02
1783574508,368,98603.0,27.35,158.84,98601.3,158.99
1783574508,369,98600.0,27.35,159.11,98601.07,159.01
1783574509,370,98600.0,27.35,159.11,98600.88,159.03
1783574509,371,98600.0,27.35,159.11,98600.73,159.04
1783574509,372,98602.0,27.35,158.93,98600.95,159.02
1783574509,373,98602.0,27.35,158.93,98600.95,159.02
1783574509,374,98602.0,27.35,158.94,98601.37,158.99
1783574509,375,98601.0,27.35,159.02,98601.3,159.0
1783574509,376,98602.0,27.34,158.94,98601.42,158.99
1783574509,377,98600.0,27.34,159.11,98601.18,159.0
1783574510,378,98598.0,27.34,159.29,98600.63,159.06
1783574510,379,98601.0,27.34,159.02,98600.7,159.05
1783574510,380,98601.0,27.34,159.02,98600.75,159.05
1783574510,381,98600.0,27.33,159.11,98600.62,159.06
1783574510,382,98600.0,27.33,159.11,98600.62,159.06
1783574510,383,98603.0,27.32,158.85,98600.92,159.03
1783574510,384,98601.0,27.32,159.02,98600.94,159.03
1783574510,385,98603.0,27.32,158.85,98601.3,159.0
1783574511,386,98600.0,27.32,159.11,98601.07,159.02
1783574511,387,98600.0,27.31,159.11,98600.88,159.03
1783574511,388,98604.0,27.31,158.76,98601.42,158.99
1783574511,389,98602.0,27.31,158.94,98601.52,158.98
1783574511,390,98600.0,27.31,159.11,98601.26,159.0
1783574511,391,98600.0,27.31,159.11,98601.26,159.0
1783574511,392,98600.0,27.31,159.11,98601.28,159.0
1783574511,393,98601.0,27.31,159.02,98601.23,159.0
1783574511,394,98600.0,27.32,159.11,98601.02,159.02
1783574512,395,98602.0,27.32,158.94,98601.2,159.01
1783574512,396,98603.0,27.32,158.85,98601.51,158.98
1783574512,397,98602.0,27.32,158.93,98601.59,158.97
1783574512,398,98603.0,27.32,158.84,98601.84,158.95
1783574512,399,98602.0,27.32,158.93,98601.87,158.94
1783574512,400,98602.0,27.32,158.93,98601.87,158.94
1783574512,401,98602.0,27.32,158.93,98601.44,158.98
1783574512,402,98600.0,27.33,159.11,98601.19,159.0
1783574513,403,98601.0,27.33,159.02,98601.16,159.01
1783574513,404,98604.0,27.33,158.75,98601.65,158.96
1783574513,405,98601.0,27.33,159.02,98601.54,158.97
1783574513,406,98601.0,27.33,159.02,98601.45,158.98
1783574513,407,98599.0,27.33,159.2,98601.02,159.02
1783574513,408,98601.0,27.34,159.02,98601.02,159.02
1783574513,409,98601.0,27.34,159.02,98601.02,159.02
1783574513,410,98603.0,27.34,158.84,98601.76,158.95
1783574513,411,98600.0,27.34,159.11,98601.45,158.98
1783574514,412,98601.0,27.34,159.02,98601.38,158.99
1783574514,413,98603.0,27.34,158.84,98601.66,158.96
1783574514,414,98601.0,27.34,159.02,98601.55,158.97
1783574514,415,98603.0,27.34,158.84,98601.8,158.95
1783574514,416,98599.0,27.34,159.2,98601.31,158.99
1783574514,417,98600.0,27.33,159.11,98601.09,159.01
1783574514,418,98600.0,27.33,159.11,98601.09,159.01
1783574514,419,98601.0,27.34,159.02,98600.73,159.04
1783574515,420,98599.0,27.34,159.2,98600.44,159.07
1783574515,421,98603.0,27.34,158.84,98600.88,159.03
1783574515,422,98602.0,27.34,158.93,98601.08,159.01
1783574515,423,98602.0,27.34,158.93,98601.23,159.0
1783574515,424,98603.0,27.34,158.84,98601.54,158.97
1783574515,425,98601.0,27.34,159.02,98601.45,158.98
1783574515,426,98604.0,27.34,158.75,98601.88,158.94
1783574515,427,98604.0,27.34,158.75,98601.88,158.94
1783574516,428,98604.0,27.34,158.75,98601.77,158.95
1783574516,429,98601.0,27.34,159.02,98601.64,158.96
1783574516,430,98600.0,27.34,159.11,98601.36,158.99
1783574516,431,98600.0,27.34,159.11,98601.13,159.01
1783574516,432,98601.0,27.34,159.01,98601.1,159.01
1783574516,433,98602.0,27.34,158.93,98601.26,158.99
1783574516,434,98602.0,27.34,158.93,98601.38,158.98
1783574516,435,98601.0,27.34,159.01,98601.32,158.99
1783574516,436,98601.0,27.34,159.01,98601.32,158.99
1783574517,437,98601.0,27.34,159.01,98601.34,158.98
1783574517,438,98601.0,27.34,159.01,98601.28,158.99
1783574517,439,98603.0,27.34,158.84,98601.58,158.96
1783574517,440,98602.0,27.34,158.93,98601.65,158.96
1783574517,441,98598.0,27.34,159.28,98601.02,159.01
1783574517,442,98599.0,27.34,159.19,98600.67,159.04
1783574517,443,98602.0,27.34,158.93,98600.9,159.02
1783574517,444,98601.0,27.35,159.01,98600.91,159.02
1783574517,445,98601.0,27.35,159.01,98600.91,159.02
1783574518,446,98601.0,27.35,159.02,98601.18,159.0
1783574518,447,98601.0,27.35,159.02,98601.15,159.01
1783574518,448,98603.0,27.35,158.84,98601.47,158.98
1783574518,449,98602.0,27.35,158.93,98601.56,158.97
1783574518,450,98600.0,27.35,159.11,98601.3,158.99
1783574518,451,98602.0,27.35,158.93,98601.42,158.98
1783574518,452,98602.0,27.35,158.93,98601.52,158.97
1783574518,453,98601.0,27.36,159.02,98601.43,158.98
1783574519,454,98601.0,27.36,159.02,98601.43,158.98
1783574519,455,98600.0,27.36,159.11,98601.27,159.0
1783574519,456,98601.0,27.35,159.02,98601.22,159.0
1783574519,457,98601.0,27.36,159.02,98601.18,159.0
1783574519,458,98601.0,27.36,159.02,98601.15,159.01
1783574519,459,98599.0,27.36,159.2,98600.78,159.04
1783574519,460,98601.0,27.36,159.02,98600.82,159.04
1783574519,461,98601.0,27.36,159.02,98600.85,159.03
1783574519,462,98603.0,27.36,158.84,98601.22,159.0
1783574520,463,98603.0,27.36,158.84,98601.22,159.0
1783574520,464,98601.0,27.36,159.01,98601.58,158.96
1783574520,465,98603.0,27.36,158.84,98601.82,158.94
1783574520,466,98600.0,27.36,159.1,98601.51,158.97
1783574520,467,98603.0,27.36,158.84,98601.77,158.95
1783574520,468,98604.0,27.35,158.75,98602.15,158.91
1783574520,469,98601.0,27.36,159.01,98601.95,158.93
1783574520,470,98600.0,27.35,159.1,98601.62,158.96
1783574521,471,98602.0,27.35,158.93,98601.68,158.95
1783574521,472,98602.0,27.35,158.93,98601.68,158.95
1783574521,473,98601.0,27.35,159.01,98601.42,158.98
1783574521,474,98599.0,27.34,159.19,98601.01,159.01
1783574521,475,98601.0,27.34,159.01,98601.01,159.01
1783574521,476,98603.0,27.34,158.83,98601.35,158.98
1783574521,477,98602.0,27.34,158.92,98601.46,158.97
1783574521,478,98602.0,27.34,158.92,98601.55,158.96
1783574522,479,98601.0,27.34,159.01,98601.46,158.97
1783574522,480,98601.0,27.34,159.01,98601.38,158.97
1783574522,481,98601.0,27.34,159.01,98601.38,158.97
1783574522,482,98600.0,27.34,159.09,98601.02,159.0
1783574522,483,98601.0,27.34,159.0,98601.02,159.0
1783574522,484,98601.0,27.34,159.0,98601.02,159.0
1783574522,485,98601.0,27.34,159.0,98601.02,159.0
1783574522,486,98603.0,27.34,158.83,98601.36,158.97
1783574522,487,98604.0,27.34,158.74,98601.81,158.93
1783574523,488,98605.0,27.34,158.65,98602.36,158.88
1783574523,489,98603.0,27.34,158.83,98602.47,158.87
1783574523,490,98603.0,27.34,158.83,98602.47,158.87
1783574523,491,98600.0,27.34,159.09,98601.43,158.97
1783574523,492,98599.0,27.34,159.18,98601.01,159.0
1783574523,493,98601.0,27.34,159.0,98601.01,159.0
1783574523,494,98601.0,27.35,159.0,98601.01,159.0
1783574523,495,98602.0,27.35,158.91,98601.18,158.99
1783574524,496,98603.0,27.35,158.83,98601.49,158.96
1783574524,497,98600.0,27.35,159.09,98601.23,158.98
1783574524,498,98600.0,27.35,159.09,98601.02,159.0
1783574524,499,98600.0,27.35,159.09,98601.02,159.0
1783574524,500,98603.0,27.35,158.83,98601.58,158.95
1783574524,501,98601.0,27.35,159.0,98601.48,158.96
1783574524,502,98602.0,27.35,158.91,98601.57,158.95
1783574524,503,98599.0,27.35,159.18,98601.13,158.99
1783574524,504,98601.0,27.35,159.0,98601.1,158.99
1783574525,505,98602.0,27.35,158.91,98601.26,158.98
1783574525,506,98600.0,27.35,159.09,98601.04,159.0
1783574525,507,98601.0,27.35,159.0,98601.03,159.0
1783574525,508,98601.0,27.35,159.0,98601.03,159.0
1783574525,509,98600.0,27.35,159.09,98601.39,158.97
1783574525,510,98602.0,27.35,158.91,98601.49,158.96
1783574525,511,98601.0,27.35,159.0,98601.41,158.97
1783574525,512,98603.0,27.36,158.83,98601.68,158.94
1783574526,513,98602.0,27.36,158.91,98601.73,158.94
1783574526,514,98602.0,27.36,158.91,98601.78,158.93
1783574526,515,98602.0,27.36,158.91,98601.82,158.93
1783574526,516,98602.0,27.36,158.91,98601.85,158.92
1783574526,517,98602.0,27.36,158.91,98601.85,158.92
1783574526,518,98603.0,27.36,158.82,98601.91,158.92
1783574526,519,98602.0,27.36,158.91,98601.92,158.92
1783574526,520,98602.0,27.36,158.91,98601.94,158.91
1783574527,521,98602.0,27.36,158.91,98601.95,158.91
1783574527,522,98602.0,27.37,158.91,98601.95,158.91
1783574527,523,98601.0,27.36,159.0,98601.79,158.93
1783574527,524,98603.0,27.37,158.82,98602.0,158.91
1783574527,525,98602.0,27.37,158.91,98602.0,158.91
1783574527,526,98602.0,27.37,158.91,98602.0,158.91
1783574527,527,98600.0,27.37,159.09,98601.84,158.93
1783574527,528,98602.0,27.36,158.91,98601.87,158.93
1783574527,529,98600.0,27.36,159.09,98601.55,158.95
1783574528,530,98603.0,27.36,158.83,98601.8,158.93
1783574528,531,98601.0,27.36,159.0,98601.66,158.95
1783574528,532,98603.0,27.36,158.83,98601.89,158.92
1783574528,533,98603.0,27.36,158.83,98602.08,158.91
1783574528,534,98600.0,27.36,159.09,98601.72,158.94
1783574528,535,98600.0,27.36,159.09,98601.72,158.94
1783574528,536,98602.0,27.35,158.91,98601.84,158.93
1783574528,537,98601.0,27.36,159.0,98601.7,158.94
1783574529,538,98602.0,27.36,158.91,98601.75,158.94
1783574529,539,98602.0,27.36,158.91,98601.8,158.93
1783574529,540,98600.0,27.35,159.09,98601.48,158.96
1783574529,541,98601.0,27.35,159.0,98601.4,158.97
1783574529,542,98603.0,27.36,158.82,98601.67,158.94
1783574529,543,98601.0,27.36,159.0,98601.55,158.95
1783574529,544,98601.0,27.36,159.0,98601.55,158.95
1783574529,545,98601.0,27.36,159.0,98601.48,158.96
1783574530,546,98602.0,27.36,158.91,98601.57,158.95
1783574530,547,98599.0,27.36,159.18,98601.13,158.99
1783574530,548,98600.0,27.36,159.09,98600.93,159.0
1783574530,549,98601.0,27.36,159.0,98600.95,159.0
1783574530,550,98602.0,27.36,158.91,98601.13,158.99
1783574530,551,98601.0,27.36,159.0,98601.1,158.99
1783574530,552,98602.0,27.36,158.91,98601.26,158.98
1783574530,553,98602.0,27.36,158.91,98601.26,158.98
1783574530,554,98602.0,27.36,158.91,98601.27,158.97
1783574531,555,98602.0,27.36,158.91,98601.39,158.96
1783574531,556,98603.0,27.37,158.82,98601.67,158.94
1783574531,557,98600.0,27.37,159.09,98601.38,158.96
1783574531,558,98603.0,27.37,158.82,98601.66,158.94
1783574531,559,98600.0,27.37,159.09,98601.38,158.96
1783574531,560,98603.0,27.37,158.82,98601.66,158.94
1783574531,561,98602.0,27.37,158.91,98601.72,158.93
1783574531,562,98602.0,27.37,158.91,98601.72,158.93
1783574532,563,98600.0,27.37,159.09,98601.45,158.96
1783574532,564,98602.0,27.37,158.91,98601.54,158.95
1783574532,565,98600.0,27.37,159.09,98601.27,158.97
1783574532,566,98603.0,27.37,158.82,98601.57,158.95
1783574532,567,98601.0,27.37,159.0,98601.47,158.96
1783574532,568,98602.0,27.37,158.91,98601.56,158.95
1783574532,569,98605.0,27.38,158.64,98602.16,158.9
1783574532,570,98601.0,27.38,159.0,98601.95,158.91
1783574532,571,98601.0,27.38,159.0,98601.95,158.91
1783574533,572,98602.0,27.38,158.91,98602.17,158.89
1783574533,573,98601.0,27.38,159.0,98601.97,158.91
1783574533,574,98601.0,27.38,159.0,98601.8,158.93
1783574533,575,98599.0,27.38,159.18,98601.32,158.97
1783574533,576,98600.0,27.38,159.09,98601.09,158.99
1783574533,577,98601.0,27.38,159.0,98601.08,158.99
1783574533,578,98603.0,27.38,158.82,98601.41,158.96
1783574533,579,98603.0,27.39,158.82,98601.68,158.94
1783574533,580,98603.0,27.39,158.82,98601.68,158.94
1783574534,581,98600.0,27.38,159.09,98601.52,158.95
1783574534,582,98603.0,27.39,158.83,98601.78,158.93
1783574534,583,98601.0,27.39,159.0,98601.65,158.95
1783574534,584,98601.0,27.39,159.0,98601.54,158.96
1783574534,585,98603.0,27.39,158.83,98601.79,158.93
1783574534,586,98602.0,27.39,158.91,98601.83,158.93
1783574534,587,98601.0,27.39,159.0,98601.69,158.94
1783574534,588,98602.0,27.39,158.91,98601.74,158.94
1783574535,589,98602.0,27.39,158.91,98601.74,158.94
1783574535,590,98602.0,27.39,158.91,98601.91,158.92
1783574535,591,98603.0,27.39,158.83,98602.09,158.91
1783574535,592,98602.0,27.39,158.91,98602.08,158.91
1783574535,593,98601.0,27.39,159.0,98601.89,158.92
1783574535,594,98602.0,27.39,158.91,98601.91,158.92
1783574535,595,98603.0,27.39,158.83,98602.09,158.91
1783574535,596,98604.0,27.39,158.74,98602.42,158.88
1783574535,597,98601.0,27.39,159.0,98602.18,158.9
1783574536,598,98601.0,27.39,159.0,98602.18,158.9
1783574536,599,98601.0,27.38,159.0,98601.95,158.92
1783574536,600,98601.0,27.38,159.0,98601.79,158.93
1783574536,601,98602.0,27.38,158.91,98601.83,158.93
1783574536,602,98600.0,27.38,159.09,98601.52,158.96
1783574536,603,98600.0,27.38,159.09,98601.26,158.98
1783574536,604,98603.0,27.38,158.83,98601.55,158.95
1783574536,605,98601.0,27.38,159.0,98601.46,158.96
1783574537,606,98603.0,27.38,158.83,98601.73,158.94
1783574537,607,98603.0,27.38,158.83,98601.73,158.94
1783574537,608,98602.0,27.38,158.91,98601.73,158.94
1783574537,609,98602.0,27.38,158.91,98601.77,158.94
1783574537,610,98604.0,27.39,158.74,98602.16,158.9
1783574537,611,98599.0,27.39,159.18,98601.61,158.95
1783574537,612,98601.0,27.39,159.0,98601.51,158.96
1783574537,613,98601.0,27.39,159.0,98601.42,158.97
1783574538,614,98601.0,27.39,159.0,98601.35,158.97
1783574538,615,98601.0,27.39,159.0,98601.29,158.98
1783574538,616,98601.0,27.39,159.0,98601.29,158.98
1783574538,617,98603.0,27.39,158.83,98601.6,158.95
1783574538,618,98601.0,27.39,159.0,98601.5,158.96
1783574538,619,98601.0,27.39,159.0,98601.41,158.97
1783574538,620,98601.0,27.39,159.0,98601.34,158.97
1783574538,621,98601.0,27.39,159.0,98601.28,158.98
1783574538,622,98602.0,27.39,158.91,98601.41,158.97
1783574539,623,98601.0,27.39,159.0,98601.34,158.97
1783574539,624,98597.0,27.39,159.36,98600.59,159.04
1783574539,625,98597.0,27.39,159.36,98600.59,159.04
1783574539,626,98600.0,27.39,159.09,98600.67,159.03
1783574539,627,98600.0,27.39,159.09,98600.55,159.04
1783574539,628,98603.0,27.39,158.83,98600.98,159.01
1783574539,629,98602.0,27.39,158.91,98601.16,158.99
1783574539,630,98604.0,27.39,158.74,98601.65,158.95
1783574540,631,98604.0,27.39,158.74,98602.05,158.91
1783574540,632,98601.0,27.39,159.0,98601.88,158.93
1783574540,633,98602.0,27.39,158.91,98601.9,158.92
1783574540,634,98602.0,27.39,158.91,98601.9,158.92
1783574540,635,98602.0,27.39,158.91,98602.05,158.91
1783574540,636,98600.0,27.39,159.09,98601.7,158.94
1783574540,637,98602.0,27.39,158.91,98601.76,158.94
1783574540,638,98601.0,27.4,159.0,98601.63,158.95
1783574541,639,98601.0,27.39,159.0,98601.52,158.96
1783574541,640,98601.0,27.39,159.0,98601.43,158.97
1783574541,641,98602.0,27.39,158.91,98601.53,158.96
1783574541,642,98602.0,27.4,158.91,98601.61,158.95
1783574541,643,98602.0,27.4,158.91,98601.61,158.95
1783574541,644,98605.0,27.4,158.65,98602.31,158.89
1783574541,645,98600.0,27.39,159.1,98601.91,158.93
1783574541,646,98602.0,27.4,158.92,98601.93,158.93
1783574541,647,98601.0,27.39,159.01,98601.77,158.94
1783574542,648,98603.0,27.4,158.83,98601.98,158.92
1783574542,649,98599.0,27.4,159.19,98601.46,158.97
1783574542,650,98603.0,27.4,158.83,98601.73,158.94
1783574542,651,98601.0,27.4,159.01,98601.6,158.96
1783574542,652,98601.0,27.4,159.01,98601.6,158.96
1783574542,653,98601.0,27.39,159.01,98601.88,158.93
1783574542,654,98599.0,27.39,159.19,98601.38,158.97
1783574542,655,98602.0,27.39,158.92,98601.49,158.97
1783574543,656,98602.0,27.39,158.92,98601.58,158.96
1783574543,657,98602.0,27.39,158.92,98601.65,158.95
1783574543,658,98601.0,27.39,159.01,98601.54,158.96
1783574543,659,98601.0,27.39,159.01,98601.45,158.97
1783574543,660,98601.0,27.39,159.01,98601.37,158.98
1783574543,661,98601.0,27.39,159.01,98601.37,158.98
1783574543,662,98601.0,27.39,159.01,98601.24,158.99
1783574543,663,98600.0,27.39,159.1,98601.03,159.01
1783574543,664,98604.0,27.38,158.74,98601.55,158.96
1783574544,665,98601.0,27.38,159.01,98601.45,158.97
1783574544,666,98599.0,27.38,159.19,98601.03,159.01
1783574544,667,98600.0,27.38,159.1,98600.85,159.02
1783574544,668,98599.0,27.38,159.19,98600.53,159.05
1783574544,669,98601.0,27.38,159.01,98600.61,159.04
1783574544,670,98601.0,27.38,159.01,98600.61,159.04
1783574544,671,98602.0,27.38,158.93,98600.55,159.05
1783574544,672,98600.0,27.38,159.1,98600.46,159.06
1783574545,673,98602.0,27.38,158.93,98600.73,159.04
1783574545,674,98605.0,27.38,158.66,98601.46,158.97
1783574545,675,98600.0,27.38,159.1,98601.21,159.0
1783574545,676,98603.0,27.38,158.84,98601.52,158.97
1783574545,677,98601.0,27.38,159.01,98601.43,158.98
1783574545,678,98600.0,27.38,159.1,98601.18,159.0
1783574545,679,98600.0,27.38,159.1,98601.18,159.0
1783574545,680,98601.0,27.38,159.01,98601.52,158.97
1783574546,681,98603.0,27.38,158.84,98601.77,158.95
1783574546,682,98601.0,27.38,159.01,98601.64,158.96
1783574546,683,98601.0,27.38,159.01,98601.53,158.97
1783574546,684,98601.0,27.38,159.01,98601.44,158.98
1783574546,685,98601.0,27.38,159.01,98601.36,158.98
1783574546,686,98600.0,27.39,159.1,98601.13,159.0
1783574546,687,98599.0,27.39,159.19,98600.76,159.04
1783574546,688,98599.0,27.39,159.19,98600.76,159.04
1783574546,689,98600.0,27.39,159.1,98600.47,159.06
1783574547,690,98601.0,27.39,159.01,98600.56,159.05
1783574547,691,98600.0,27.39,159.1,98600.47,159.06
1783574547,692,98602.0,27.39,158.93,98600.73,159.04
1783574547,693,98602.0,27.4,158.93,98600.95,159.02
1783574547,694,98601.0,27.4,159.01,98600.96,159.02
1783574547,695,98600.0,27.4,159.1,98600.8,159.03
1783574547,696,98601.0,27.4,159.01,98600.83,159.03
1783574547,697,98601.0,27.4,159.01,98600.83,159.03
1783574548,698,98603.0,27.41,158.84,98601.03,159.01
1783574548,699,98604.0,27.4,158.75,98601.55,158.97
1783574548,700,98603.0,27.41,158.84,98601.8,158.94
1783574548,701,98601.0,27.4,159.01,98601.66,158.96
1783574548,702,98601.0,27.41,159.01,98601.55,158.97
1783574548,703,98600.0,27.41,159.1,98601.28,158.99
1783574548,704,98600.0,27.41,159.1,98601.06,159.01
1783574548,705,98601.0,27.41,159.01,98601.05,159.01
1783574548,706,98601.0,27.41,159.01,98601.05,159.01
1783574549,707,98603.0,27.42,158.84,98601.63,158.96
1783574549,708,98602.0,27.42,158.93,98601.7,158.95
1783574549,709,98603.0,27.42,158.83,98601.92,158.93
1783574549,710,98602.0,27.42,158.92,98601.94,158.93
1783574549,711,98602.0,27.42,158.92,98601.95,158.93
1783574549,712,98602.0,27.42,158.92,98601.95,158.92
1783574549,713,98602.0,27.42,158.92,98601.96,158.92
1783574549,714,98603.0,27.42,158.83,98602.14,158.91
1783574549,715,98603.0,27.42,158.83,98602.14,158.91
1783574550,716,98603.0,27.42,158.83,98602.42,158.88
1783574550,717,98602.0,27.42,158.92,98602.35,158.89
1783574550,718,98603.0,27.42,158.83,98602.46,158.88
1783574550,719,98601.0,27.42,159.01,98602.21,158.9
1783574550,720,98602.0,27.42,158.92,98602.17,158.9
1783574550,721,98601.0,27.42,159.01,98601.97,158.92
1783574550,722,98602.0,27.42,158.92,98601.98,158.92
1783574550,723,98603.0,27.42,158.83,98602.16,158.91
1783574551,724,98603.0,27.42,158.83,98602.16,158.91
1783574551,725,98602.0,27.43,158.92,98601.83,158.94
1783574551,726,98601.0,27.43,159.01,98601.69,158.95
1783574551,727,98601.0,27.43,159.01,98601.57,158.96
1783574551,728,98600.0,27.43,159.1,98601.3,158.98
1783574551,729,98601.0,27.43,159.01,98601.24,158.99
1783574551,730,98600.0,27.43,159.1,98601.03,159.01
1783574551,731,98601.0,27.43,159.01,98601.02,159.01
1783574552,732,98604.0,27.43,158.74,98601.54,158.96
1783574552,733,98604.0,27.43,158.74,98601.54,158.96
1783574552,734,98601.0,27.43,159.01,98601.73,158.94
1783574552,735,98604.0,27.43,158.74,98602.13,158.91
1783574552,736,98599.0,27.43,159.19,98601.59,158.96
1783574552,737,98603.0,27.43,158.83,98601.83,158.94
1783574552,738,98601.0,27.43,159.01,98601.69,158.95
1783574552,739,98599.0,27.43,159.19,98601.23,158.99
1783574552,740,98602.0,27.43,158.92,98601.36,158.98
1783574553,741,98601.0,27.43,159.0,98601.3,158.98
1783574553,742,98601.0,27.43,159.0,98601.3,158.98
1783574553,743,98600.0,27.42,159.09,98600.22,159.07
1783574553,744,98599.0,27.42,159.18,98600.01,159.09
1783574553,745,98601.0,27.43,159.0,98600.18,159.08
1783574553,746,98604.0,27.43,158.74,98600.84,159.02
1783574553,747,98603.0,27.42,158.83,98601.21,158.98
1783574553,748,98603.0,27.43,158.83,98601.52,158.96
1783574554,749,98603.0,27.43,158.83,98601.77,158.94
1783574554,750,98600.0,27.43,159.09,98601.47,158.96
1783574554,751,98600.0,27.43,159.09,98601.47,158.96
1783574554,752,98600.0,27.43,159.09,98601.3,158.98
1783574554,753,98602.0,27.43,158.91,98601.42,158.97
1783574554,754,98602.0,27.43,158.91,98601.52,158.96
1783574554,755,98601.0,27.43,159.0,98601.43,158.97
1783574554,756,98603.0,27.44,158.83,98601.7,158.94
1783574555,757,98601.0,27.44,159.0,98601.58,158.95
1783574555,758,98602.0,27.44,158.91,98601.65,158.95
1783574555,759,98602.0,27.44,158.91,98601.71,158.94
1783574555,760,98602.0,27.44,158.91,98601.71,158.94
1783574555,761,98604.0,27.44,158.74,98602.23,158.89
1783574555,762,98599.0,27.44,159.18,98601.67,158.94
1783574555,763,98600.0,27.44,159.09,98601.38,158.97
1783574555,764,98600.0,27.44,159.09,98601.14,158.99
1783574555,765,98603.0,27.44,158.83,98601.46,158.96
1783574556,766,98604.0,27.44,158.74,98601.9,158.92
1783574556,767,98602.0,27.45,158.91,98601.91,158.92
1783574556,768,98602.0,27.45,158.91,98601.93,158.92
1783574556,769,98602.0,27.45,158.91,98601.93,158.92
1783574556,770,98604.0,27.45,158.74,98602.14,158.9
1783574556,771,98600.0,27.45,159.09,98601.77,158.94
1783574556,772,98601.0,27.45,159.0,98601.64,158.95
1783574556,773,98602.0,27.45,158.91,98601.7,158.94
1783574557,774,98603.0,27.45,158.83,98601.93,158.92
1783574557,775,98602.0,27.45,158.91,98601.95,158.91
1783574557,776,98600.0,27.45,159.09,98601.61,158.94
1783574557,777,98601.0,27.45,159.0,98601.51,158.95
1783574557,778,98601.0,27.45,159.0,98601.51,158.95
1783574557,779,98601.0,27.45,159.0,98601.24,158.98
1783574557,780,98603.0,27.46,158.82,98601.55,158.95
1783574557,781,98601.0,27.46,159.0,98601.45,158.96
1783574557,782,98600.0,27.46,159.09,98601.2,158.98
1783574558,783,98603.0,27.46,158.82,98601.52,158.95
1783574558,784,98604.0,27.46,158.73,98601.95,158.91
1783574558,785,98600.0,27.46,159.09,98601.61,158.94
1783574558,786,98602.0,27.46,158.91,98601.68,158.94
1783574558,787,98602.0,27.46,158.91,98601.68,158.94
1783574558,788,98603.0,27.46,158.82,98602.34,158.88
1783574558,789,98602.0,27.46,158.91,98602.28,158.88
1783574558,790,98602.0,27.46,158.91,98602.23,158.89
1783574559,791,98601.0,27.46,159.0,98602.02,158.91
1783574559,792,98602.0,27.46,158.91,98602.02,158.91
1783574559,793,98603.0,27.46,158.83,98602.19,158.9
1783574559,794,98601.0,27.46,159.0,98601.98,158.92
1783574559,795,98599.0,27.46,159.18,98601.47,158.96
1783574559,796,98599.0,27.46,159.18,98601.47,158.96
1783574559,797,98603.0,27.46,158.83,98601.78,158.93
1783574559,798,98602.0,27.47,158.91,98601.82,158.93
1783574560,799,98603.0,27.46,158.83,98602.02,158.91
1783574560,800,98599.0,27.46,159.18,98601.5,158.96
1783574560,801,98601.0,27.46,159.0,98601.41,158.97
1783574560,802,98602.0,27.47,158.91,98601.52,158.96
1783574560,803,98600.0,27.47,159.09,98601.26,158.98
1783574560,804,98600.0,27.47,159.09,98601.04,159.0
1783574560,805,98600.0,27.47,159.09,98601.04,159.0
1783574560,806,98603.0,27.47,158.83,98601.6,158.95
1783574560,807,98602.0,27.47,158.91,98601.67,158.94
1783574561,808,98604.0,27.47,158.74,98602.07,158.91
1783574561,809,98602.0,27.47,158.91,98602.05,158.91
1783574561,810,98601.0,27.47,159.0,98601.88,158.93
1783574561,811,98601.0,27.47,159.0,98601.73,158.94
1783574561,812,98599.0,27.47,159.18,98601.26,158.98
1783574561,813,98601.0,27.47,159.0,98601.21,158.98
1783574561,814,98601.0,27.47,159.0,98601.21,158.98
1783574561,815,98601.0,27.48,159.01,98601.4,158.97
1783574562,816,98603.0,27.48,158.83,98601.67,158.95
1783574562,817,98601.0,27.48,159.01,98601.55,158.96
1783574562,818,98601.0,27.48,159.01,98601.46,158.97
1783574562,819,98601.0,27.48,159.01,98601.38,158.97
1783574562,820,98600.0,27.48,159.1,98601.14,159.0
1783574562,821,98601.0,27.48,159.01,98601.12,159.0
1783574562,822,98601.0,27.48,159.01,98601.09,159.0
1783574562,823,98601.0,27.48,159.01,98601.09,159.0
1783574563,824,98600.0,27.48,159.1,98601.25,158.99
1783574563,825,98601.0,27.48,159.01,98601.2,158.99
1783574563,826,98603.0,27.48,158.83,98601.52,158.96
1783574563,827,98603.0,27.48,158.83,98601.77,158.94
1783574563,828,98604.0,27.48,158.74,98602.16,158.91
1783574563,829,98602.0,27.48,158.92,98602.13,158.91
1783574563,830,98601.0,27.48,159.01,98601.94,158.93
1783574563,831,98601.0,27.48,159.01,98601.77,158.94
1783574563,832,98601.0,27.48,159.01,98601.77,158.94
1783574564,833,98601.0,27.48,159.01,98601.44,158.97
1783574564,834,98600.0,27.48,159.1,98601.19,158.99
1783574564,835,98599.0,27.48,159.19,98600.81,159.03
1783574564,836,98601.0,27.48,159.01,98600.84,159.02
1783574564,837,98601.0,27.47,159.01,98600.87,159.02
1783574564,838,98602.0,27.47,158.93,98601.06,159.01
1783574564,839,98602.0,27.47,158.93,98601.23,158.99
1783574564,840,98603.0,27.47,158.84,98601.53,158.97
1783574564,841,98603.0,27.47,158.84,98601.53,158.97
1783574565,842,98601.0,27.47,159.01,98600.77,159.03
1783574565,843,98602.0,27.47,158.93,98600.98,159.02
1783574565,844,98604.0,27.47,158.75,98601.51,158.97
1783574565,845,98601.0,27.47,159.01,98601.42,158.98
1783574565,846,98601.0,27.47,159.01,98601.35,158.98
1783574565,847,98602.0,27.47,158.93,98601.46,158.97
1783574565,848,98602.0,27.47,158.93,98601.55,158.96
1783574565,849,98602.0,27.48,158.93,98601.63,158.96
1783574566,850,98602.0,27.48,158.93,98601.63,158.96
1783574566,851,98600.0,27.48,159.1,98600.98,159.02
1783574566,852,98600.0,27.48,159.1,98600.8,159.03
1783574566,853,98601.0,27.48,159.01,98600.84,159.03
1783574566,854,98601.0,27.48,159.01,98600.87,159.03
1783574566,855,98601.0,27.48,159.01,98600.89,159.02
1783574566,856,98601.0,27.48,159.01,98600.91,159.02
1783574566,857,98600.0,27.48,159.1,98600.75,159.04
1783574566,858,98601.0,27.48,159.01,98600.8,159.03
1783574567,859,98601.0,27.48,159.01,98600.8,159.03
1783574567,860,98602.0,27.48,158.93,98601.7,158.95
1783574567,861,98603.0,27.48,158.84,98601.93,158.93
1783574567,862,98602.0,27.48,158.93,98601.95,158.93
1783574567,863,98600.0,27.48,159.1,98601.61,158.96
1783574567,864,98601.0,27.48,159.01,98601.51,158.97
1783574567,865,98601.0,27.48,159.01,98601.42,158.98
1783574567,866,98602.0,27.48,158.93,98601.52,158.97
1783574568,867,98601.0,27.48,159.01,98601.43,158.98
1783574568,868,98601.0,27.48,159.01,98601.43,158.98
1783574568,869,98601.0,27.47,159.01,98601.27,158.99
1783574568,870,98600.0,27.47,159.1,98601.05,159.01
1783574568,871,98602.0,27.47,158.93,98601.22,158.99
1783574568,872,98600.0,27.47,159.1,98601.01,159.01
1783574568,873,98602.0,27.47,158.93,98601.18,159.0
1783574568,874,98600.0,27.46,159.1,98600.98,159.02
1783574568,875,98600.0,27.47,159.1,98600.8,159.03
1783574569,876,98601.0,27.47,159.01,98600.84,159.03
1783574569,877,98601.0,27.47,159.01,98600.84,159.03
1783574569,878,98602.0,27.46,158.93,98600.66,159.04
1783574569,879,98600.0,27.46,159.1,98600.55,159.05
1783574569,880,98602.0,27.47,158.93,98600.8,159.03
1783574569,881,98601.0,27.47,159.01,98600.83,159.03
1783574569,882,98602.0,27.47,158.93,98601.03,159.01
1783574569,883,98600.0,27.47,159.1,98600.85,159.03
1783574570,884,98600.0,27.47,159.1,98600.7,159.04
1783574570,885,98599.0,27.47,159.19,98600.41,159.07
1783574570,886,98599.0,27.47,159.19,98600.41,159.07
1783574570,887,98600.0,27.47,159.1,98600.32,159.07
1783574570,888,98600.0,27.47,159.1,98600.27,159.08
1783574570,889,98600.0,27.47,159.1,98600.22,159.08
1783574570,890,98601.0,27.47,159.01,98600.35,159.07
1783574570,891,98603.0,27.48,158.84,98600.8,159.03
1783574571,892,98601.0,27.47,159.01,98600.84,159.03
1783574571,893,98600.0,27.47,159.1,98600.7,159.04
1783574571,894,98604.0,27.47,158.75,98601.27,158.99
1783574571,895,98604.0,27.47,158.75,98601.27,158.99
1783574571,896,98602.0,27.48,158.93,98601.08,159.01
1783574571,897,98602.0,27.48,158.93,98601.23,158.99
1783574571,898,98600.0,27.47,159.1,98601.02,159.01
1783574571,899,98602.0,27.48,158.92,98601.2,158.99
1783574571,900,98599.0,27.48,159.19,98600.82,159.02
1783574572,901,98602.0,27.48,158.92,98601.02,159.01
1783574572,902,98601.0,27.47,159.01,98601.02,159.01
1783574572,903,98601.0,27.48,159.01,98601.02,159.01
1783574572,904,98601.0,27.48,159.01,98601.02,159.01
1783574572,905,98600.0,27.47,159.1,98600.87,159.02
1783574572,906,98601.0,27.47,159.01,98600.89,159.02
1783574572,907,98601.0,27.47,159.01,98600.91,159.02
1783574572,908,98599.0,27.47,159.19,98600.58,159.05
1783574573,909,98600.0,27.47,159.1,98600.48,159.05
1783574573,910,98602.0,27.47,158.92,98600.74,159.03
1783574573,911,98601.0,27.47,159.01,98600.79,159.03
1783574573,912,98602.0,27.47,158.92,98601.0,159.01
1783574573,913,98602.0,27.47,158.92,98601.0,159.01
1783574573,914,98600.0,27.47,159.1,98600.71,159.03
1783574573,915,98603.0,27.47,158.83,98601.11,159.0
1783574573,916,98601.0,27.47,159.01,98601.09,159.0
1783574574,917,98599.0,27.47,159.19,98600.73,159.03
1783574574,918,98601.0,27.47,159.01,98600.78,159.03
1783574574,919,98599.0,27.47,159.19,98600.48,159.05
1783574574,920,98601.0,27.47,159.01,98600.57,159.05
1783574574,921,98603.0,27.47,158.83,98600.99,159.01
1783574574,922,98603.0,27.47,158.83,98600.99,159.01
1783574574,923,98602.0,27.47,158.92,98600.92,159.02
1783574574,924,98600.0,27.46,159.1,98600.77,159.03
1783574574,925,98601.0,27.46,159.01,98600.8,159.03
1783574575,926,98602.0,27.46,158.92,98601.01,159.01
1783574575,927,98601.0,27.46,159.01,98601.01,159.01
1783574575,928,98601.0,27.46,159.01,98601.01,159.01
1783574575,929,98600.0,27.46,159.1,98600.84,159.02
1783574575,930,98599.0,27.46,159.19,98600.52,159.05
1783574575,931,98599.0,27.46,159.19,98600.52,159.05
1783574575,932,98601.0,27.45,159.01,98600.47,159.06
1783574575,933,98598.0,27.45,159.27,98600.05,159.09
1783574576,934,98602.0,27.45,158.92,98600.38,159.06
1783574576,935,98600.0,27.45,159.1,98600.32,159.07
1783574576,936,98599.0,27.45,159.19,98600.09,159.09
1783574576,937,98601.0,27.44,159.01,98600.25,159.08
1783574576,938,98600.0,27.45,159.09,98600.2,159.07
1783574576,939,98602.0,27.44,158.91,98600.52,159.05
1783574576,940,98602.0,27.44,158.91,98600.52,159.05
1783574576,941,98601.0,27.44,159.0,98600.91,159.01
1783574577,942,98601.0,27.44,159.0,98600.93,159.01
1783574577,943,98601.0,27.44,159.0,98600.95,159.01
1783574577,944,98600.0,27.44,159.09,98600.78,159.02
1783574577,945,98600.0,27.44,159.09,98600.65,159.03
1783574577,946,98602.0,27.44,158.91,98600.88,159.01
1783574577,947,98600.0,27.44,159.09,98600.73,159.03
1783574577,948,98599.0,27.44,159.18,98600.44,159.05
1783574577,949,98599.0,27.44,159.18,98600.44,159.05
1783574577,950,98598.0,27.45,159.27,98599.88,159.1
1783574578,951,98602.0,27.45,158.91,98600.25,159.07
1783574578,952,98598.0,27.45,159.27,98599.86,159.1
1783574578,953,98601.0,27.45,159.0,98600.05,159.09
1783574578,954,98601.0,27.45,159.0,98600.22,159.07
1783574578,955,98602.0,27.45,158.91,98600.52,159.05
1783574578,956,98603.0,27.45,158.83,98600.95,159.01
1783574578,957,98600.0,27.45,159.09,98600.79,159.02
1783574578,958,98600.0,27.45,159.09,98600.79,159.02
1783574579,959,98602.0,27.45,158.91,98600.76,159.02
1783574579,960,98601.0,27.45,159.0,98600.8,159.02
1783574579,961,98601.0,27.45,159.0,98600.83,159.02
1783574579,962,98600.0,27.45,159.09,98600.69,159.03
1783574579,963,98603.0,27.45,158.83,98601.09,159.0
1783574579,964,98599.0,27.45,159.18,98600.73,159.03
1783574579,965,98601.0,27.45,159.0,98600.77,159.02
1783574579,966,98601.0,27.45,159.0,98600.81,159.02
1783574579,967,98601.0,27.45,159.0,98600.81,159.02
1783574580,968,98599.0,27.45,159.18,98600.81,159.02
1783574580,969,98600.0,27.45,159.09,98600.67,159.03
1783574580,970,98601.0,27.45,159.0,98600.73,159.03
1783574580,971,98602.0,27.45,158.91,98600.95,159.01
1783574580,972,98601.0,27.45,159.0,98600.95,159.01
1783574580,973,98603.0,27.46,158.83,98601.3,158.98
1783574580,974,98598.0,27.45,159.27,98600.73,159.03
1783574580,975,98602.0,27.45,158.91,98600.95,159.01
1783574580,976,98602.0,27.45,158.91,98600.95,159.01
1783574581,977,98603.0,27.46,158.83,98601.37,158.97
1783574581,978,98600.0,27.46,159.09,98601.13,158.99
1783574581,979,98600.0,27.46,159.09,98600.94,159.0
1783574581,980,98601.0,27.46,159.0,98600.95,159.0
1783574581,981,98601.0,27.46,159.0,98600.95,159.0
1783574581,982,98602.0,27.46,158.91,98601.13,158.99
1783574581,983,98601.0,27.46,159.0,98601.11,158.99
1783574581,984,98602.0,27.46,158.91,98601.27,158.97
1783574582,985,98602.0,27.46,158.91,98601.27,158.97
1783574582,986,98598.0,27.46,159.26,98599.85,159.1
1783574582,987,98599.0,27.46,159.18,98599.7,159.11
1783574582,988,98601.0,27.46,159.0,98599.93,159.09
1783574582,989,98602.0,27.46,158.91,98600.29,159.06
1783574582,990,98602.0,27.46,158.91,98600.59,159.03
1783574582,991,98600.0,27.46,159.09,98600.48,159.04
1783574582,992,98602.0,27.47,158.91,98600.74,159.02
1783574582,993,98600.0,27.47,159.09,98600.62,159.03
1783574583,994,98600.0,27.47,159.09,98600.62,159.03
1783574583,995,98599.0,27.47,159.18,98600.26,159.06
1783574583,996,98601.0,27.47,159.0,98600.38,159.05
1783574583,997,98600.0,27.47,159.09,98600.32,159.06
1783574583,998,98602.0,27.47,158.91,98600.61,159.03
1783574583,999,98602.0,27.47,158.91,98600.85,159.01
1783574583,1000,98602.0,27.47,158.91,98601.05,158.99
1783574584,1002,98603.0,27.47,158.82,98601.52,158.95
1783574584,1003,98603.0,27.47,158.82,98601.52,158.95
1783574584,1004,98603.0,27.47,158.82,98601.4,158.96
1783574584,1005,98602.0,27.47,158.91,98601.5,158.95
1783574584,1006,98601.0,27.47,159.0,98601.41,158.96
1783574584,1007,98601.0,27.47,159.0,98601.34,158.97
1783574584,1008,98602.0,27.46,158.91,98601.45,158.96
1783574584,1009,98600.0,27.46,159.09,98601.2,158.98
1783574585,1010,98598.0,27.46,159.26,98600.65,159.03
1783574585,1011,98600.0,27.46,159.09,98600.54,159.04
1783574585,1012,98600.0,27.46,159.09,98600.54,159.04
1783574585,1013,98600.0,27.46,159.09,98600.39,159.05
1783574585,1014,98602.0,27.46,158.91,98600.67,159.03
1783574585,1015,98601.0,27.46,159.0,98600.73,159.02
1783574585,1016,98601.0,27.46,159.0,98600.77,159.02
1783574585,1017,98600.0,27.46,159.09,98600.64,159.03
1783574585,1018,98600.0,27.46,159.09,98600.53,159.04
1783574586,1019,98602.0,27.46,158.91,98600.78,159.02
1783574586,1020,98600.0,27.47,159.09,98600.65,159.03
1783574586,1021,98600.0,27.47,159.09,98600.65,159.03
1783574586,1022,98601.0,27.47,159.0,98600.73,159.02
1783574586,1023,98601.0,27.47,159.0,98600.78,159.02
1783574586,1024,98602.0,27.47,158.91,98600.99,159.0
1783574586,1025,98601.0,27.47,159.0,98600.99,159.0
1783574586,1026,98599.0,27.47,159.18,98600.65,159.03
1783574587,1027,98601.0,27.47,159.0,98600.71,159.02
1783574587,1028,98601.0,27.47,159.0,98600.76,159.02
1783574587,1029,98602.0,27.47,158.91,98600.97,159.0
1783574587,1030,98602.0,27.47,158.91,98600.97,159.0
1783574587,1031,98601.0,27.47,159.0,98600.48,159.04
1783574587,1032,98600.0,27.47,159.09,98600.4,159.05
1783574587,1033,98599.0,27.47,159.18,98600.16,159.07
1783574587,1034,98601.0,27.47,159.0,98600.3,159.06
1783574588,1035,98600.0,27.47,159.09,98600.25,159.06
1783574588,1036,98602.0,27.47,158.91,98600.55,159.04
1783574588,1037,98599.0,27.47,159.18,98600.29,159.06
1783574588,1038,98601.0,27.47,159.0,98600.41,159.05
1783574588,1039,98601.0,27.47,159.0,98600.41,159.05
1783574588,1040,98601.0,27.48,159.0,98600.97,159.0
1783574588,1041,98601.0,27.47,159.0,98600.98,159.0
1783574588,1042,98599.0,27.47,159.18,98600.63,159.03
1783574588,1043,98601.0,27.47,159.0,98600.7,159.03
1783574589,1044,98600.0,27.47,159.09,98600.58,159.04
1783574589,1045,98600.0,27.47,159.09,98600.48,159.04
1783574589,1046,98601.0,27.47,159.0,98600.57,159.04
1783574589,1047,98599.0,27.47,159.18,98600.3,159.06
1783574589,1048,98599.0,27.47,159.18,98600.3,159.06
1783574589,1049,98599.0,27.46,159.18,98599.89,159.1
1783574589,1050,98599.0,27.45,159.18,98599.73,159.11
1783574589,1051,98601.0,27.45,159.0,98599.95,159.09
1783574590,1052,98601.0,27.45,159.0,98600.13,159.08
1783574590,1053,98598.0,27.45,159.26,98599.77,159.11
1783574590,1054,98599.0,27.45,159.18,98599.63,159.12
1783574590,1055,98603.0,27.45,158.82,98600.21,159.07
1783574590,1056,98600.0,27.45,159.09,98600.17,159.07
1783574590,1057,98600.0,27.45,159.09,98600.17,159.07
1783574590,1058,98599.0,27.44,159.18,98599.73,159.11
1783574590,1059,98599.0,27.44,159.18,98599.61,159.12
1783574591,1060,98600.0,27.44,159.09,98599.68,159.11
1783574591,1061,98599.0,27.44,159.17,98599.56,159.12
1783574591,1062,98602.0,27.44,158.9,98599.98,159.08
1783574591,1063,98601.0,27.44,158.99,98600.16,159.07
1783574591,1064,98600.0,27.44,159.08,98600.13,159.07
1783574591,1065,98601.0,27.44,158.99,98600.28,159.06
1783574591,1066,98601.0,27.44,158.99,98600.28,159.06
1783574591,1067,98599.0,27.44,159.17,98600.2,159.06
1783574591,1068,98601.0,27.44,158.99,98600.34,159.05
1783574592,1069,98603.0,27.44,158.82,98600.8,159.01
1783574592,1070,98598.0,27.44,159.26,98600.31,159.05
1783574592,1071,98602.0,27.44,158.9,98600.6,159.03
1783574592,1072,98601.0,27.44,158.99,98600.67,159.02
1783574592,1073,98598.0,27.44,159.26,98600.21,159.06
1783574592,1074,98598.0,27.45,159.25,98599.83,159.09
1783574592,1075,98598.0,27.45,159.25,98599.83,159.09
1783574592,1076,98601.0,27.45,158.99,98600.14,159.06
1783574593,1077,98601.0,27.45,158.99,98600.29,159.05
1783574593,1078,98599.0,27.45,159.16,98600.07,159.07
1783574593,1079,98599.0,27.45,159.16,98599.88,159.09
1783574593,1080,98599.0,27.45,159.16,98599.73,159.1
1783574593,1081,98600.0,27.45,159.08,98599.78,159.1
1783574593,1082,98598.0,27.45,159.25,98599.48,159.12
1783574593,1083,98602.0,27.45,158.9,98599.91,159.08
1783574593,1084,98602.0,27.45,158.9,98599.91,159.08
1783574593,1085,98601.0,27.45,158.99,98600.07,159.07
1783574594,1086,98602.0,27.45,158.9,98600.41,159.04
1783574594,1087,98602.0,27.45,158.9,98600.68,159.02
1783574594,1088,98599.0,27.45,159.16,98600.39,159.04
1783574594,1089,98600.0,27.46,159.08,98600.32,159.05
1783574594,1090,98600.0,27.46,159.08,98600.27,159.05
1783574594,1091,98600.0,27.46,159.08,98600.22,159.06
1783574594,1092,98602.0,27.46,158.9,98600.52,159.03
1783574594,1093,98602.0,27.46,158.9,98600.52,159.03
1783574595,1094,98600.0,27.46,159.08,98600.35,159.04
1783574595,1095,98599.0,27.46,159.16,98600.12,159.07
1783574595,1096,98601.0,27.47,158.99,98600.27,159.05
1783574595,1097,98601.0,27.46,158.99,98600.39,159.04
1783574595,1098,98600.0,27.46,159.08,98600.32,159.05
1783574595,1099,98602.0,27.47,158.9,98600.61,159.02
1783574595,1100,98602.0,27.46,158.9,98600.85,159.0
1783574595,1101,98600.0,27.46,159.08,98600.7,159.01
1783574595,1102,98600.0,27.46,159.08,98600.7,159.01
1783574596,1103,98602.0,27.47,158.9,98600.66,159.02
1783574596,1104,98600.0,27.46,159.08,98600.55,159.03
1783574596,1105,98601.0,27.46,158.99,98600.63,159.02
1783574596,1106,98601.0,27.46,158.99,98600.69,159.02
1783574596,1107,98603.0,27.46,158.81,98601.09,158.98
1783574596,1108,98601.0,27.47,158.99,98601.07,158.98
1783574596,1109,98601.0,27.47,158.99,98601.05,158.99
1783574596,1110,98599.0,27.46,159.17,98600.7,159.02
1783574596,1111,98599.0,27.46,159.17,98600.7,159.02
1783574597,1112,98602.0,27.47,158.9,98600.77,159.01
1783574597,1113,98600.0,27.47,159.08,98600.64,159.02
1783574597,1114,98601.0,27.47,158.99,98600.7,159.02
1783574597,1115,98598.0,27.47,159.26,98600.23,159.06
1783574597,1116,98602.0,27.47,158.9,98600.54,159.03
1783574597,1117,98599.0,27.47,159.17,98600.27,159.06
1783574597,1118,98601.0,27.47,158.99,98600.4,159.05
1783574597,1119,98602.0,27.47,158.9,98600.67,159.02
1783574598,1120,98602.0,27.47,158.9,98600.67,159.02
1783574598,1121,98599.0,27.47,159.17,98600.86,159.01
1783574598,1122,98599.0,27.47,159.17,98600.54,159.03
1783574598,1123,98600.0,27.47,159.08,98600.45,159.04
1783574598,1124,98602.0,27.47,158.9,98600.71,159.02
1783574598,1125,98599.0,27.47,159.17,98600.41,159.04
1783574598,1126,98600.0,27.47,159.08,98600.34,159.05
1783574598,1127,98600.0,27.47,159.08,98600.28,159.06
1783574599,1128,98602.0,27.46,158.9,98600.58,159.03
1783574599,1129,98602.0,27.46,158.9,98600.58,159.03
1783574599,1130,98600.0,27.47,159.08,98600.09,159.07
1783574599,1131,98601.0,27.47,158.99,98600.25,159.06
1783574599,1132,98600.0,27.47,159.08,98600.2,159.06
1783574599,1133,98602.0,27.47,158.9,98600.52,159.04
1783574599,1134,98599.0,27.47,159.17,98600.26,159.06
1783574599,1135,98602.0,27.47,158.9,98600.55,159.03
1783574599,1136,98601.0,27.47,158.99,98600.63,159.03
1783574600,1137,98602.0,27.47,158.9,98600.87,159.0
1783574600,1138,98602.0,27.47,158.9,98600.87,159.0
1783574600,1139,98600.0,27.47,159.08,98601.05,158.99
1783574600,1140,98599.0,27.47,159.17,98600.7,159.02
1783574600,1141,98600.0,27.47,159.08,98600.58,159.03
1783574600,1142,98603.0,27.47,158.82,98600.99,158.99
1783574600,1143,98601.0,27.47,158.99,98600.99,158.99
1783574600,1144,98602.0,27.47,158.9,98601.16,158.97
1783574601,1145,98602.0,27.47,158.9,98601.3,158.96
1783574601,1146,98602.0,27.47,158.9,98601.42,158.95
1783574601,1147,98602.0,27.47,158.9,98601.42,158.95
1783574601,1148,98600.0,27.47,159.08,98600.72,159.01
1783574601,1149,98602.0,27.47,158.9,98600.94,158.99
1783574601,1150,98601.0,27.48,158.99,98600.95,158.99
1783574601,1151,98600.0,27.48,159.08,98600.78,159.01
1783574601,1152,98600.0,27.48,159.07,98600.65,159.01
1783574602,1153,98599.0,27.47,159.16,98600.37,159.04
1783574602,1154,98600.0,27.47,159.07,98600.3,159.04
1783574602,1155,98601.0,27.48,158.98,98600.42,159.03
1783574602,1156,98601.0,27.48,158.98,98600.42,159.03
1783574602,1157,98603.0,27.48,158.81,98601.15,158.97
1783574602,1158,98600.0,27.48,159.07,98600.95,158.99
1783574602,1159,98601.0,27.48,158.98,98600.96,158.99
1783574602,1160,98601.0,27.48,158.98,98600.97,158.98
1783574602,1161,98602.0,27.48,158.89,98601.15,158.97
1783574603,1162,98599.0,27.48,159.16,98600.78,159.0
1783574603,1163,98601.0,27.48,158.98,98600.82,159.0
1783574603,1164,98600.0,27.48,159.07,98600.68,159.0
1783574603,1165,98600.0,27.48,159.07,98600.68,159.0
1783574603,1166,98601.0,27.48,158.98,98601.04,158.97
1783574603,1167,98598.0,27.48,159.24,98600.52,159.02
1783574603,1168,98601.0,27.48,158.98,98600.6,159.01
1783574603,1169,98600.0,27.48,159.07,98600.5,159.02
1783574604,1170,98600.0,27.48,159.07,98600.41,159.03
1783574604,1171,98600.0,27.48,159.07,98600.34,159.03
1783574604,1172,98600.0,27.48,159.07,98600.28,159.04
1783574604,1173,98601.0,27.48,158.98,98600.41,159.03
1783574604,1174,98601.0,27.48,158.98,98600.41,159.03
1783574604,1175,98603.0,27.48,158.8,98600.61,159.01
1783574604,1176,98600.0,27.48,159.07,98600.51,159.02
1783574604,1177,98600.0,27.48,159.07,98600.42,159.03
1783574604,1178,98602.0,27.48,158.89,98600.7,159.0
1783574605,1179,98601.0,27.48,158.98,98600.75,159.0
1783574605,1180,98601.0,27.49,158.98,98600.8,158.99
1783574605,1181,98601.0,27.49,158.98,98600.83,158.99
1783574605,1182,98600.0,27.49,159.07,98600.69,159.0
1783574605,1183,98600.0,27.49,159.07,98600.69,159.0
1783574605,1184,98600.0,27.49,159.07,98600.9,158.99
1783574605,1185,98602.0,27.49,158.89,98601.09,158.97
1783574605,1186,98600.0,27.49,159.07,98600.9,158.99
1783574606,1187,98603.0,27.49,158.79,98601.26,158.95
1783574606,1188,98599.0,27.48,159.15,98600.87,158.99
1783574606,1189,98599.0,27.49,159.15,98600.55,159.01
1783574606,1190,98601.0,27.49,158.97,98600.63,159.0
1783574606,1191,98603.0,27.49,158.79,98601.03,158.97
1783574606,1192,98603.0,27.49,158.79,98601.03,158.97
1783574606,1193,98600.0,27.49,159.06,98600.7,159.0
1783574606,1194,98602.0,27.49,158.88,98600.93,158.98
1783574607,1195,98598.0,27.49,159.24,98600.42,159.02
1783574607,1196,98602.0,27.49,158.88,98600.7,159.0
1783574607,1197,98603.0,27.49,158.79,98601.09,158.96
1783574607,1198,98601.0,27.49,158.97,98601.08,158.96
1783574607,1199,98599.0,27.49,159.15,98600.72,159.0
1783574607,1200,98601.0,27.49,158.97,98600.77,158.99
1783574607,1201,98601.0,27.49,158.97,98600.77,158.99
1783574607,1202,98599.0,27.49,159.15,98600.28,159.04
1783574607,1203,98601.0,27.49,158.97,98600.41,159.02
1783574608,1204,98601.0,27.49,158.97,98600.51,159.01
1783574608,1205,98601.0,27.49,158.97,98600.59,159.01
1783574608,1206,98600.0,27.49,159.06,98600.49,159.02
1783574608,1207,98602.0,27.49,158.88,98600.75,158.99
1783574608,1208,98600.0,27.49,159.06,98600.62,159.01
1783574608,1209,98600.0,27.5,159.06,98600.51,159.01
1783574608,1210,98600.0,27.5,159.06,98600.51,159.01
1783574608,1211,98601.0,27.49,158.97,98600.68,159.0
1783574609,1212,98601.0,27.49,158.97,98600.73,158.99
1783574609,1213,98600.0,27.49,159.06,98600.61,159.01
1783574609,1214,98599.0,27.49,159.15,98600.33,159.03
1783574609,1215,98601.0,27.49,158.97,98600.45,159.02
1783574609,1216,98602.0,27.49,158.88,98600.71,159.0
1783574609,1217,98599.0,27.49,159.15,98600.41,159.02
1783574609,1218,98600.0,27.48,159.06,98600.34,159.03
1783574609,1219,98600.0,27.48,159.06,98600.34,159.03
1783574610,1220,98600.0,27.48,159.06,98600.42,159.02
1783574610,1221,98600.0,27.48,159.06,98600.35,159.03
1783574610,1222,98601.0,27.48,158.97,98600.46,159.02
1783574610,1223,98601.0,27.49,158.97,98600.55,159.01
1783574610,1224,98600.0,27.49,159.06,98600.46,159.02
1783574610,1225,98600.0,27.49,159.06,98600.38,159.03
1783574610,1226,98603.0,27.48,158.79,98600.84,158.99
1783574610,1227,98601.0,27.49,158.97,98600.87,158.98
1783574610,1228,98601.0,27.49,158.97,98600.87,158.98
1783574611,1229,98602.0,27.49,158.88,98600.82,158.99
1783574611,1230,98600.0,27.49,159.06,98600.68,159.0
1783574611,1231,98601.0,27.49,158.97,98600.73,158.99
1783574611,1232,98603.0,27.49,158.79,98601.13,158.96
1783574611,1233,98601.0,27.49,158.97,98601.1,158.96
1783574611,1234,98601.0,27.49,158.97,98601.09,158.96
1783574611,1235,98601.0,27.49,158.97,98601.07,158.97
1783574611,1236,98601.0,27.49,158.97,98601.05,158.97
1783574611,1237,98601.0,27.49,158.97,98601.05,158.97
1783574612,1238,98603.0,27.49,158.79,98601.15,158.96
1783574612,1239,98597.0,27.49,159.33,98600.43,159.02
1783574612,1240,98600.0,27.49,159.06,98600.36,159.03
1783574612,1241,98602.0,27.49,158.88,98600.64,159.0
1783574612,1242,98602.0,27.49,158.88,98600.88,158.98
1783574612,1243,98599.0,27.49,159.15,98600.55,159.01
1783574612,1244,98600.0,27.49,159.06,98600.46,159.02
1783574612,1245,98600.0,27.49,159.06,98600.38,159.03
1783574613,1246,98600.0,27.49,159.06,98600.38,159.03
1783574613,1247,98600.0,27.49,159.06,98600.28,159.04
1783574613,1248,98601.0,27.49,158.97,98600.41,159.02
1783574613,1249,98601.0,27.49,158.97,98600.51,159.01
1783574613,1250,98600.0,27.49,159.06,98600.42,159.02
1783574613,1251,98601.0,27.49,158.97,98600.52,159.01
1783574613,1252,98599.0,27.49,159.15,98600.26,159.04
1783574613,1253,98599.0,27.49,159.15,98600.04,159.06
1783574613,1254,98600.0,27.49,159.06,98600.03,159.06
1783574614,1255,98600.0,27.49,159.06,98600.03,159.06
1783574614,1256,98601.0,27.49,158.97,98600.38,159.03
1783574614,1257,98599.0,27.48,159.15,98600.14,159.05
1783574614,1258,98603.0,27.48,158.79,98600.63,159.0
1783574614,1259,98597.0,27.48,159.33,98600.01,159.06
1783574614,1260,98600.0,27.48,159.06,98600.01,159.06
1783574614,1261,98601.0,27.48,158.97,98600.18,159.04
1783574614,1262,98601.0,27.48,158.97,98600.32,159.03
1783574615,1263,98601.0,27.48,158.97,98600.44,159.02
1783574615,1264,98601.0,27.48,158.97,98600.44,159.02
1783574615,1265,98598.0,27.48,159.24,98600.26,159.04
1783574615,1266,98600.0,27.48,159.07,98600.21,159.05
1783574615,1267,98601.0,27.48,158.98,98600.34,159.03
1783574615,1268,98602.0,27.48,158.89,98600.63,159.01
1783574615,1269,98598.0,27.48,159.24,98600.18,159.05
1783574615,1270,98601.0,27.48,158.98,98600.32,159.04
1783574616,1271,98599.0,27.48,159.15,98600.09,159.06
1783574616,1272,98601.0,27.48,158.98,98600.25,159.04
1783574616,1273,98601.0,27.48,158.98,98600.25,159.04
1783574616,1274,98600.0,27.48,159.07,98600.06,159.06
1783574616,1275,98601.0,27.48,158.98,98600.23,159.05
1783574616,1276,98602.0,27.48,158.89,98600.53,159.02
1783574616,1277,98600.0,27.48,159.07,98600.44,159.03
1783574616,1278,98601.0,27.48,158.98,98600.53,159.02
1783574616,1279,98599.0,27.48,159.15,98600.27,159.04
1783574617,1280,98598.0,27.48,159.24,98599.88,159.08
1783574617,1281,98600.0,27.48,159.07,98599.9,159.07
1783574617,1282,98600.0,27.48,159.07,98599.9,159.07
1783574617,1283,98599.0,27.48,159.15,98599.73,159.09
1783574617,1284,98598.0,27.48,159.24,98599.44,159.12
1783574617,1285,98602.0,27.48,158.89,98599.88,159.08
1783574617,1286,98600.0,27.48,159.07,98599.91,159.07
1783574617,1287,98599.0,27.48,159.15,98599.75,159.09
1783574618,1288,98601.0,27.48,158.98,98599.97,159.07
1783574618,1289,98600.0,27.48,159.07,98599.98,159.07
1783574618,1290,98602.0,27.48,158.89,98600.33,159.04
1783574618,1291,98602.0,27.48,158.89,98600.33,159.04
1783574618,1292,98599.0,27.47,159.15,98600.29,159.04
1783574618,1293,98601.0,27.47,158.98,98600.41,159.03
1783574618,1294,98602.0,27.47,158.89,98600.69,159.0
1783574618,1295,98602.0,27.47,158.89,98600.91,158.98
1783574618,1296,98603.0,27.47,158.8,98601.27,158.95
1783574619,1297,98601.0,27.47,158.98,98601.23,158.96
1783574619,1298,98601.0,27.47,158.98,98601.19,158.96
1783574619,1299,98598.0,27.46,159.24,98600.64,159.01
1783574619,1300,98598.0,27.46,159.24,98600.64,159.01
1783574619,1301,98600.0,27.46,159.07,98600.47,159.02
1783574619,1302,98600.0,27.46,159.07,98600.39,159.03
1783574619,1303,98600.0,27.46,159.07,98600.32,159.04
1783574619,1304,98602.0,27.47,158.89,98600.61,159.02
1783574620,1305,98600.0,27.46,159.07,98600.51,159.03
1783574620,1306,98600.0,27.46,159.07,98600.42,159.03
1783574620,1307,98601.0,27.46,158.98,98600.52,159.02
1783574620,1308,98601.0,27.46,158.98,98600.61,159.02
1783574620,1309,98601.0,27.46,158.98,98600.61,159.02
1783574620,1310,98602.0,27.47,158.89,98600.67,159.01
1783574620,1311,98598.0,27.47,159.25,98600.21,159.05
1783574620,1312,98600.0,27.47,159.07,98600.17,159.06
1783574621,1313,98599.0,27.47,159.16,98599.97,159.07
1783574621,1314,98601.0,27.47,158.98,98600.15,159.06
1783574621,1315,98601.0,27.47,158.98,98600.3,159.04
1783574621,1316,98600.0,27.47,159.07,98600.24,159.05
1783574621,1317,98601.0,27.47,158.98,98600.38,159.04
1783574621,1318,98601.0,27.47,158.98,98600.38,159.04
1783574621,1319,98599.0,27.47,159.16,98599.73,159.09
1783574621,1320,98597.0,27.47,159.34,98599.27,159.14
1783574621,1321,98600.0,27.48,159.07,98599.39,159.12
1783574622,1322,98601.0,27.47,158.98,98599.67,159.1
1783574622,1323,98600.0,27.48,159.07,98599.73,159.1
1783574622,1324,98599.0,27.47,159.16,98599.6,159.11
1783574622,1325,98600.0,27.47,159.07,98599.67,159.1
1783574622,1326,98600.0,27.48,159.07,98599.73,159.1
1783574622,1327,98600.0,27.48,159.07,98599.73,159.1
1783574622,1328,98601.0,27.47,158.98,98599.69,159.1
1783574622,1329,98599.0,27.47,159.16,98599.57,159.11
1783574623,1330,98601.0,27.47,158.98,98599.82,159.09
1783574623,1331,98600.0,27.47,159.07,98599.85,159.08
1783574623,1332,98601.0,27.47,158.98,98600.05,159.07
1783574623,1333,98599.0,27.47,159.16,98599.87,159.08
1783574623,1334,98603.0,27.47,158.81,98600.41,159.03
1783574623,1335,98601.0,27.47,158.98,98600.51,159.03
1783574623,1336,98601.0,27.47,158.98,98600.51,159.03
1783574623,1337,98599.0,27.47,159.16,98600.07,159.06
1783574624,1338,98600.0,27.47,159.07,98600.05,159.07
1783574624,1339,98600.0,27.47,159.07,98600.05,159.07
1783574624,1340,98599.0,27.47,159.16,98599.87,159.08
1783574624,1341,98601.0,27.47,158.98,98600.06,159.06
1783574624,1342,98600.0,27.46,159.07,98600.05,159.07
1783574624,1343,98603.0,27.46,158.81,98600.56,159.02
1783574624,1344,98601.0,27.46,158.98,98600.64,159.01
1783574624,1345,98601.0,27.46,158.98,98600.64,159.01
1783574624,1346,98598.0,27.46,159.25,98600.2,159.05
1783574625,1347,98603.0,27.47,158.81,98600.68,159.01
1783574625,1348,98601.0,27.47,158.98,98600.73,159.01
1783574625,1349,98602.0,27.47,158.89,98600.95,158.99
1783574625,1350,98602.0,27.47,158.89,98601.13,158.97
1783574625,1351,98601.0,27.47,158.99,98601.11,158.98
1783574625,1352,98601.0,27.47,158.99,98601.09,158.98
1783574625,1353,98601.0,27.47,158.99,98601.08,158.98
1783574625,1354,98601.0,27.47,158.99,98601.08,158.98
1783574626,1355,98602.0,27.47,158.9,98601.12,158.98
1783574626,1356,98601.0,27.47,158.99,98601.09,158.98
1783574626,1357,98600.0,27.47,159.08,98600.91,159.0
1783574626,1358,98599.0,27.47,159.16,98600.58,159.02
1783574626,1359,98600.0,27.48,159.08,98600.48,159.03
1783574626,1360,98601.0,27.47,158.99,98600.57,159.03
1783574626,1361,98601.0,27.48,158.99,98600.64,159.02
1783574626,1362,98599.0,27.48,159.16,98600.36,159.04
1783574626,1363,98599.0,27.48,159.16,98600.36,159.04
1783574627,1364,98601.0,27.48,158.99,98600.82,159.0
1783574627,1365,98602.0,27.48,158.9,98601.02,158.99
1783574627,1366,98600.0,27.48,159.08,98600.84,159.0
1783574627,1367,98601.0,27.48,158.99,98600.87,159.0
1783574627,1368,98600.0,27.48,159.08,98600.72,159.01
1783574627,1369,98600.0,27.48,159.08,98600.59,159.02
1783574627,1370,98601.0,27.48,158.99,98600.66,159.02
1783574627,1371,98600.0,27.48,159.08,98600.55,159.03
1783574627,1372,98600.0,27.48,159.08,98600.55,159.03
1783574628,1373,98600.0,27.48,159.08,98600.45,159.04
1783574628,1374,98601.0,27.48,158.99,98600.54,159.03
1783574628,1375,98600.0,27.49,159.08,98600.45,159.04
1783574628,1376,98601.0,27.49,158.99,98600.54,159.03
1783574628,1377,98600.0,27.49,159.08,98600.45,159.04
1783574628,1378,98601.0,27.49,158.99,98600.54,159.03
1783574628,1379,98599.0,27.49,159.16,98600.27,159.05
1783574628,1380,98602.0,27.49,158.9,98600.57,159.03
1783574629,1381,98602.0,27.49,158.9,98600.57,159.03
1783574629,1382,98599.0,27.49,159.16,98601.05,158.98
1783574629,1383,98600.0,27.49,159.08,98600.87,159.0
1783574629,1384,98604.0,27.49,158.72,98601.41,158.95
1783574629,1385,98602.0,27.49,158.9,98601.51,158.94
1783574629,1386,98604.0,27.49,158.72,98601.94,158.9
1783574629,1387,98600.0,27.49,159.08,98601.6,158.93
1783574629,1388,98602.0,27.49,158.9,98601.67,158.93
1783574629,1389,98600.0,27.49,159.08,98601.38,158.95
1783574630,1390,98600.0,27.49,159.08,98601.38,158.95
1783574630,1391,98600.0,27.49,159.08,98601.39,158.96
1783574630,1392,98600.0,27.49,159.08,98601.15,158.98
1783574630,1393,98600.0,27.49,159.08,98600.95,159.0
1783574630,1394,98599.0,27.49,159.17,98600.62,159.03
1783574630,1395,98600.0,27.49,159.08,98600.51,159.04
1783574630,1396,98602.0,27.5,158.9,98600.77,159.01
1783574630,1397,98601.0,27.49,158.99,98600.8,159.01
1783574631,1398,98599.0,27.49,159.17,98600.49,159.04
1783574631,1399,98599.0,27.49,159.17,98600.49,159.04
1783574631,1400,98600.0,27.49,159.08,98600.64,159.02
1783574631,1401,98600.0,27.49,159.08,98600.53,159.03
1783574631,1402,98601.0,27.5,158.99,98600.61,159.03
1783574631,1403,98601.0,27.5,158.99,98600.68,159.02
1783574631,1404,98600.0,27.49,159.08,98600.56,159.03
1783574631,1405,98600.0,27.49,159.08,98600.47,159.04
1783574632,1406,98601.0,27.49,158.99,98600.56,159.03
1783574632,1407,98601.0,27.49,158.99,98600.64,159.02
1783574632,1408,98601.0,27.49,158.99,98600.64,159.02
1783574632,1409,98600.0,27.49,159.08,98600.7,159.02
1783574632,1410,98602.0,27.49,158.9,98600.93,159.0
1783574632,1411,98602.0,27.49,158.9,98601.12,158.98
1783574632,1412,98600.0,27.49,159.08,98600.92,159.0
1783574632,1413,98602.0,27.49,158.9,98601.11,158.98
1783574632,1414,98599.0,27.49,159.17,98600.74,159.02
1783574633,1415,98601.0,27.49,158.99,98600.79,159.01
1783574633,1416,98601.0,27.5,158.99,98600.83,159.01
1783574633,1417,98601.0,27.5,158.99,98600.83,159.01
1783574633,1418,98600.0,27.49,159.08,98600.27,159.06
1783574633,1419,98602.0,27.49,158.9,98600.57,159.03
1783574633,1420,98599.0,27.49,159.17,98600.3,159.05
1783574633,1421,98601.0,27.49,158.99,98600.42,159.04
1783574633,1422,98603.0,27.49,158.82,98600.87,159.0
1783574634,1423,98601.0,27.49,158.99,98600.89,159.0
1783574634,1424,98600.0,27.49,159.08,98600.73,159.02
1783574634,1425,98602.0,27.49,158.9,98600.95,159.0
1783574634,1426,98602.0,27.49,158.9,98600.95,159.0
1783574634,1427,98602.0,27.5,158.9,98601.13,158.98
1783574634,1428,98602.0,27.49,158.9,98601.27,158.97
1783574634,1429,98603.0,27.5,158.82,98601.57,158.94
1783574634,1430,98601.0,27.49,158.99,98601.47,158.95
1783574635,1431,98603.0,27.49,158.82,98601.73,158.93
1783574635,1432,98601.0,27.5,158.99,98601.61,158.94
1783574635,1433,98599.0,27.5,159.17,98601.16,158.98
1783574635,1434,98600.0,27.5,159.09,98600.95,159.0
1783574635,1435,98600.0,27.5,159.09,98600.95,159.0
1783574635,1436,98601.0,27.5,159.0,98600.41,159.05
1783574635,1437,98603.0,27.5,158.82,98600.85,159.01
1783574635,1438,98601.0,27.5,159.0,98600.88,159.01
1783574635,1439,98601.0,27.5,158.99,98600.9,159.0
1783574636,1440,98603.0,27.5,158.82,98601.26,158.97
1783574636,1441,98599.0,27.5,159.17,98600.87,159.0
1783574636,1442,98600.0,27.49,159.08,98600.72,159.02
1783574636,1443,98601.0,27.49,158.99,98600.77,159.01
1783574636,1444,98601.0,27.49,158.99,98600.77,159.01
1783574636,1445,98599.0,27.48,159.17,98600.18,159.07
1783574636,1446,98599.0,27.48,159.17,98599.98,159.08
1783574636,1447,98601.0,27.48,158.99,98600.16,159.07
1783574637,1448,98601.0,27.48,158.99,98600.3,159.05
1783574637,1449,98599.0,27.48,159.17,98600.08,159.07
1783574637,1450,98602.0,27.48,158.9,98600.41,159.05
1783574637,1451,98600.0,27.48,159.08,98600.34,159.05
1783574637,1452,98599.0,27.48,159.17,98600.11,159.07
1783574637,1453,98599.0,27.48,159.17,98600.11,159.07
1783574637,1454,98600.0,27.48,159.08,98600.34,159.05
1783574637,1455,98598.0,27.48,159.26,98599.93,159.09
1783574638,1456,98601.0,27.48,158.99,98600.12,159.07
1783574638,1457,98602.0,27.48,158.9,98600.45,159.04
1783574638,1458,98599.0,27.48,159.17,98600.2,159.06
1783574638,1459,98603.0,27.48,158.82,98600.68,159.02
1783574638,1460,98601.0,27.48,158.99,98600.73,159.02
1783574638,1461,98602.0,27.49,158.9,98600.95,159.0
1783574638,1462,98602.0,27.49,158.9,98600.95,159.0
1783574638,1463,98599.0,27.49,159.17,98600.59,159.03
1783574638,1464,98602.0,27.49,158.9,98600.84,159.01
1783574639,1465,98598.0,27.48,159.26,98600.34,159.05
1783574639,1466,98600.0,27.49,159.08,98600.28,159.06
1783574639,1467,98599.0,27.48,159.17,98600.06,159.08
1783574639,1468,98601.0,27.49,158.99,98600.23,159.06
1783574639,1469,98602.0,27.49,158.9,98600.53,159.03
1783574639,1470,98602.0,27.49,158.9,98600.78,159.01
1783574639,1471,98602.0,27.49,158.9,98600.78,159.01
1783574639,1472,98601.0,27.49,158.99,98600.76,159.01
1783574640,1473,98600.0,27.49,159.08,98600.63,159.03
1783574640,1474,98600.0,27.49,159.08,98600.52,159.04
1783574640,1475,98600.0,27.49,159.08,98600.43,159.04
1783574640,1476,98603.0,27.49,158.82,98600.88,159.0
1783574640,1477,98601.0,27.49,158.99,98600.9,159.0
1783574640,1478,98602.0,27.49,158.9,98601.09,158.98
1783574640,1479,98599.0,27.49,159.17,98600.73,159.02
1783574640,1480,98599.0,27.49,159.17,98600.73,159.02
1783574641,1481,98601.0,27.49,158.99,98600.7,159.02
1783574641,1482,98601.0,27.49,158.99,98600.76,159.01
1783574641,1483,98601.0,27.49,158.99,98600.8,159.01
1783574641,1484,98600.0,27.48,159.08,98600.66,159.02
1783574641,1485,98603.0,27.48,158.82,98601.06,158.99
1783574641,1486,98601.0,27.48,158.99,98601.05,158.99
1783574641,1487,98601.0,27.48,158.99,98601.05,158.99
1783574641,1488,98600.0,27.49,159.08,98600.87,159.0
1783574641,1489,98600.0,27.49,159.08,98600.87,159.0
1783574642,1490,98600.0,27.49,159.08,98600.29,159.06
1783574642,1491,98599.0,27.48,159.17,98600.07,159.07
1783574642,1492,98600.0,27.49,159.08,98600.05,159.08
1783574642,1493,98601.0,27.49,158.99,98600.22,159.06
1783574642,1494,98602.0,27.49,158.9,98600.52,159.03
1783574642,1495,98601.0,27.48,158.99,98600.61,159.03
1783574642,1496,98600.0,27.48,159.08,98600.51,159.04
1783574642,1497,98599.0,27.49,159.17,98600.25,159.06
1783574642,1498,98599.0,27.49,159.17,98600.25,159.06
1783574643,1499,98600.0,27.49,159.08,98600.24,159.06
1783574643,1500,98600.0,27.49,159.08,98600.2,159.06
1783574643,1501,98598.0,27.49,159.26,98599.82,159.1
1783574643,1502,98598.0,27.49,159.26,98599.51,159.12
1783574643,1503,98601.0,27.49,158.99,98599.77,159.1
1783574643,1504,98598.0,27.49,159.26,98599.46,159.13
1783574643,1505,98598.0,27.49,159.26,98599.21,159.15
1783574643,1506,98601.0,27.49,158.99,98599.52,159.12
1783574643,1507,98601.0,27.49,158.99,98599.52,159.12
1783574644,1508,98601.0,27.49,158.99,98600.13,159.07
1783574644,1509,98599.0,27.49,159.17,98599.94,159.09
1783574644,1510,98600.0,27.49,159.08,98599.95,159.09
1783574644,1511,98600.0,27.49,159.08,98599.95,159.09
1783574644,1512,98602.0,27.49,158.9,98600.3,159.05
1783574644,1513,98600.0,27.49,159.08,98600.25,159.06
1783574644,1514,98600.0,27.49,159.08,98600.2,159.06
1783574644,1515,98599.0,27.49,159.17,98599.99,159.08
1783574645,1516,98599.0,27.49,159.17,98599.99,159.08
1783574645,1517,98602.0,27.5,158.9,98600.29,159.06
1783574645,1518,98601.0,27.49,158.99,98600.41,159.04
1783574645,1519,98602.0,27.5,158.91,98600.69,159.03
1783574645,1520,98601.0,27.5,159.0,98600.74,159.02
1783574645,1521,98600.0,27.5,159.09,98600.62,159.03
1783574645,1522,98602.0,27.5,158.91,98600.86,159.01
1783574645,1523,98600.0,27.5,159.09,98600.71,159.02
1783574646,1524,98601.0,27.5,159.0,98600.76,159.02
1783574646,1525,98601.0,27.5,159.0,98600.76,159.02
1783574646,1526,98602.0,27.5,158.91,98601.01,159.0
1783574646,1527,98601.0,27.5,159.0,98601.01,159.0
1783574646,1528,98598.0,27.5,159.26,98600.49,159.04
1783574646,1529,98603.0,27.5,158.82,98600.92,159.01
1783574646,1530,98602.0,27.5,158.91,98601.11,158.99
1783574646,1531,98603.0,27.51,158.82,98601.44,158.96
1783574646,1532,98601.0,27.5,159.0,98601.36,158.97
1783574647,1533,98602.0,27.51,158.91,98601.47,158.96
1783574647,1534,98602.0,27.51,158.91,98601.47,158.96
1783574647,1535,98600.0,27.51,159.09,98601.41,158.96
1783574647,1536,98601.0,27.51,159.0,98601.34,158.97
1783574647,1537,98602.0,27.51,158.91,98601.45,158.96
1783574647,1538,98602.0,27.5,158.91,98601.55,158.95
1783574647,1539,98599.0,27.5,159.18,98601.11,158.99
1783574647,1540,98599.0,27.5,159.18,98600.74,159.02
1783574648,1541,98598.0,27.51,159.26,98600.27,159.06
1783574648,1542,98599.0,27.5,159.18,98600.05,159.08
1783574648,1543,98599.0,27.5,159.18,98600.05,159.08
1783574648,1544,98601.0,27.5,159.0,98600.31,159.06
1783574648,1545,98602.0,27.51,158.91,98600.6,159.04
1783574648,1546,98602.0,27.5,158.91,98600.84,159.02
1783574648,1547,98604.0,27.5,158.74,98601.39,158.97
1783574648,1548,98602.0,27.5,158.91,98601.49,158.96
1783574649,1549,98601.0,27.5,159.0,98601.41,158.97
1783574649,1550,98599.0,27.5,159.18,98600.99,159.0
1783574649,1551,98602.0,27.5,158.91,98601.16,158.99
1783574649,1552,98602.0,27.5,158.91,98601.16,158.99
1783574649,1553,98601.0,27.5,159.0,98601.36,158.97
1783574649,1554,98600.0,27.49,159.09,98601.13,158.99
1783574649,1555,98600.0,27.49,159.09,98600.93,159.01
1783574649,1556,98600.0,27.49,159.09,98600.77,159.02
1783574649,1557,98603.0,27.49,158.83,98601.15,158.99
1783574650,1558,98597.0,27.49,159.36,98600.43,159.05
1783574650,1559,98599.0,27.49,159.18,98600.18,159.08
1783574650,1560,98600.0,27.49,159.09,98600.15,159.08
1783574650,1561,98600.0,27.49,159.09,98600.15,159.08
1783574650,1562,98599.0,27.49,159.18,98600.14,159.08
1783574650,1563,98601.0,27.49,159.0,98600.29,159.07
1783574650,1564,98602.0,27.49,158.91,98600.59,159.04
1783574650,1565,98599.0,27.49,159.18,98600.31,159.06
1783574651,1566,98600.0,27.49,159.09,98600.26,159.07
1783574651,1567,98598.0,27.5,159.27,98599.87,159.1
1783574651,1568,98603.0,27.5,158.83,98600.41,159.06
1783574651,1569,98599.0,27.5,159.18,98600.16,159.08
1783574651,1570,98599.0,27.5,159.18,98600.16,159.08
1783574651,1571,98601.0,27.5,159.0,98600.97,159.01
1783574651,1572,98598.0,27.5,159.27,98600.45,159.05
1783574651,1573,98602.0,27.5,158.91,98600.72,159.03
1783574652,1574,98600.0,27.5,159.09,98600.59,159.04
1783574652,1575,98601.0,27.5,159.0,98600.66,159.03
1783574652,1576,98602.0,27.51,158.91,98600.89,159.01
1783574652,1577,98599.0,27.5,159.18,98600.56,159.04
1783574652,1578,98602.0,27.5,158.91,98600.81,159.02
1783574652,1579,98602.0,27.5,158.91,98600.81,159.02
1783574652,1580,98602.0,27.51,158.91,98600.97,159.01
1783574652,1581,98603.0,27.5,158.83,98601.32,158.97
1783574652,1582,98602.0,27.5,158.91,98601.44,158.96
1783574653,1583,98603.0,27.5,158.83,98601.7,158.94
1783574653,1584,98604.0,27.51,158.74,98602.1,158.91
1783574653,1585,98601.0,27.5,159.0,98601.91,158.92
1783574653,1586,98601.0,27.5,159.0,98601.76,158.94
1783574653,1587,98601.0,27.51,159.0,98601.63,158.95
1783574653,1588,98601.0,27.51,159.0,98601.63,158.95
1783574653,1589,98601.0,27.5,159.0,98601.09,158.99
1783574653,1590,98600.0,27.5,159.09,98600.91,159.01
1783574654,1591,98601.0,27.5,159.0,98600.92,159.01
1783574654,1592,98599.0,27.5,159.18,98600.59,159.04
1783574654,1593,98601.0,27.5,159.0,98600.66,159.03
1783574654,1594,98597.0,27.5,159.36,98600.03,159.09
1783574654,1595,98600.0,27.5,159.09,98600.02,159.09
1783574654,1596,98600.0,27.5,159.09,98600.02,159.09
1783574654,1597,98600.0,27.5,159.09,98600.02,159.09
1783574654,1598,98600.0,27.5,159.09,98600.44,159.05
1783574654,1599,98603.0,27.49,158.82,98600.88,159.01
1783574655,1600,98601.0,27.5,159.0,98600.91,159.01
1783574655,1601,98601.0,27.5,159.0,98600.92,159.01
1783574655,1602,98604.0,27.5,158.73,98601.45,158.96
1783574655,1603,98600.0,27.5,159.09,98601.2,158.98
1783574655,1604,98600.0,27.5,159.09,98600.99,159.0
1783574655,1605,98600.0,27.5,159.09,98600.82,159.01
1783574655,1606,98600.0,27.5,159.09,98600.82,159.01
1783574655,1607,98602.0,27.5,158.91,98600.56,159.04
1783574656,1608,98601.0,27.5,159.0,98600.64,159.03
1783574656,1609,98601.0,27.5,159.0,98600.7,159.02
1783574656,1610,98598.0,27.5,159.26,98600.23,159.07
1783574656,1611,98602.0,27.5,158.9,98600.54,159.03
1783574656,1612,98601.0,27.5,158.99,98600.62,159.03
1783574656,1613,98601.0,27.5,158.99,98600.68,159.02
1783574656,1614,98602.0,27.5,158.9,98600.91,159.0
1783574656,1615,98602.0,27.5,158.9,98600.91,159.0
1783574657,1616,98600.0,27.49,159.08,98600.7,159.02
1783574657,1617,98598.0,27.49,159.26,98600.23,159.06
1783574657,1618,98601.0,27.49,158.99,98600.37,159.05
1783574657,1619,98599.0,27.49,159.17,98600.13,159.07
1783574657,1620,98600.0,27.48,159.08,98600.11,159.07
1783574657,1621,98598.0,27.48,159.26,98599.74,159.1
1783574657,1622,98601.0,27.48,158.99,98599.96,159.08
1783574657,1623,98602.0,27.48,158.9,98600.31,159.05
1783574657,1624,98602.0,27.48,158.9,98600.31,159.05
1783574658,1625,98600.0,27.48,159.08,98600.84,159.0
1783574658,1626,98600.0,27.48,159.08,98600.7,159.01
1783574658,1627,98602.0,27.48,158.9,98600.92,158.99
1783574658,1628,98600.0,27.48,159.08,98600.77,159.01
1783574658,1629,98603.0,27.48,158.81,98601.15,158.97
1783574658,1630,98600.0,27.48,159.08,98600.95,158.99
1783574658,1631,98602.0,27.48,158.9,98601.13,158.98
1783574658,1632,98598.0,27.48,159.25,98600.59,159.02
1783574658,1633,98598.0,27.48,159.25,98600.59,159.02
1783574659,1634,98599.0,27.48,159.16,98600.48,159.03
1783574659,1635,98604.0,27.48,158.72,98601.09,158.98
1783574659,1636,98601.0,27.48,158.99,98601.08,158.98
1783574659,1637,98601.0,27.48,158.99,98601.06,158.98
1783574659,1638,98598.0,27.48,159.25,98600.53,159.03
1783574659,1639,98600.0,27.48,159.08,98600.44,159.04
1783574659,1640,98603.0,27.49,158.81,98600.88,159.0
1783574659,1641,98601.0,27.48,158.98,98600.91,158.99
1783574660,1642,98601.0,27.48,158.98,98600.91,158.99
1783574660,1643,98599.0,27.48,159.16,98600.13,159.06
1783574660,1644,98602.0,27.49,158.89,98600.45,159.03
1783574660,1645,98600.0,27.48,159.07,98600.38,159.04
1783574660,1646,98599.0,27.49,159.16,98600.14,159.06
1783574660,1647,98600.0,27.48,159.07,98600.12,159.06
1783574660,1648,98598.0,27.48,159.25,98599.75,159.09
1783574660,1649,98603.0,27.48,158.81,98600.31,159.04
1783574660,1650,98603.0,27.48,158.81,98600.77,159.0
1783574661,1651,98603.0,27.48,158.81,98600.77,159.0
1783574661,1652,98601.0,27.47,158.98,98600.77,159.0
1783574661,1653,98602.0,27.47,158.89,98600.98,158.98
1783574661,1654,98601.0,27.47,158.98,98600.98,158.98
1783574661,1655,98600.0,27.47,159.07,98600.81,159.0
1783574661,1656,98600.0,27.47,159.07,98600.67,159.01
1783574661,1657,98600.0,27.47,159.07,98600.55,159.02
1783574661,1658,98600.0,27.47,159.07,98600.46,159.03
1783574662,1659,98600.0,27.47,159.07,98600.38,159.04
1783574662,1660,98600.0,27.47,159.07,98600.38,159.04
1783574662,1661,98602.0,27.47,158.9,98601.02,158.99
1783574662,1662,98599.0,27.47,159.16,98600.67,159.02
1783574662,1663,98602.0,27.47,158.9,98600.9,159.0
1783574662,1664,98597.0,27.46,159.34,98600.23,159.06
1783574662,1665,98601.0,27.47,158.99,98600.36,159.04
1783574662,1666,98601.0,27.47,158.99,98600.47,159.03
1783574663,1667,98601.0,27.47,158.99,98600.56,159.03
1783574663,1668,98602.0,27.47,158.9,98600.81,159.0
1783574663,1669,98602.0,27.47,158.9,98600.81,159.0
1783574663,1670,98601.0,27.47,158.99,98600.41,159.04
1783574663,1671,98599.0,27.47,159.16,98600.17,159.06
1783574663,1672,98603.0,27.47,158.81,98600.66,159.02
1783574663,1673,98600.0,27.47,159.08,98600.55,159.03
1783574663,1674,98601.0,27.47,158.99,98600.63,159.02
1783574663,1675,98601.0,27.47,158.99,98600.69,159.02
1783574664,1676,98601.0,27.47,158.99,98600.74,159.01
1783574664,1677,98600.0,27.47,159.08,98600.62,159.02
1783574664,1678,98600.0,27.47,159.08,98600.62,159.02
1783574664,1679,98597.0,27.47,159.34,98600.13,159.06
1783574664,1680,98601.0,27.47,158.98,98600.28,159.05
1783574664,1681,98602.0,27.47,158.89,98600.58,159.02
1783574664,1682,98603.0,27.47,158.81,98600.99,158.98
1783574664,1683,98602.0,27.47,158.89,98601.16,158.97
1783574665,1684,98600.0,27.47,159.07,98600.96,158.99
1783574665,1685,98603.0,27.47,158.81,98601.31,158.95
1783574665,1686,98601.0,27.47,158.98,98601.26,158.96
1783574665,1687,98601.0,27.47,158.98,98601.26,158.96
1783574665,1688,98602.0,27.47,158.89,98601.99,158.89
1783574665,1689,98603.0,27.47,158.81,98602.16,158.88
1783574665,1690,98601.0,27.47,158.98,98601.96,158.9
1783574665,1691,98603.0,27.47,158.81,98602.14,158.88
1783574666,1692,98600.0,27.47,159.07,98601.77,158.91
1783574666,1693,98602.0,27.47,158.89,98601.81,158.91
1783574666,1694,98599.0,27.47,159.16,98601.33,158.95
1783574666,1695,98603.0,27.47,158.81,98601.62,158.93
1783574666,1696,98603.0,27.47,158.81,98601.62,158.93
1783574666,1697,98601.0,27.47,158.98,98600.57,159.02
1783574666,1698,98601.0,27.46,158.98,98600.64,159.01
1783574666,1699,98600.0,27.46,159.07,98600.53,159.02
1783574666,1700,98600.0,27.46,159.07,98600.44,159.03
1783574667,1701,98602.0,27.46,158.89,98600.7,159.0
1783574667,1702,98601.0,27.46,158.98,98600.76,159.0
1783574667,1703,98602.0,27.46,158.89,98600.97,158.98
1783574667,1704,98603.0,27.45,158.8,98601.32,158.95
1783574667,1705,98603.0,27.45,158.8,98601.32,158.95
1783574667,1706,98601.0,27.45,158.98,98601.39,158.94
1783574667,1707,98600.0,27.44,159.07,98601.15,158.96
1783574667,1708,98601.0,27.44,158.98,98601.13,158.97
1783574668,1709,98599.0,27.44,159.15,98600.76,159.0
1783574668,1710,98602.0,27.44,158.89,98600.97,158.98
1783574668,1711,98599.0,27.44,159.15,98600.63,159.01
1783574668,1712,98600.0,27.44,159.07,98600.52,159.02
1783574668,1713,98599.0,27.44,159.15,98600.26,159.04
1783574668,1714,98599.0,27.44,159.15,98600.26,159.04
1783574668,1715,98600.0,27.44,159.07,98600.36,159.03
1783574668,1716,98599.0,27.45,159.15,98600.13,159.05
1783574668,1717,98601.0,27.45,158.98,98600.27,159.04
1783574669,1718,98599.0,27.45,159.15,98600.05,159.06
1783574669,1719,98601.0,27.45,158.98,98600.22,159.05
1783574669,1720,98602.0,27.45,158.89,98600.52,159.02
1783574669,1721,98600.0,27.45,159.07,98600.43,159.03
1783574669,1722,98599.0,27.45,159.15,98600.18,159.05
1783574669,1723,98599.0,27.45,159.15,98600.18,159.05
1783574669,1724,98601.0,27.46,158.98,98600.21,159.05
1783574669,1725,98602.0,27.46,158.89,98600.52,159.02
1783574670,1726,98599.0,27.46,159.15,98600.26,159.04
1783574670,1727,98599.0,27.46,159.15,98600.04,159.06
1783574670,1728,98600.0,27.46,159.07,98600.03,159.06
1783574670,1729,98599.0,27.46,159.15,98599.85,159.08
1783574670,1730,98600.0,27.46,159.07,98599.88,159.08
1783574670,1731,98602.0,27.46,158.89,98600.24,159.04
1783574670,1732,98602.0,27.46,158.89,98600.24,159.04
1783574670,1733,98601.0,27.46,158.98,98601.02,158.97
1783574671,1734,98600.0,27.47,159.07,98600.84,158.99
1783574671,1735,98599.0,27.46,159.16,98600.52,159.02
1783574671,1736,98602.0,27.46,158.89,98600.78,159.0
1783574671,1737,98601.0,27.46,158.98,98600.82,158.99
1783574671,1738,98601.0,27.47,158.98,98600.85,158.99
1783574671,1739,98602.0,27.47,158.89,98601.05,158.97
1783574671,1740,98601.0,27.47,158.98,98601.04,158.97
1783574671,1741,98601.0,27.47,158.98,98601.04,158.97
1783574671,1742,98599.0,27.46,159.15,98600.41,159.03
1783574672,1743,98601.0,27.47,158.98,98600.51,159.02
1783574672,1744,98603.0,27.46,158.8,98600.94,158.98
1783574672,1745,98604.0,27.46,158.71,98601.47,158.93
1783574672,1746,98598.0,27.46,159.24,98600.87,158.99
1783574672,1747,98601.0,27.46,158.98,98600.89,158.99
1783574672,1748,98600.0,27.46,159.07,98600.73,159.0
1783574672,1749,98600.0,27.46,159.07,98600.61,159.01
1783574672,1750,98600.0,27.46,159.07,98600.61,159.01
1783574673,1751,98600.0,27.46,159.07,98600.39,159.04
1783574673,1752,98602.0,27.46,158.89,98600.67,159.01
1783574673,1753,98603.0,27.46,158.81,98601.07,158.98
1783574673,1754,98602.0,27.46,158.89,98601.23,158.96
1783574673,1755,98600.0,27.46,159.07,98601.02,158.98
1783574673,1756,98605.0,27.46,158.63,98601.71,158.92
1783574673,1757,98598.0,27.46,159.25,98601.07,158.98
1783574673,1758,98602.0,27.46,158.89,98601.23,158.96
1783574673,1759,98602.0,27.46,158.89,98601.23,158.96
1783574674,1760,98600.0,27.46,159.07,98601.11,158.97
1783574674,1761,98601.0,27.46,158.98,98601.09,158.97
1783574674,1762,98602.0,27.46,158.89,98601.25,158.96
1783574674,1763,98600.0,27.46,159.07,98601.03,158.98
1783574674,1764,98601.0,27.46,158.98,98601.02,158.98
1783574674,1765,98600.0,27.46,159.07,98600.84,159.0
1783574674,1766,98599.0,27.46,159.16,98600.52,159.02
1783574674,1767,98601.0,27.46,158.98,98600.61,159.02
1783574674,1768,98601.0,27.46,158.98,98600.61,159.02
1783574675,1769,98601.0,27.46,158.98,98600.58,159.02
1783574675,1770,98601.0,27.46,158.98,98600.65,159.01
1783574675,1771,98599.0,27.46,159.16,98600.37,159.04
1783574675,1772,98600.0,27.46,159.07,98600.3,159.04
1783574675,1773,98602.0,27.47,158.9,98600.59,159.02
1783574675,1774,98602.0,27.46,158.9,98600.84,159.0
1783574675,1775,98601.0,27.46,158.99,98600.87,159.0
1783574675,1776,98600.0,27.46,159.08,98600.72,159.01
1783574676,1777,98600.0,27.46,159.08,98600.72,159.01
1783574676,1778,98600.0,27.47,159.08,98600.52,159.03
1783574676,1779,98601.0,27.47,158.99,98600.61,159.02
1783574676,1780,98601.0,27.47,158.99,98600.68,159.02
1783574676,1781,98601.0,27.47,158.99,98600.73,159.01
1783574676,1782,98600.0,27.47,159.08,98600.61,159.02
1783574676,1783,98600.0,27.47,159.08,98600.51,159.03
1783574676,1784,98601.0,27.47,158.99,98600.59,159.02
1783574677,1785,98600.0,27.47,159.08,98600.49,159.03
1783574677,1786,98600.0,27.47,159.08,98600.49,159.03
1783574677,1787,98601.0,27.47,158.99,98600.73,159.01
1783574677,1788,98600.0,27.47,159.08,98600.61,159.02
1783574677,1789,98600.0,27.47,159.08,98600.51,159.03
1783574677,1790,98598.0,27.47,159.25,98600.08,159.07
1783574677,1791,98600.0,27.47,159.08,98600.06,159.07
1783574677,1792,98602.0,27.47,158.9,98600.4,159.04
1783574677,1793,98600.0,27.47,159.08,98600.33,159.05
1783574678,1794,98598.0,27.47,159.26,98599.93,159.09
1783574678,1795,98598.0,27.47,159.26,98599.93,159.09
1783574678,1796,98600.0,27.47,159.08,98600.92,159.0
1783574678,1797,98600.0,27.47,159.08,98600.77,159.01
1783574678,1798,98599.0,27.47,159.17,98600.46,159.04
1783574678,1799,98601.0,27.47,158.99,98600.55,159.03
1783574678,1800,98600.0,27.47,159.08,98600.46,159.04
1783574678,1801,98601.0,27.47,158.99,98600.55,159.03
1783574679,1802,98600.0,27.47,159.08,98600.46,159.04
1783574679,1803,98600.0,27.47,159.08,98600.38,159.05
1783574679,1804,98600.0,27.47,159.08,98600.38,159.05
1783574679,1805,98599.0,27.47,159.17,98600.1,159.07
1783574679,1806,98598.0,27.47,159.26,98599.74,159.1
1783574679,1807,98601.0,27.47,158.99,98599.96,159.08
1783574679,1808,98603.0,27.47,158.82,98600.48,159.04
1783574679,1809,98599.0,27.47,159.17,98600.23,159.06
1783574680,1810,98602.0,27.47,158.9,98600.53,159.03
1783574680,1811,98600.0,27.47,159.09,98600.44,159.05
1783574680,1812,98599.0,27.47,159.18,98600.19,159.07
1783574680,1813,98599.0,27.47,159.18,98600.19,159.07
1783574680,1814,98601.0,27.47,159.0,98600.86,159.01
1783574680,1815,98601.0,27.47,159.0,98600.88,159.01
1783574680,1816,98601.0,27.47,159.0,98600.91,159.01
1783574680,1817,98601.0,27.47,159.0,98600.92,159.01
1783574680,1818,98603.0,27.47,158.82,98601.28,158.97
1783574681,1819,98601.0,27.47,159.0,98601.23,158.98
1783574681,1820,98599.0,27.47,159.18,98600.85,159.01
1783574681,1821,98602.0,27.47,158.91,98601.05,158.99
1783574681,1822,98602.0,27.47,158.91,98601.05,158.99
1783574681,1823,98602.0,27.46,158.91,98600.41,159.05
1783574681,1824,98600.0,27.46,159.09,98600.34,159.06
1783574681,1825,98601.0,27.46,159.0,98600.45,159.05
1783574681,1826,98601.0,27.46,159.0,98600.55,159.04
1783574682,1827,98600.0,27.46,159.09,98600.45,159.05
1783574682,1828,98603.0,27.46,158.83,98600.89,159.01
1783574682,1829,98601.0,27.46,159.0,98600.91,159.01
1783574682,1830,98603.0,27.46,158.83,98601.27,158.98
1783574682,1831,98603.0,27.46,158.83,98601.27,158.98
1783574682,1832,98601.0,27.45,159.0,98601.08,159.0
1783574682,1833,98600.0,27.45,159.09,98600.89,159.01
1783574682,1834,98598.0,27.45,159.27,98600.39,159.06
1783574682,1835,98600.0,27.45,159.09,98600.32,159.06
1783574683,1836,98603.0,27.45,158.83,98600.78,159.03
1783574683,1837,98601.0,27.45,159.01,98600.82,159.02
1783574683,1838,98599.0,27.45,159.19,98600.51,159.05
1783574683,1839,98602.0,27.46,158.92,98600.77,159.03
1783574683,1840,98602.0,27.46,158.92,98600.77,159.03
1783574683,1841,98599.0,27.46,159.19,98600.33,159.07
1783574683,1842,98603.0,27.46,158.83,98600.79,159.03
1783574683,1843,98600.0,27.46,159.1,98600.66,159.04
1783574684,1844,98603.0,27.46,158.83,98601.06,159.0
1783574684,1845,98600.0,27.46,159.1,98600.88,159.02
1783574684,1846,98601.0,27.46,159.01,98600.91,159.02
1783574684,1847,98602.0,27.46,158.92,98601.09,159.0
1783574684,1848,98600.0,27.46,159.1,98600.91,159.02
1783574684,1849,98600.0,27.46,159.1,98600.91,159.02
1783574684,1850,98601.0,27.46,159.01,98601.43,158.98
1783574684,1851,98600.0,27.46,159.1,98601.18,159.0
1783574685,1852,98600.0,27.46,159.1,98600.98,159.02
1783574685,1853,98599.0,27.46,159.19,98600.63,159.05
1783574685,1854,98603.0,27.47,158.84,98601.04,159.01
1783574685,1855,98601.0,27.46,159.01,98601.03,159.01
1783574685,1856,98600.0,27.47,159.1,98600.85,159.03
1783574685,1857,98604.0,27.47,158.75,98601.39,158.98
1783574685,1858,98604.0,27.47,158.75,98601.39,158.98
1783574685,1859,98603.0,27.46,158.84,98601.32,158.99
1783574685,1860,98601.0,27.47,159.01,98601.27,158.99
1783574686,1861,98603.0,27.47,158.84,98601.56,158.96
1783574686,1862,98604.0,27.47,158.75,98601.98,158.93
1783574686,1863,98600.0,27.47,159.1,98601.64,158.96
1783574686,1864,98600.0,27.47,159.1,98601.36,158.98
1783574686,1865,98600.0,27.46,159.11,98601.13,159.01
1783574686,1866,98599.0,27.47,159.2,98600.76,159.04
1783574686,1867,98599.0,27.47,159.2,98600.76,159.04
1783574686,1868,98600.0,27.46,159.11,98600.38,159.07
1783574687,1869,98600.0,27.46,159.11,98600.32,159.08
1783574687,1870,98599.0,27.46,159.2,98600.09,159.1
1783574687,1871,98599.0,27.46,159.2,98599.91,159.12
1783574687,1872,98603.0,27.46,158.84,98600.44,159.07
1783574687,1873,98603.0,27.46,158.84,98600.88,159.03
1783574687,1874,98601.0,27.46,159.02,98600.91,159.03
1783574687,1875,98600.0,27.46,159.11,98600.75,159.05
1783574687,1876,98600.0,27.46,159.11,98600.75,159.05
1783574688,1877,98600.0,27.46,159.11,98600.84,159.04
1783574688,1878,98601.0,27.46,159.02,98600.87,159.04
1783574688,1879,98603.0,27.46,158.85,98601.23,159.0
1783574688,1880,98600.0,27.46,159.11,98601.02,159.02
1783574688,1881,98600.0,27.46,159.11,98600.84,159.04
1783574688,1882,98602.0,27.46,158.94,98601.05,159.02
1783574688,1883,98602.0,27.46,158.94,98601.21,159.01
1783574688,1884,98601.0,27.46,159.02,98601.17,159.01
1783574688,1885,98601.0,27.46,159.02,98601.17,159.01
1783574689,1886,98602.0,27.46,158.94,98601.56,158.97
1783574689,1887,98603.0,27.46,158.85,98601.81,158.95
1783574689,1888,98601.0,27.46,159.02,98601.67,158.97
1783574689,1889,98601.0,27.46,159.02,98601.55,158.98
1783574689,1890,98601.0,27.46,159.02,98601.46,158.98
1783574689,1891,98602.0,27.46,158.94,98601.55,158.98
1783574689,1892,98601.0,27.46,159.02,98601.46,158.98
1783574689,1893,98600.0,27.46,159.11,98601.21,159.01
1783574689,1894,98600.0,27.46,159.11,98601.21,159.01
1783574690,1895,98600.0,27.46,159.11,98600.66,159.05
1783574690,1896,98600.0,27.45,159.11,98600.55,159.06
1783574690,1897,98604.0,27.46,158.76,98601.14,159.02
1783574690,1898,98601.0,27.46,159.03,98601.12,159.02
1783574690,1899,98600.0,27.46,159.12,98600.92,159.04
1783574690,1900,98600.0,27.46,159.12,98600.77,159.05
1783574690,1901,98602.0,27.46,158.94,98600.98,159.03
1783574690,1902,98602.0,27.45,158.94,98601.16,159.02
1783574691,1903,98602.0,27.45,158.94,98601.16,159.02
1783574691,1904,98602.0,27.45,158.94,98601.01,159.03
1783574691,1905,98601.0,27.46,159.03,98601.01,159.03
1783574691,1906,98601.0,27.46,159.03,98601.01,159.03
1783574691,1907,98600.0,27.45,159.12,98600.84,159.04
1783574691,1908,98599.0,27.46,159.21,98600.52,159.07
1783574691,1909,98599.0,27.46,159.21,98600.26,159.1
1783574691,1910,98601.0,27.46,159.03,98600.38,159.08
1783574691,1911,98602.0,27.46,158.94,98600.66,159.06
1783574692,1912,98602.0,27.46,158.94,98600.66,159.06
1783574692,1913,98601.0,27.46,159.03,98600.7,159.06
1783574692,1914,98599.0,27.46,159.21,98600.41,159.08
1783574692,1915,98599.0,27.46,159.21,98600.16,159.1
1783574692,1916,98600.0,27.46,159.12,98600.13,159.11
1783574692,1917,98600.0,27.46,159.12,98600.11,159.11
1783574692,1918,98599.0,27.45,159.21,98599.92,159.13
1783574692,1919,98600.0,27.45,159.12,98599.94,159.12
1783574693,1920,98600.0,27.46,159.12,98599.95,159.12
1783574693,1921,98600.0,27.46,159.12,98599.95,159.12
1783574693,1922,98599.0,27.46,159.21,98599.53,159.16
1783574693,1923,98602.0,27.46,158.94,98599.95,159.12
1783574693,1924,98600.0,27.46,159.12,98599.96,159.12
1783574693,1925,98604.0,27.46,158.76,98600.66,159.06
1783574693,1926,98601.0,27.46,159.03,98600.72,159.06
1783574693,1927,98600.0,27.46,159.12,98600.59,159.07
1783574694,1928,98602.0,27.46,158.94,98600.84,159.04
1783574694,1929,98600.0,27.45,159.12,98600.7,159.06
1783574694,1930,98600.0,27.45,159.12,98600.7,159.06
1783574694,1931,98601.0,27.46,159.03,98600.41,159.08
1783574694,1932,98601.0,27.46,159.03,98600.51,159.07
1783574694,1933,98603.0,27.46,158.85,98600.94,159.04
1783574694,1934,98603.0,27.46,158.85,98601.3,159.0
1783574694,1935,98600.0,27.46,159.11,98601.07,159.02
1783574694,1936,98601.0,27.46,159.02,98601.05,159.02
1783574695,1937,98602.0,27.46,158.94,98601.22,159.01
1783574695,1938,98600.0,27.46,159.11,98601.01,159.02
1783574695,1939,98600.0,27.46,159.11,98601.01,159.02
1783574695,1940,98599.0,27.46,159.2,98600.66,159.05
1783574695,1941,98600.0,27.46,159.12,98600.55,159.07
1783574695,1942,98601.0,27.46,159.03,98600.63,159.06
1783574695,1943,98599.0,27.46,159.21,98600.34,159.09
1783574695,1944,98599.0,27.46,159.21,98600.11,159.11
1783574696,1945,98603.0,27.46,158.85,98600.61,159.06
1783574696,1946,98599.0,27.46,159.21,98600.33,159.09
1783574696,1947,98600.0,27.46,159.12,98600.27,159.09
1783574696,1948,98600.0,27.46,159.12,98600.27,159.09
1783574696,1949,98600.0,27.45,159.11,98600.27,159.09
1783574696,1950,98602.0,27.45,158.94,98600.56,159.06
1783574696,1951,98601.0,27.46,159.02,98600.64,159.06
1783574696,1952,98602.0,27.45,158.94,98600.88,159.04
1783574696,1953,98602.0,27.45,158.94,98601.07,159.02
1783574697,1954,98600.0,27.45,159.11,98600.88,159.03
1783574697,1955,98600.0,27.45,159.11,98600.73,159.05
1783574697,1956,98601.0,27.45,159.02,98600.78,159.04
1783574697,1957,98601.0,27.45,159.02,98600.78,159.04
1783574697,1958,98598.0,27.45,159.29,98600.14,159.1
1783574697,1959,98601.0,27.45,159.02,98600.29,159.09
1783574697,1960,98599.0,27.45,159.2,98600.07,159.11
1783574697,1961,98601.0,27.44,159.02,98600.23,159.09
1783574698,1962,98600.0,27.44,159.11,98600.2,159.1
1783574698,1963,98603.0,27.44,158.85,98600.68,159.05
1783574698,1964,98600.0,27.44,159.11,98600.56,159.06
1783574698,1965,98601.0,27.44,159.03,98600.64,159.06
1783574698,1966,98601.0,27.44,159.03,98600.64,159.06
1783574698,1967,98601.0,27.44,159.03,98601.11,159.02
1783574698,1968,98600.0,27.44,159.12,98600.92,159.04
1783574698,1969,98600.0,27.45,159.12,98600.77,159.05
1783574699,1970,98599.0,27.44,159.21,98600.46,159.08
1783574699,1971,98600.0,27.44,159.12,98600.38,159.08
1783574699,1972,98600.0,27.45,159.12,98600.32,159.09
1783574699,1973,98601.0,27.45,159.03,98600.44,159.08
1783574699,1974,98601.0,27.45,159.03,98600.53,159.07
1783574699,1975,98601.0,27.45,159.03,98600.53,159.07
1783574699,1976,98603.0,27.44,158.85,98601.27,159.01
1783574699,1977,98601.0,27.44,159.03,98601.22,159.01
1783574699,1978,98600.0,27.44,159.12,98601.01,159.03
1783574700,1979,98599.0,27.44,159.21,98600.66,159.06
1783574700,1980,98599.0,27.44,159.21,98600.38,159.09
1783574700,1981,98601.0,27.44,159.03,98600.48,159.08
1783574700,1982,98600.0,27.44,159.12,98600.4,159.08
1783574700,1983,98600.0,27.44,159.12,98600.33,159.09
1783574700,1984,98600.0,27.44,159.12,98600.33,159.09
1783574700,1985,98600.0,27.44,159.12,98599.87,159.13
1783574700,1986,98601.0,27.44,159.03,98600.06,159.11
1783574701,1987,98600.0,27.44,159.12,98600.05,159.11
1783574701,1988,98601.0,27.44,159.03,98600.22,159.1
1783574701,1989,98600.0,27.44,159.12,98600.18,159.1
1783574701,1990,98598.0,27.45,159.3,98599.8,159.14
1783574701,1991,98600.0,27.45,159.12,98599.84,159.13
1783574701,1992,98599.0,27.44,159.21,98599.7,159.15
1783574701,1993,98599.0,27.44,159.21,98599.7,159.15
1783574701,1994,98599.0,27.45,159.21,98599.99,159.12
1783574702,1995,98601.0,27.45,159.04,98600.16,159.11
1783574702,1996,98601.0,27.45,159.04,98600.3,159.1
1783574702,1997,98601.0,27.45,159.04,98600.42,159.09
1783574702,1998,98600.0,27.45,159.12,98600.35,159.09
1783574702,1999,98601.0,27.45,159.04,98600.46,159.08
1783574702,2000,98600.0,27.45,159.12,98600.38,159.09
1783574702,2001,98599.0,27.45,159.21,98600.14,159.11
1783574702,2002,98599.0,27.45,159.21,98600.14,159.11
1783574702,2003,98601.0,27.45,159.04,98600.05,159.12
1783574703,2004,98601.0,27.46,159.04,98600.21,159.11
1783574703,2005,98601.0,27.46,159.04,98600.34,159.09
1783574703,2006,98600.0,27.46,159.12,98600.28,159.1
1783574703,2007,98599.0,27.46,159.21,98600.06,159.12
1783574703,2008,98602.0,27.46,158.95,98600.4,159.09
1783574703,2009,98599.0,27.46,159.21,98600.16,159.11
1783574703,2010,98600.0,27.46,159.13,98600.13,159.12
1783574703,2011,98600.0,27.46,159.13,98600.13,159.12
1783574704,2012,98601.0,27.46,159.04,98600.09,159.12
1783574704,2013,98600.0,27.46,159.13,98600.08,159.12
1783574704,2014,98601.0,27.46,159.04,98600.23,159.11
1783574704,2015,98600.0,27.46,159.13,98600.2,159.11
1783574704,2016,98600.0,27.46,159.13,98600.16,159.11
1783574704,2017,98600.0,27.46,159.13,98600.13,159.12
1783574704,2018,98600.0,27.46,159.13,98600.11,159.13
1783574704,2019,98600.0,27.46,159.13,98600.09,159.13
1783574704,2020,98600.0,27.46,159.13,98600.09,159.13
1783574705,2021,98599.0,27.46,159.22,98599.76,159.16
1783574705,2022,98600.0,27.46,159.13,98599.8,159.15
1783574705,2023,98600.0,27.46,159.13,98599.83,159.15
1783574705,2024,98597.0,27.46,159.4,98599.34,159.19
1783574705,2025,98600.0,27.46,159.13,98599.45,159.18
1783574705,2026,98601.0,27.46,159.05,98599.72,159.16
1783574705,2027,98601.0,27.46,159.05,98599.94,159.14
1783574705,2028,98601.0,27.46,159.05,98600.12,159.12
1783574705,2029,98601.0,27.46,159.05,98600.12,159.12
1783574706,2030,98601.0,27.47,159.05,98600.63,159.08
1783574706,2031,98601.0,27.47,159.05,98600.7,159.07
1783574706,2032,98600.0,27.47,159.14,98600.58,159.09
1783574706,2033,98598.0,27.47,159.32,98600.13,159.13
1783574706,2034,98601.0,27.47,159.05,98600.28,159.12
1783574706,2035,98601.0,27.47,159.05,98600.41,159.1
1783574706,2036,98598.0,27.47,159.32,98599.99,159.14
1783574706,2037,98602.0,27.47,158.96,98600.34,159.11
1783574707,2038,98602.0,27.47,158.96,98600.34,159.11
1783574707,2039,98600.0,27.47,159.13,98600.57,159.08
1783574707,2040,98602.0,27.47,158.96,98600.82,159.06
1783574707,2041,98601.0,27.46,159.05,98600.85,159.06
1783574707,2042,98601.0,27.46,159.05,98600.88,159.06
1783574707,2043,98599.0,27.46,159.22,98600.55,159.09
1783574707,2044,98601.0,27.46,159.05,98600.63,159.08
1783574707,2045,98599.0,27.46,159.22,98600.35,159.1
1783574707,2046,98600.0,27.46,159.13,98600.29,159.11
1783574708,2047,98600.0,27.46,159.13,98600.29,159.11
1783574708,2048,98599.0,27.45,159.22,98600.23,159.11
1783574708,2049,98601.0,27.44,159.05,98600.36,159.1
1783574708,2050,98600.0,27.44,159.13,98600.3,159.11
1783574708,2051,98599.0,27.44,159.22,98600.07,159.13
1783574708,2052,98600.0,27.44,159.13,98600.05,159.13
1783574708,2053,98597.0,27.43,159.4,98599.53,159.18
1783574708,2054,98599.0,27.43,159.22,98599.44,159.18
1783574709,2055,98598.0,27.43,159.31,98599.19,159.21
1783574709,2056,98598.0,27.43,159.31,98599.19,159.21
1783574709,2057,98602.0,27.43,158.96,98600.27,159.11
1783574709,2058,98601.0,27.43,159.05,98600.4,159.1
1783574709,2059,98603.0,27.43,158.87,98600.84,159.06
1783574709,2060,98600.0,27.43,159.13,98600.7,159.07
1783574709,2061,98601.0,27.43,159.05,98600.75,159.07
1783574709,2062,98601.0,27.44,159.05,98600.8,159.06
1783574710,2063,98599.0,27.44,159.22,98600.48,159.09
1783574710,2064,98602.0,27.44,158.96,98600.74,159.07
1783574710,2065,98602.0,27.44,158.96,98600.74,159.07
1783574710,2066,98599.0,27.44,159.22,98600.63,159.07
1783574710,2067,98603.0,27.44,158.86,98601.04,159.04
1783574710,2068,98600.0,27.44,159.13,98600.86,159.05
1783574710,2069,98600.0,27.44,159.13,98600.71,159.07
1783574710,2070,98602.0,27.45,158.95,98600.93,159.05
1783574710,2071,98599.0,27.45,159.22,98600.59,159.08
1783574711,2072,98599.0,27.45,159.22,98600.32,159.1
1783574711,2073,98600.0,27.45,159.13,98600.27,159.11
1783574711,2074,98600.0,27.45,159.13,98600.27,159.11
1783574711,2075,98599.0,27.45,159.22,98599.99,159.13
1783574711,2076,98600.0,27.45,159.13,98599.99,159.13
1783574711,2077,98600.0,27.45,159.13,98599.99,159.13
1783574711,2078,98601.0,27.45,159.04,98600.16,159.11
1783574711,2079,98598.0,27.45,159.31,98599.79,159.15
1783574712,2080,98602.0,27.45,158.95,98600.17,159.11
1783574712,2081,98600.0,27.45,159.13,98600.14,159.12
1783574712,2082,98600.0,27.45,159.13,98600.12,159.12
1783574712,2083,98600.0,27.45,159.13,98600.12,159.12
1783574712,2084,98597.0,27.45,159.4,98600.07,159.13
1783574712,2085,98600.0,27.46,159.13,98600.05,159.13
1783574712,2086,98602.0,27.46,158.96,98600.39,159.1
1783574712,2087,98599.0,27.45,159.22,98600.15,159.12
1783574713,2088,98599.0,27.45,159.22,98599.95,159.14
1783574713,2089,98602.0,27.45,158.96,98600.3,159.11
1783574713,2090,98598.0,27.45,159.31,98599.91,159.14
1783574713,2091,98602.0,27.45,158.96,98600.27,159.11
1783574713,2092,98602.0,27.45,158.96,98600.27,159.11
1783574713,2093,98599.0,27.44,159.22,98600.45,159.09
1783574713,2094,98600.0,27.44,159.13,98600.37,159.1
1783574713,2095,98598.0,27.45,159.31,98599.96,159.14
1783574713,2096,98601.0,27.45,159.05,98600.14,159.12
1783574714,2097,98600.0,27.44,159.13,98600.12,159.12
1783574714,2098,98600.0,27.44,159.13,98600.09,159.13
1783574714,2099,98600.0,27.45,159.13,98600.08,159.13
1783574714,2100,98599.0,27.44,159.22,98599.89,159.14
1783574714,2101,98599.0,27.44,159.22,98599.89,159.14
1783574714,2102,98600.0,27.45,159.13,98600.02,159.13
1783574714,2103,98601.0,27.45,159.05,98600.19,159.12
1783574714,2104,98601.0,27.45,159.05,98600.33,159.11
1783574715,2105,98598.0,27.45,159.31,98599.93,159.14
1783574715,2106,98600.0,27.45,159.13,98599.95,159.14
1783574715,2107,98599.0,27.45,159.22,98599.78,159.15
1783574715,2108,98600.0,27.45,159.13,98599.82,159.15
1783574715,2109,98600.0,27.45,159.13,98599.85,159.15
1783574715,2110,98600.0,27.45,159.13,98599.85,159.15
1783574715,2111,98602.0,27.45,158.96,98600.7,159.07
1783574715,2112,98601.0,27.45,159.05,98600.76,159.07
1783574716,2113,98602.0,27.45,158.96,98600.97,159.05
1783574716,2114,98599.0,27.45,159.22,98600.63,159.08
1783574716,2115,98601.0,27.45,159.05,98600.7,159.07
1783574716,2116,98602.0,27.45,158.96,98600.92,159.05
1783574716,2117,98602.0,27.45,158.96,98601.11,159.04
1783574716,2118,98599.0,27.45,159.22,98600.74,159.07
1783574716,2119,98599.0,27.45,159.22,98600.74,159.07
1783574716,2120,98602.0,27.45,158.96,98600.89,159.06
1783574716,2121,98600.0,27.45,159.13,98600.73,159.07
1783574717,2122,98599.0,27.44,159.22,98600.44,159.1
1783574717,2123,98598.0,27.44,159.31,98600.02,159.13
1783574717,2124,98601.0,27.45,159.05,98600.19,159.12
1783574717,2125,98600.0,27.44,159.13,98600.16,159.12
1783574717,2126,98602.0,27.44,158.96,98600.48,159.09
1783574717,2127,98598.0,27.44,159.31,98600.05,159.13
1783574717,2128,98598.0,27.44,159.31,98600.05,159.13
1783574717,2129,98599.0,27.44,159.22,98599.7,159.16
1783574718,2130,98598.0,27.44,159.31,98599.41,159.19
1783574718,2131,98600.0,27.44,159.13,98599.51,159.18
1783574718,2132,98600.0,27.45,159.13,98599.59,159.17
1783574718,2133,98601.0,27.44,159.05,98599.84,159.15
1783574718,2134,98600.0,27.44,159.13,98599.87,159.15
1783574718,2135,98604.0,27.44,158.78,98600.58,159.08
1783574718,2136,98598.0,27.44,159.31,98600.13,159.12
1783574718,2137,98598.0,27.44,159.31,98600.13,159.12
1783574719,2138,98602.0,27.44,158.96,98600.86,159.06
1783574719,2139,98599.0,27.45,159.22,98600.54,159.09
1783574719,2140,98598.0,27.45,159.31,98600.1,159.13
1783574719,2141,98601.0,27.45,159.05,98600.26,159.11
1783574719,2142,98601.0,27.45,159.05,98600.38,159.1
1783574719,2143,98598.0,27.45,159.31,98599.97,159.14
1783574719,2144,98600.0,27.45,159.13,98599.98,159.14
1783574719,2145,98599.0,27.45,159.22,98599.8,159.15
1783574719,2146,98599.0,27.45,159.22,98599.8,159.15
1783574720,2147,98601.0,27.45,159.04,98601.15,159.03
1783574720,2148,98599.0,27.45,159.22,98600.78,159.06
1783574720,2149,98601.0,27.45,159.04,98600.82,159.06
1783574720,2150,98598.0,27.45,159.31,98600.34,159.1
1783574720,2151,98601.0,27.45,159.04,98600.45,159.09
1783574720,2152,98602.0,27.45,158.95,98600.72,159.07
1783574720,2153,98600.0,27.45,159.13,98600.59,159.08
1783574720,2154,98599.0,27.45,159.22,98600.32,159.1
1783574720,2155,98599.0,27.45,159.22,98600.32,159.1
1783574721,2156,98600.0,27.45,159.13,98600.81,159.06
1783574721,2157,98600.0,27.45,159.13,98600.67,159.07
1783574721,2158,98601.0,27.45,159.04,98600.73,159.06
1783574721,2159,98601.0,27.45,159.04,98600.77,159.06
1783574721,2160,98599.0,27.45,159.21,98600.47,159.08
1783574721,2161,98599.0,27.45,159.21,98600.22,159.1
1783574721,2162,98599.0,27.44,159.21,98600.01,159.12
1783574721,2163,98602.0,27.45,158.95,98600.35,159.09
1783574721,2164,98602.0,27.45,158.95,98600.35,159.09
1783574722,2165,98600.0,27.44,159.12,98600.28,159.1
1783574722,2166,98599.0,27.44,159.21,98600.06,159.12
1783574722,2167,98602.0,27.44,158.95,98600.4,159.09
1783574722,2168,98601.0,27.44,159.04,98600.5,159.08
1783574722,2169,98600.0,27.43,159.12,98600.41,159.09
1783574722,2170,98600.0,27.44,159.12,98600.34,159.09
1783574722,2171,98598.0,27.43,159.3,98599.94,159.13
1783574722,2172,98600.0,27.43,159.12,98599.95,159.13
1783574723,2173,98600.0,27.43,159.12,98599.95,159.13
1783574723,2174,98600.0,27.43,159.12,98600.19,159.11
1783574723,2175,98597.0,27.43,159.39,98599.64,159.16
1783574723,2176,98598.0,27.43,159.3,98599.36,159.18
1783574723,2177,98601.0,27.43,159.04,98599.64,159.16
1783574723,2178,98601.0,27.43,159.04,98599.88,159.14
1783574723,2179,98600.0,27.44,159.12,98599.9,159.13
1783574723,2180,98599.0,27.44,159.21,98599.74,159.15
1783574724,2181,98600.0,27.44,159.12,98599.79,159.14
1783574724,2182,98600.0,27.44,159.12,98599.79,159.14
1783574724,2183,98599.0,27.44,159.21,98599.82,159.14
1783574724,2184,98598.0,27.44,159.3,98599.51,159.17
1783574724,2185,98601.0,27.44,159.04,98599.77,159.14
1783574724,2186,98601.0,27.45,159.04,98599.98,159.13
1783574724,2187,98601.0,27.45,159.04,98600.16,159.12
1783574724,2188,98598.0,27.45,159.31,98599.78,159.15
1783574724,2189,98601.0,27.45,159.04,98599.99,159.13
1783574725,2190,98598.0,27.45,159.31,98599.65,159.16
1783574725,2191,98598.0,27.45,159.31,98599.65,159.16
1783574725,2192,98600.0,27.45,159.13,98600.2,159.11
1783574725,2193,98601.0,27.45,159.04,98600.34,159.1
1783574725,2194,98602.0,27.44,158.95,98600.63,159.07
1783574725,2195,98599.0,27.44,159.22,98600.34,159.1
1783574725,2196,98599.0,27.44,159.22,98600.11,159.12
1783574725,2197,98599.0,27.44,159.22,98599.92,159.14
1783574726,2198,98600.0,27.44,159.13,98599.94,159.14
1783574726,2199,98599.0,27.44,159.22,98599.77,159.15
1783574726,2200,98599.0,27.44,159.22,98599.77,159.15
1783574726,2201,98600.0,27.44,159.13,98599.95,159.14
1783574726,2202,98600.0,27.43,159.13,98599.95,159.14
1783574726,2203,98599.0,27.43,159.22,98599.79,159.15
1783574726,2204,98601.0,27.44,159.05,98600.0,159.13
1783574726,2205,98598.0,27.43,159.31,98599.66,159.16
1783574727,2206,98601.0,27.44,159.05,98599.89,159.14
1783574727,2207,98602.0,27.44,158.96,98600.26,159.11
1783574727,2208,98598.0,27.44,159.31,98599.87,159.15
1783574727,2209,98598.0,27.44,159.31,98599.87,159.15
1783574727,2210,98598.0,27.43,159.31,98599.96,159.14
1783574727,2211,98602.0,27.44,158.96,98600.31,159.11
1783574727,2212,98601.0,27.44,159.05,98600.43,159.1
1783574727,2213,98598.0,27.44,159.32,98600.01,159.14
1783574727,2214,98598.0,27.43,159.32,98599.66,159.17
1783574728,2215,98602.0,27.44,158.96,98600.07,159.13
1783574728,2216,98600.0,27.44,159.14,98600.05,159.14
1783574728,2217,98600.0,27.44,159.14,98600.05,159.14
1783574728,2218,98600.0,27.44,159.14,98600.05,159.14
1783574728,2219,98599.0,27.45,159.23,98600.07,159.13
1783574728,2220,98600.0,27.45,159.14,98600.05,159.14
1783574728,2221,98600.0,27.45,159.14,98600.05,159.14
1783574728,2222,98599.0,27.45,159.23,98599.87,159.15
1783574729,2223,98601.0,27.45,159.05,98600.06,159.13
1783574729,2224,98601.0,27.45,159.05,98600.23,159.12
1783574729,2225,98601.0,27.45,159.05,98600.36,159.11
1783574729,2226,98597.0,27.45,159.41,98599.78,159.16
1783574729,2227,98597.0,27.45,159.41,98599.78,159.16
1783574729,2228,98599.0,27.46,159.23,98599.96,159.14
1783574729,2229,98601.0,27.45,159.05,98600.14,159.12
1783574729,2230,98600.0,27.46,159.13,98600.12,159.12
1783574730,2231,98600.0,27.46,159.13,98600.09,159.13
1783574730,2232,98599.0,27.46,159.22,98599.91,159.14
1783574730,2233,98599.0,27.46,159.22,98599.75,159.16
1783574730,2234,98601.0,27.46,159.05,98599.97,159.14
1783574730,2235,98601.0,27.46,159.05,98600.15,159.12
1783574730,2236,98601.0,27.46,159.05,98600.15,159.12
1783574730,2237,98600.0,27.46,159.13,98600.2,159.12
1783574730,2238,98601.0,27.46,159.05,98600.34,159.1
1783574730,2239,98600.0,27.45,159.13,98600.28,159.11
1783574731,2240,98600.0,27.45,159.13,98600.23,159.11
1783574731,2241,98603.0,27.46,158.87,98600.71,159.07
1783574731,2242,98599.0,27.46,159.22,98600.41,159.1
1783574731,2243,98601.0,27.46,159.05,98600.52,159.09
1783574731,2244,98603.0,27.46,158.87,98600.95,159.05
1783574731,2245,98603.0,27.46,158.87,98600.95,159.05
1783574731,2246,98601.0,27.46,159.05,98600.45,159.09
1783574731,2247,98602.0,27.46,158.96,98600.72,159.07
1783574732,2248,98600.0,27.46,159.13,98600.59,159.08
1783574732,2249,98598.0,27.46,159.31,98600.15,159.12
1783574732,2250,98602.0,27.46,158.96,98600.47,159.09
1783574732,2251,98598.0,27.46,159.31,98600.05,159.13
1783574732,2252,98600.0,27.46,159.13,98600.04,159.13
1783574732,2253,98603.0,27.46,158.87,98600.55,159.09
1783574732,2254,98603.0,27.46,158.87,98600.55,159.09
1783574732,2255,98600.0,27.46,159.14,98600.62,159.09
1783574732,2256,98600.0,27.46,159.14,98600.51,159.09
1783574733,2257,98601.0,27.46,159.05,98600.59,159.09
1783574733,2258,98597.0,27.46,159.41,98599.98,159.14
1783574733,2259,98602.0,27.46,158.96,98600.33,159.11
1783574733,2260,98599.0,27.45,159.23,98600.1,159.13
1783574733,2261,98599.0,27.46,159.22,98599.91,159.14
1783574733,2262,98600.0,27.46,159.13,98599.93,159.14
1783574733,2263,98600.0,27.46,159.13,98599.93,159.14
1783574733,2264,98598.0,27.45,159.31,98599.55,159.17
1783574734,2265,98600.0,27.45,159.13,98599.63,159.17
1783574734,2266,98599.0,27.45,159.22,98599.52,159.18
1783574734,2267,98600.0,27.45,159.13,98599.61,159.17
1783574734,2268,98599.0,27.45,159.22,98599.51,159.18
1783574734,2269,98599.0,27.45,159.22,98599.42,159.19
1783574734,2270,98603.0,27.45,158.87,98600.04,159.13
1783574734,2271,98600.0,27.45,159.13,98600.03,159.13
1783574734,2272,98600.0,27.45,159.13,98600.03,159.13
1783574735,2273,98601.0,27.45,159.05,98599.88,159.15
1783574735,2274,98601.0,27.45,159.05,98600.07,159.13
1783574735,2275,98602.0,27.46,158.95,98600.41,159.09
1783574735,2276,98600.0,27.45,159.13,98600.34,159.1
1783574735,2277,98598.0,27.46,159.31,98599.93,159.14
1783574735,2278,98602.0,27.45,158.95,98600.29,159.1
1783574735,2279,98602.0,27.45,158.95,98600.59,159.08
1783574735,2280,98602.0,27.46,158.95,98600.83,159.06
1783574735,2281,98602.0,27.46,158.95,98600.83,159.06
1783574736,2282,98602.0,27.45,158.95,98600.88,159.05
1783574736,2283,98600.0,27.45,159.13,98600.73,159.06
1783574736,2284,98598.0,27.45,159.31,98600.26,159.11
1783574736,2285,98597.0,27.45,159.4,98599.7,159.16
1783574736,2286,98601.0,27.45,159.04,98599.92,159.14
1783574736,2287,98599.0,27.45,159.22,98599.77,159.15
1783574736,2288,98599.0,27.45,159.22,98599.63,159.16
1783574736,2289,98600.0,27.45,159.13,98599.7,159.16
1783574736,2290,98600.0,27.45,159.13,98599.7,159.16
1783574737,2291,98601.0,27.45,159.04,98599.89,159.14
1783574737,2292,98602.0,27.45,158.95,98600.26,159.11
1783574737,2293,98603.0,27.45,158.86,98600.73,159.06
1783574737,2294,98601.0,27.45,159.04,98600.78,159.06
1783574737,2295,98600.0,27.45,159.13,98600.65,159.07
1783574737,2296,98600.0,27.45,159.13,98600.54,159.08
1783574737,2297,98600.0,27.45,159.13,98600.45,159.09
1783574737,2298,98601.0,27.45,159.04,98600.54,159.08
1783574738,2299,98601.0,27.45,159.04,98600.54,159.08
1783574738,2300,98602.0,27.45,158.95,98600.91,159.05
1783574738,2301,98599.0,27.45,159.22,98600.59,159.08
1783574738,2302,98598.0,27.45,159.31,98600.14,159.12
1783574738,2303,98600.0,27.45,159.13,98600.12,159.12
1783574738,2304,98599.0,27.45,159.22,98599.92,159.14
1783574738,2305,98598.0,27.45,159.31,98599.59,159.17
1783574738,2306,98600.0,27.45,159.12,98599.66,159.15
1783574738,2307,98601.0,27.45,159.04,98599.89,159.13
1783574739,2308,98601.0,27.45,159.04,98599.89,159.13
1783574739,2309,98598.0,27.45,159.3,98599.58,159.16
1783574739,2310,98600.0,27.46,159.12,98599.65,159.16
1783574739,2311,98600.0,27.46,159.12,98599.71,159.15
1783574739,2312,98598.0,27.46,159.3,98599.41,159.18
1783574739,2313,98600.0,27.46,159.12,98599.52,159.17
1783574739,2314,98602.0,27.46,158.95,98599.95,159.13
1783574739,2315,98598.0,27.46,159.3,98599.61,159.16
1783574740,2316,98600.0,27.46,159.12,98599.68,159.15
1783574740,2317,98600.0,27.46,159.12,98599.68,159.15
1783574740,2318,98599.0,27.46,159.21,98599.73,159.15
1783574740,2319,98599.0,27.46,159.21,98599.6,159.16
1783574740,2320,98601.0,27.46,159.04,98599.84,159.14
1783574740,2321,98602.0,27.46,158.95,98600.22,159.11
1783574740,2322,98600.0,27.46,159.13,98600.18,159.11
1783574740,2323,98599.0,27.46,159.22,98599.98,159.13
1783574741,2324,98599.0,27.46,159.22,98599.8,159.15
1783574741,2325,98598.0,27.46,159.31,98599.49,159.17
1783574741,2326,98598.0,27.46,159.31,98599.49,159.17
1783574741,2327,98601.0,27.46,159.04,98599.86,159.14
1783574741,2328,98599.0,27.45,159.22,98599.71,159.15
1783574741,2329,98600.0,27.45,159.13,98599.76,159.15
1783574741,2330,98600.0,27.45,159.13,98599.8,159.15
1783574741,2331,98601.0,27.45,159.05,98600.01,159.13
1783574741,2332,98598.0,27.45,159.31,98599.66,159.16
1783574742,2333,98599.0,27.45,159.22,98599.55,159.17
1783574742,2334,98599.0,27.45,159.22,98599.45,159.18
1783574742,2335,98599.0,27.45,159.22,98599.45,159.18
1783574742,2336,98601.0,27.45,159.05,98600.23,159.11
1783574742,2337,98600.0,27.46,159.13,98600.19,159.12
1783574742,2338,98599.0,27.45,159.22,98599.98,159.14
1783574742,2339,98601.0,27.46,159.05,98600.16,159.12
1783574742,2340,98600.0,27.46,159.13,98600.13,159.12
1783574743,2341,98600.0,27.46,159.13,98600.11,159.13
1783574743,2342,98599.0,27.46,159.22,98599.92,159.14
1783574743,2343,98600.0,27.46,159.13,98599.94,159.14
1783574743,2344,98600.0,27.46,159.13,98599.94,159.14
1783574743,2345,98600.0,27.46,159.13,98599.76,159.16
1783574743,2346,98600.0,27.46,159.13,98599.8,159.15
1783574743,2347,98598.0,27.46,159.31,98599.48,159.18
1783574743,2348,98600.0,27.46,159.13,98599.57,159.17
1783574744,2349,98601.0,27.46,159.05,98599.82,159.15
1783574744,2350,98603.0,27.46,158.87,98600.37,159.11
1783574744,2351,98600.0,27.46,159.14,98600.3,159.11
1783574744,2352,98600.0,27.46,159.14,98600.25,159.12
1783574744,2353,98600.0,27.46,159.14,98600.25,159.12
1783574744,2354,98601.0,27.45,159.05,98600.27,159.12
1783574744,2355,98600.0,27.46,159.14,98600.23,159.12
1783574744,2356,98600.0,27.46,159.14,98600.19,159.12
1783574744,2357,98600.0,27.45,159.14,98600.16,159.13
1783574745,2358,98599.0,27.45,159.23,98599.95,159.14
1783574745,2359,98601.0,27.45,159.05,98600.13,159.13
1783574745,2360,98602.0,27.46,158.96,98600.45,159.1
1783574745,2361,98600.0,27.45,159.15,98600.38,159.11
1783574745,2362,98600.0,27.45,159.15,98600.38,159.11
1783574745,2363,98601.0,27.45,159.06,98600.55,159.1
1783574745,2364,98600.0,27.45,159.15,98600.45,159.11
1783574745,2365,98601.0,27.45,159.06,98600.55,159.1
1783574746,2366,98600.0,27.45,159.15,98600.45,159.11
1783574746,2367,98604.0,27.46,158.79,98601.06,159.05
1783574746,2368,98601.0,27.45,159.06,98601.05,159.05
1783574746,2369,98600.0,27.46,159.15,98600.88,159.07
1783574746,2370,98600.0,27.46,159.14,98600.73,159.08
1783574746,2371,98600.0,27.46,159.14,98600.73,159.08
1783574746,2372,98602.0,27.46,158.96,98600.64,159.08
1783574746,2373,98599.0,27.46,159.23,98600.36,159.11
1783574746,2374,98601.0,27.46,159.05,98600.47,159.1
1783574747,2375,98602.0,27.46,158.96,98600.73,159.07
1783574747,2376,98601.0,27.46,159.05,98600.78,159.07
1783574747,2377,98600.0,27.46,159.13,98600.65,159.08
1783574747,2378,98599.0,27.46,159.22,98600.37,159.1
1783574747,2379,98600.0,27.46,159.13,98600.3,159.11
1783574747,2380,98600.0,27.46,159.13,98600.3,159.11
1783574747,2381,98601.0,27.46,159.05,98600.22,159.12
1783574747,2382,98600.0,27.46,159.13,98600.18,159.12
1783574748,2383,98600.0,27.47,159.13,98600.15,159.12
1783574748,2384,98601.0,27.46,159.05,98600.3,159.11
1783574748,2385,98601.0,27.47,159.04,98600.42,159.09
1783574748,2386,98600.0,27.47,159.13,98600.35,159.1
1783574748,2387,98602.0,27.47,158.95,98600.63,159.07
1783574748,2388,98600.0,27.47,159.13,98600.52,159.08
1783574748,2389,98600.0,27.47,159.13,98600.52,159.08
1783574748,2390,98602.0,27.47,158.95,98600.73,159.06
1783574749,2391,98600.0,27.47,159.13,98600.61,159.08
1783574749,2392,98600.0,27.47,159.13,98600.51,159.08
1783574749,2393,98599.0,27.47,159.22,98600.25,159.11
1783574749,2394,98599.0,27.47,159.22,98600.03,159.13
1783574749,2395,98602.0,27.47,158.95,98600.37,159.1
1783574749,2396,98599.0,27.46,159.22,98600.13,159.12
1783574749,2397,98601.0,27.47,159.04,98600.28,159.1
1783574749,2398,98601.0,27.47,159.04,98600.28,159.1
1783574749,2399,98600.0,27.46,159.13,98599.82,159.15
1783574750,2400,98600.0,27.46,159.13,98599.85,159.14
1783574750,2401,98599.0,27.46,159.22,98599.7,159.16
1783574750,2402,98600.0,27.46,159.13,98599.76,159.15
1783574750,2403,98601.0,27.45,159.04,98599.97,159.13
1783574750,2404,98602.0,27.45,158.95,98600.32,159.1
1783574750,2405,98601.0,27.45,159.04,98600.44,159.09
1783574750,2406,98600.0,27.45,159.13,98600.36,159.1
1783574750,2407,98600.0,27.45,159.13,98600.36,159.1
1783574751,2408,98599.0,27.45,159.22,98600.25,159.11
1783574751,2409,98602.0,27.44,158.95,98600.55,159.08
1783574751,2410,98601.0,27.45,159.04,98600.63,159.07
1783574751,2411,98600.0,27.44,159.13,98600.52,159.08
1783574751,2412,98602.0,27.45,158.95,98600.78,159.06
1783574751,2413,98602.0,27.45,158.96,98600.99,159.05
1783574751,2414,98601.0,27.44,159.05,98600.99,159.05
1783574751,2415,98603.0,27.44,158.87,98601.34,159.02
1783574751,2416,98603.0,27.44,158.87,98601.34,159.02
1783574752,2417,98600.0,27.44,159.13,98600.75,159.07
1783574752,2418,98604.0,27.44,158.78,98601.31,159.02
1783574752,2419,98600.0,27.44,159.13,98601.09,159.04
1783574752,2420,98602.0,27.44,158.96,98601.24,159.02
1783574752,2421,98601.0,27.44,159.05,98601.2,159.03
1783574752,2422,98602.0,27.44,158.96,98601.34,159.02
1783574752,2423,98600.0,27.44,159.13,98601.11,159.04
1783574752,2424,98600.0,27.44,159.13,98600.92,159.05
1783574752,2425,98600.0,27.44,159.13,98600.92,159.05
1783574753,2426,98602.0,27.44,158.96,98601.16,159.04
1783574753,2427,98598.0,27.44,159.32,98600.61,159.09
1783574753,2428,98600.0,27.44,159.14,98600.51,159.09
1783574753,2429,98600.0,27.44,159.14,98600.42,159.1
1783574753,2430,98601.0,27.44,159.05,98600.52,159.09
1783574753,2431,98600.0,27.44,159.14,98600.43,159.1
1783574753,2432,98602.0,27.44,158.96,98600.7,159.08
1783574753,2433,98601.0,27.44,159.05,98600.76,159.07
1783574754,2434,98601.0,27.44,159.05,98600.76,159.07
1783574754,2435,98603.0,27.44,158.87,98601.16,159.04
1783574754,2436,98600.0,27.44,159.14,98600.96,159.05
1783574754,2437,98603.0,27.44,158.87,98601.31,159.02
1783574754,2438,98601.0,27.44,159.05,98601.26,159.03
1783574754,2439,98601.0,27.45,159.05,98601.21,159.03
1783574754,2440,98602.0,27.45,158.96,98601.34,159.02
1783574754,2441,98600.0,27.45,159.14,98601.11,159.04
1783574754,2442,98599.0,27.45,159.23,98600.74,159.07
1783574755,2443,98599.0,27.45,159.23,98600.74,159.07
1783574755,2444,98602.0,27.46,158.96,98600.67,159.08
1783574755,2445,98599.0,27.46,159.22,98600.38,159.1
1783574755,2446,98602.0,27.46,158.96,98600.66,159.08
1783574755,2447,98599.0,27.46,159.22,98600.38,159.1
1783574755,2448,98602.0,27.46,158.96,98600.66,159.08
1783574755,2449,98600.0,27.47,159.13,98600.55,159.09
1783574755,2450,98600.0,27.47,159.13,98600.45,159.09
1783574756,2451,98599.0,27.46,159.22,98600.2,159.11
1783574756,2452,98599.0,27.46,159.22,98600.2,159.11
1783574756,2453,98600.0,27.47,159.13,98600.27,159.1
1783574756,2454,98601.0,27.48,159.04,98600.4,159.09
1783574756,2455,98598.0,27.48,159.31,98599.98,159.13
1783574756,2456,98600.0,27.48,159.13,98599.98,159.13
1783574756,2457,98602.0,27.48,158.95,98600.33,159.1
1783574756,2458,98602.0,27.49,158.95,98600.62,159.07
1783574757,2459,98600.0,27.49,159.13,98600.51,159.08
1783574757,2460,98601.0,27.49,159.04,98600.59,159.07
1783574757,2461,98601.0,27.49,159.04,98600.59,159.07
1783574757,2462,98601.0,27.49,159.04,98601.21,159.02
1783574757,2463,98604.0,27.5,158.77,98601.7,158.97
1783574757,2464,98603.0,27.5,158.86,98601.92,158.95
1783574757,2465,98602.0,27.5,158.95,98601.94,158.95
1783574757,2466,98601.0,27.5,159.04,98601.77,158.97
1783574757,2467,98602.0,27.5,158.95,98601.81,158.96
1783574758,2468,98600.0,27.5,159.12,98601.5,158.99
1783574758,2469,98599.0,27.5,159.21,98601.07,159.03
1783574758,2470,98599.0,27.5,159.21,98601.07,159.03
1783574758,2471,98600.0,27.51,159.12,98601.03,159.03
1783574758,2472,98601.0,27.51,159.04,98601.02,159.03
1783574758,2473,98601.0,27.51,159.04,98601.02,159.03
1783574758,2474,98600.0,27.51,159.12,98600.84,159.05
1783574758,2475,98600.0,27.51,159.12,98600.7,159.06
1783574759,2476,98600.0,27.52,159.12,98600.58,159.07
1783574759,2477,98601.0,27.52,159.04,98600.65,159.07
1783574759,2478,98601.0,27.52,159.04,98600.71,159.06
1783574759,2479,98601.0,27.52,159.04,98600.71,159.06
1783574759,2480,98601.0,27.52,159.03,98600.2,159.1
1783574759,2481,98602.0,27.52,158.94,98600.51,159.07
1783574759,2482,98602.0,27.52,158.94,98600.77,159.05
1783574759,2483,98598.0,27.52,159.3,98600.29,159.09
1783574760,2484,98601.0,27.52,159.03,98600.41,159.08
1783574760,2485,98602.0,27.52,158.94,98600.69,159.06
1783574760,2486,98600.0,27.52,159.12,98600.57,159.07
1783574760,2487,98600.0,27.52,159.12,98600.47,159.08
1783574760,2488,98600.0,27.52,159.12,98600.47,159.08
1783574760,2489,98600.0,27.53,159.12,98600.34,159.09
1783574760,2490,98599.0,27.53,159.21,98600.11,159.11
1783574760,2491,98602.0,27.53,158.94,98600.44,159.08
1783574760,2492,98600.0,27.53,159.12,98600.36,159.09
1783574761,2493,98602.0,27.53,158.94,98600.64,159.06
1783574761,2494,98597.0,27.53,159.38,98600.02,159.12
1783574761,2495,98602.0,27.53,158.94,98600.36,159.09
1783574761,2496,98599.0,27.53,159.21,98600.13,159.11
1783574761,2497,98599.0,27.53,159.21,98600.13,159.11
1783574761,2498,98601.0,27.53,159.03,98600.44,159.08
1783574761,2499,98599.0,27.53,159.21,98600.19,159.1
1783574761,2500,98599.0,27.53,159.21,98599.98,159.12
1783574762,2501,98603.0,27.53,158.85,98600.51,159.07
1783574762,2502,98603.0,27.53,158.85,98600.94,159.03
1783574762,2503,98602.0,27.53,158.94,98601.12,159.01
1783574762,2504,98601.0,27.53,159.02,98601.09,159.02
1783574762,2505,98600.0,27.54,159.11,98600.91,159.03
1783574762,2506,98600.0,27.54,159.11,98600.91,159.03
1783574762,2507,98600.0,27.54,159.11,98600.71,159.05
1783574762,2508,98598.0,27.54,159.29,98600.24,159.09
1783574763,2509,98600.0,27.54,159.11,98600.2,159.1
1783574763,2510,98601.0,27.55,159.02,98600.34,159.08
1783574763,2511,98602.0,27.55,158.93,98600.63,159.05
1783574763,2512,98600.0,27.55,159.11,98600.52,159.06
1783574763,2513,98600.0,27.55,159.11,98600.43,159.07
1783574763,2514,98601.0,27.56,159.02,98600.53,159.06
1783574763,2515,98601.0,27.56,159.02,98600.53,159.06
1783574763,2516,98602.0,27.56,158.93,98600.89,159.03
1783574763,2517,98600.0,27.57,159.1,98600.73,159.04
1783574764,2518,98599.0,27.57,159.19,98600.44,159.06
1783574764,2519,98601.0,27.57,159.01,98600.53,159.06
1783574764,2520,98599.0,27.57,159.19,98600.27,159.08
1783574764,2521,98600.0,27.57,159.1,98600.22,159.08
1783574764,2522,98601.0,27.58,159.01,98600.35,159.07
1783574764,2523,98600.0,27.58,159.1,98600.29,159.08
1783574764,2524,98600.0,27.58,159.1,98600.29,159.08
1783574764,2525,98598.0,27.58,159.27,98600.29,159.07
1783574765,2526,98602.0,27.59,158.92,98600.59,159.05
1783574765,2527,98600.0,27.59,159.1,98600.48,159.05
1783574765,2528,98599.0,27.59,159.18,98600.23,159.07
1783574765,2529,98599.0,27.59,159.18,98600.02,159.09
1783574765,2530,98600.0,27.59,159.09,98600.02,159.09
1783574765,2531,98600.0,27.6,159.09,98600.02,159.09
1783574765,2532,98602.0,27.6,158.91,98600.36,159.06
1783574765,2533,98602.0,27.6,158.91,98600.36,159.06
1783574766,2534,98601.0,27.6,159.0,98600.29,159.07
1783574766,2535,98599.0,27.6,159.18,98600.07,159.08
1783574766,2536,98599.0,27.6,159.18,98599.88,159.1
1783574766,2537,98601.0,27.61,159.0,98600.08,159.08
1783574766,2538,98602.0,27.61,158.91,98600.41,159.05
1783574766,2539,98599.0,27.61,159.18,98600.16,159.07
1783574766,2540,98601.0,27.61,159.0,98600.3,159.06
1783574766,2541,98601.0,27.61,159.0,98600.42,159.05
1783574766,2542,98601.0,27.61,159.0,98600.42,159.05
1783574767,2543,98600.0,27.62,159.09,98600.62,159.03
1783574767,2544,98600.0,27.62,159.09,98600.51,159.04
1783574767,2545,98600.0,27.62,159.09,98600.42,159.05
1783574767,2546,98600.0,27.62,159.09,98600.35,159.06
1783574767,2547,98601.0,27.62,159.0,98600.46,159.05
1783574767,2548,98601.0,27.62,159.0,98600.55,159.04
1783574767,2549,98600.0,27.62,159.09,98600.46,159.05
1783574767,2550,98603.0,27.62,158.82,98600.9,159.01
1783574767,2551,98603.0,27.62,158.82,98600.9,159.01
1783574768,2552,98600.0,27.63,159.09,98600.9,159.01
1783574768,2553,98601.0,27.63,159.0,98600.91,159.01
1783574768,2554,98600.0,27.63,159.09,98600.76,159.02
1783574768,2555,98603.0,27.63,158.82,98601.14,158.99
1783574768,2556,98601.0,27.63,159.0,98601.12,158.99
1783574768,2557,98601.0,27.63,159.0,98601.09,158.99
1783574768,2558,98602.0,27.64,158.91,98601.25,158.98
1783574768,2559,98602.0,27.63,158.91,98601.38,158.96
1783574768,2560,98602.0,27.63,158.91,98601.38,158.96
1783574769,2561,98601.0,27.64,159.0,98600.72,159.02
1783574769,2562,98602.0,27.64,158.91,98600.94,159.0
1783574769,2563,98604.0,27.65,158.73,98601.47,158.96
1783574769,2564,98600.0,27.65,159.09,98601.22,158.98
1783574769,2565,98601.0,27.65,159.0,98601.18,158.98
1783574769,2566,98601.0,27.65,159.0,98601.15,158.98
1783574769,2567,98601.0,27.65,159.0,98601.13,158.99
1783574769,2568,98599.0,27.65,159.18,98600.76,159.02
1783574770,2569,98599.0,27.65,159.18,98600.76,159.02
1783574770,2570,98601.0,27.66,159.0,98600.34,159.06
1783574770,2571,98602.0,27.66,158.91,98600.63,159.03
1783574770,2572,98601.0,27.66,159.0,98600.69,159.03
1783574770,2573,98603.0,27.66,158.82,98601.09,158.99
1783574770,2574,98600.0,27.66,159.09,98600.9,159.01
1783574770,2575,98602.0,27.66,158.91,98601.09,158.99
1783574770,2576,98600.0,27.66,159.09,98600.9,159.01
1783574771,2577,98602.0,27.67,158.91,98601.09,158.99
1783574771,2578,98602.0,27.67,158.91,98601.09,158.99
1783574771,2579,98601.0,27.67,159.0,98601.55,158.95
1783574771,2580,98601.0,27.67,159.0,98601.45,158.96
1783574771,2581,98603.0,27.67,158.82,98601.72,158.93
1783574771,2582,98599.0,27.67,159.18,98601.25,158.98
1783574771,2583,98601.0,27.68,159.0,98601.2,158.98
1783574771,2584,98601.0,27.68,159.0,98601.17,158.98
1783574771,2585,98600.0,27.68,159.09,98600.97,159.0
1783574772,2586,98602.0,27.68,158.91,98601.15,158.98
1783574772,2587,98602.0,27.68,158.91,98601.15,158.98
1783574772,2588,98603.0,27.69,158.82,98601.46,158.96
1783574772,2589,98602.0,27.69,158.91,98601.55,158.95
1783574772,2590,98604.0,27.69,158.73,98601.98,158.91
1783574772,2591,98602.0,27.69,158.91,98601.98,158.91
1783574772,2592,98601.0,27.69,159.0,98601.81,158.93
1783574772,2593,98603.0,27.7,158.82,98602.02,158.91
1783574773,2594,98601.0,27.7,159.0,98601.84,158.92
1783574773,2595,98601.0,27.7,159.0,98601.7,158.94
1783574773,2596,98601.0,27.7,159.0,98601.7,158.94
1783574773,2597,98600.0,27.7,159.09,98600.92,159.01
1783574773,2598,98602.0,27.71,158.91,98601.11,158.99
1783574773,2599,98602.0,27.71,158.91,98601.27,158.97
1783574773,2600,98603.0,27.71,158.82,98601.56,158.95
1783574773,2601,98604.0,27.71,158.73,98601.98,158.91
1783574774,2602,98601.0,27.71,159.0,98601.81,158.93
1783574774,2603,98600.0,27.72,159.09,98601.5,158.95
1783574774,2604,98603.0,27.72,158.82,98601.76,158.93
1783574774,2605,98603.0,27.72,158.82,98601.76,158.93
1783574774,2606,98601.0,27.72,159.0,98601.63,158.94
1783574774,2607,98601.0,27.73,159.0,98601.52,158.95
1783574774,2608,98600.0,27.72,159.09,98601.26,158.98
1783574774,2609,98601.0,27.73,159.0,98601.21,158.98
1783574774,2610,98601.0,27.73,159.0,98601.17,158.98
1783574775,2611,98601.0,27.73,159.0,98601.14,158.99
1783574775,2612,98602.0,27.73,158.91,98601.29,158.97
1783574775,2613,98602.0,27.73,158.91,98601.41,158.96
1783574775,2614,98602.0,27.73,158.91,98601.41,158.96
1783574775,2615,98604.0,27.74,158.73,98601.93,158.92
1783574775,2616,98602.0,27.74,158.91,98601.95,158.91
1783574775,2617,98600.0,27.74,159.09,98601.61,158.94
1783574775,2618,98603.0,27.74,158.82,98601.85,158.92
1783574776,2619,98604.0,27.74,158.73,98602.22,158.89
1783574776,2620,98603.0,27.74,158.82,98602.35,158.88
1783574776,2621,98599.0,27.74,159.18,98601.77,158.93
1783574776,2622,98601.0,27.74,159.0,98601.64,158.94
1783574776,2623,98601.0,27.74,159.0,98601.64,158.94
1783574776,2624,98600.0,27.75,159.09,98600.6,159.03
1783574776,2625,98599.0,27.75,159.18,98600.33,159.06
1783574776,2626,98601.0,27.75,159.0,98600.45,159.05
1783574776,2627,98598.0,27.75,159.26,98600.02,159.08
1783574777,2628,98602.0,27.76,158.91,98600.37,159.05
1783574777,2629,98599.0,27.75,159.18,98600.13,159.08
1783574777,2630,98603.0,27.76,158.82,98600.63,159.03
1783574777,2631,98602.0,27.76,158.91,98600.86,159.01
1783574777,2632,98602.0,27.76,158.91,98600.86,159.01
1783574777,2633,98602.0,27.76,158.91,98601.19,158.98
1783574777,2634,98602.0,27.77,158.91,98601.33,158.97
1783574777,2635,98600.0,27.77,159.09,98601.1,158.99
1783574778,2636,98602.0,27.77,158.91,98601.26,158.98
1783574778,2637,98601.0,27.77,159.0,98601.21,158.98
1783574778,2638,98601.0,27.77,159.0,98601.17,158.98
1783574778,2639,98600.0,27.77,159.09,98600.97,159.0
1783574778,2640,98601.0,27.77,159.0,98600.98,159.0
1783574778,2641,98601.0,27.77,159.0,98600.98,159.0
1783574778,2642,98602.0,27.77,158.91,98600.93,159.0
1783574778,2643,98603.0,27.77,158.82,98601.29,158.97
1783574779,2644,98602.0,27.77,158.91,98601.41,158.96
1783574779,2645,98602.0,27.78,158.91,98601.52,158.95
1783574779,2646,98601.0,27.78,159.0,98601.43,158.96
1783574779,2647,98601.0,27.78,159.0,98601.36,158.97
1783574779,2648,98605.0,27.78,158.65,98601.98,158.92
1783574779,2649,98601.0,27.78,159.0,98601.81,158.93
1783574779,2650,98601.0,27.78,159.0,98601.81,158.93
1783574779,2651,98601.0,27.78,159.0,98601.48,158.96
1783574779,2652,98600.0,27.78,159.09,98601.22,158.98
1783574780,2653,98602.0,27.78,158.91,98601.35,158.97
1783574780,2654,98601.0,27.79,159.0,98601.29,158.98
1783574780,2655,98601.0,27.79,159.0,98601.24,158.98
1783574780,2656,98601.0,27.79,159.0,98601.2,158.99
1783574780,2657,98601.0,27.79,159.0,98601.17,158.99
1783574780,2658,98598.0,27.79,159.27,98600.63,159.04
1783574780,2659,98598.0,27.79,159.27,98600.63,159.04
1783574780,2660,98601.0,27.79,159.0,98601.13,158.99
1783574781,2661,98603.0,27.8,158.82,98601.45,158.96
1783574781,2662,98599.0,27.8,159.18,98601.03,159.0
1783574781,2663,98601.0,27.8,159.0,98601.02,159.0
1783574781,2664,98603.0,27.8,158.82,98601.37,158.97
1783574781,2665,98603.0,27.8,158.82,98601.65,158.94
1783574781,2666,98602.0,27.8,158.91,98601.71,158.94
1783574781,2667,98600.0,27.8,159.09,98601.41,158.96
1783574781,2668,98600.0,27.8,159.09,98601.41,158.96
1783574782,2669,98602.0,27.8,158.91,98600.74,159.03
1783574782,2670,98601.0,27.8,159.0,98600.79,159.02
1783574782,2671,98601.0,27.8,159.0,98600.83,159.02
1783574782,2672,98600.0,27.8,159.09,98600.69,159.03
1783574782,2673,98602.0,27.81,158.91,98600.91,159.01
1783574782,2674,98600.0,27.81,159.09,98600.76,159.02
1783574782,2675,98601.0,27.81,159.0,98600.8,159.02
1783574782,2676,98602.0,27.81,158.91,98601.01,159.0
1783574782,2677,98602.0,27.81,158.91,98601.01,159.0
1783574783,2678,98603.0,27.81,158.83,98601.37,158.97
1783574783,2679,98599.0,27.81,159.18,98600.96,159.01
1783574783,2680,98599.0,27.81,159.18,98600.63,159.04
1783574783,2681,98602.0,27.81,158.91,98600.86,159.02
1783574783,2682,98602.0,27.81,158.91,98601.05,159.0
1783574783,2683,98600.0,27.81,159.09,98600.88,159.01
1783574783,2684,98602.0,27.81,158.91,98601.07,159.0
1783574783,2685,98600.0,27.81,159.09,98600.88,159.01
1783574783,2686,98600.0,27.81,159.09,98600.88,159.01
1783574784,2687,98603.0,27.81,158.83,98601.13,158.99
1783574784,2688,98600.0,27.81,159.09,98600.93,159.01
1783574784,2689,98601.0,27.81,159.0,98600.95,159.01
1783574784,2690,98600.0,27.81,159.09,98600.78,159.02
1783574784,2691,98602.0,27.81,158.91,98600.99,159.0
1783574784,2692,98601.0,27.81,159.0,98600.99,159.0
1783574784,2693,98599.0,27.81,159.18,98600.65,159.03
1783574784,2694,98604.0,27.81,158.74,98601.23,158.98
1783574784,2695,98604.0,27.81,158.74,98601.23,158.98
1783574785,2696,98602.0,27.81,158.91,98601.16,158.99
1783574785,2697,98598.0,27.81,159.27,98600.61,159.04
1783574785,2698,98602.0,27.81,158.92,98600.85,159.02
1783574785,2699,98601.0,27.81,159.01,98600.88,159.02
1783574785,2700,98602.0,27.81,158.92,98601.07,159.0
1783574785,2701,98602.0,27.81,158.92,98601.23,158.99
1783574785,2702,98601.0,27.81,159.01,98601.2,158.99
1783574785,2703,98600.0,27.81,159.1,98600.99,159.01
1783574786,2704,98600.0,27.81,159.1,98600.99,159.01
1783574786,2705,98601.0,27.81,159.01,98601.46,158.97
1783574786,2706,98600.0,27.81,159.1,98601.21,158.99
1783574786,2707,98602.0,27.81,158.92,98601.34,158.98
1783574786,2708,98601.0,27.81,159.01,98601.28,158.98
1783574786,2709,98598.0,27.81,159.27,98600.72,159.03
1783574786,2710,98600.0,27.81,159.1,98600.59,159.04
1783574786,2711,98601.0,27.81,159.01,98600.66,159.04
1783574787,2712,98600.0,27.81,159.1,98600.55,159.05
1783574787,2713,98600.0,27.81,159.1,98600.55,159.05
1783574787,2714,98601.0,27.81,159.01,98600.53,159.05
1783574787,2715,98600.0,27.81,159.1,98600.44,159.06
1783574787,2716,98601.0,27.81,159.01,98600.53,159.05
1783574787,2717,98600.0,27.81,159.1,98600.44,159.06
1783574787,2718,98601.0,27.81,159.01,98600.53,159.05
1783574787,2719,98602.0,27.81,158.92,98600.78,159.03
1783574787,2720,98600.0,27.81,159.1,98600.65,159.04
1783574788,2721,98602.0,27.81,158.92,98600.88,159.02
1783574788,2722,98602.0,27.81,158.92,98600.88,159.02
1783574788,2723,98603.0,27.81,158.83,98600.94,159.01
1783574788,2724,98600.0,27.81,159.1,98600.77,159.03
1783574788,2725,98603.0,27.81,158.83,98601.16,158.99
1783574788,2726,98600.0,27.81,159.1,98600.95,159.01
1783574788,2727,98602.0,27.81,158.92,98601.13,159.0
1783574788,2728,98599.0,27.81,159.19,98600.77,159.03
1783574789,2729,98600.0,27.81,159.1,98600.63,159.04
1783574789,2730,98601.0,27.81,159.01,98600.7,159.04
1783574789,2731,98601.0,27.81,159.01,98600.7,159.04
1783574789,2732,98601.0,27.81,159.01,98600.84,159.02
1783574789,2733,98601.0,27.81,159.01,98600.87,159.02
1783574789,2734,98602.0,27.81,158.92,98601.06,159.0
1783574789,2735,98600.0,27.81,159.1,98600.88,159.02
1783574789,2736,98600.0,27.81,159.1,98600.73,159.03
1783574790,2737,98600.0,27.81,159.1,98600.61,159.04
1783574790,2738,98602.0,27.81,158.92,98600.85,159.02
1783574790,2739,98602.0,27.81,158.92,98601.05,159.0
1783574790,2740,98602.0,27.81,158.92,98601.05,159.0
1783574790,2741,98599.0,27.81,159.19,98601.13,159.0
1783574790,2742,98601.0,27.81,159.01,98601.11,159.0
1783574790,2743,98599.0,27.81,159.19,98600.74,159.03
1783574790,2744,98601.0,27.81,159.01,98600.79,159.03
1783574790,2745,98601.0,27.8,159.01,98600.83,159.02
1783574791,2746,98602.0,27.8,158.92,98601.03,159.01
1783574791,2747,98599.0,27.8,159.19,98600.68,159.04
1783574791,2748,98601.0,27.8,159.01,98600.73,159.03
1783574791,2749,98601.0,27.8,159.01,98600.73,159.03
1783574791,2750,98602.0,27.8,158.92,98600.45,159.06
1783574791,2751,98599.0,27.8,159.19,98600.2,159.08
1783574791,2752,98602.0,27.8,158.92,98600.51,159.05
1783574791,2753,98600.0,27.8,159.1,98600.42,159.06
1783574792,2754,98603.0,27.8,158.83,98600.87,159.02
1783574792,2755,98602.0,27.8,158.92,98601.06,159.0
1783574792,2756,98601.0,27.8,159.01,98601.05,159.0
1783574792,2757,98601.0,27.8,159.01,98601.05,159.0
1783574792,2758,98601.0,27.8,159.01,98601.05,159.0
1783574792,2759,98601.0,27.8,159.01,98601.33,158.98
1783574792,2760,98602.0,27.81,158.92,98601.45,158.97
1783574792,2761,98601.0,27.8,159.01,98601.37,158.98
1783574793,2762,98601.0,27.8,159.01,98601.3,158.98
1783574793,2763,98603.0,27.8,158.83,98601.59,158.96
1783574793,2764,98600.0,27.8,159.1,98601.32,158.98
1783574793,2765,98601.0,27.81,159.01,98601.27,158.98
1783574793,2766,98602.0,27.81,158.92,98601.39,158.97
1783574793,2767,98602.0,27.81,158.92,98601.39,158.97
1783574793,2768,98600.0,27.8,159.1,98600.66,159.04
1783574793,2769,98601.0,27.8,159.01,98600.72,159.03
1783574793,2770,98602.0,27.8,158.92,98600.94,159.01
1783574794,2771,98599.0,27.8,159.19,98600.6,159.04
1783574794,2772,98600.0,27.8,159.1,98600.5,159.05
1783574794,2773,98601.0,27.8,159.01,98600.59,159.05
1783574794,2774,98602.0,27.8,158.92,98600.83,159.02
1783574794,2775,98601.0,27.8,159.01,98600.86,159.02
1783574794,2776,98601.0,27.8,159.01,98600.86,159.02
1783574794,2777,98598.0,27.79,159.27,98600.27,159.07
1783574794,2778,98602.0,27.79,158.92,98600.57,159.05
1783574795,2779,98602.0,27.79,158.92,98600.82,159.02
1783574795,2780,98599.0,27.78,159.19,98600.51,159.05
1783574795,2781,98601.0,27.78,159.01,98600.59,159.04
1783574795,2782,98600.0,27.78,159.1,98600.49,159.05
1783574795,2783,98601.0,27.78,159.01,98600.58,159.05
1783574795,2784,98601.0,27.77,159.01,98600.65,159.05
1783574795,2785,98601.0,27.77,159.01,98600.65,159.05
1783574795,2786,98600.0,27.77,159.1,98600.33,159.07
1783574795,2787,98602.0,27.77,158.93,98600.62,159.05
1783574796,2788,98599.0,27.77,159.19,98600.34,159.07
1783574796,2789,98601.0,27.77,159.01,98600.45,159.06
1783574796,2790,98600.0,27.77,159.1,98600.38,159.07
1783574796,2791,98598.0,27.76,159.28,98599.97,159.11
1783574796,2792,98599.0,27.77,159.19,98599.8,159.12
1783574796,2793,98602.0,27.76,158.93,98600.18,159.09
1783574796,2794,98602.0,27.76,158.93,98600.18,159.09
1783574796,2795,98602.0,27.77,158.93,98600.38,159.07
1783574797,2796,98601.0,27.77,159.01,98600.49,159.06
1783574797,2797,98604.0,27.77,158.75,98601.09,159.01
1783574797,2798,98600.0,27.77,159.1,98600.91,159.02
1783574797,2799,98602.0,27.77,158.93,98601.09,159.01
1783574797,2800,98602.0,27.77,158.93,98601.25,158.99
1783574797,2801,98599.0,27.77,159.19,98600.86,159.03
1783574797,2802,98602.0,27.77,158.93,98601.05,159.01
1783574797,2803,98602.0,27.77,158.93,98601.05,159.01
1783574798,2804,98600.0,27.77,159.1,98600.43,159.06
1783574798,2805,98602.0,27.77,158.93,98600.7,159.04
1783574798,2806,98600.0,27.77,159.1,98600.58,159.05
1783574798,2807,98599.0,27.77,159.2,98600.3,159.08
1783574798,2808,98598.0,27.77,159.29,98599.91,159.12
1783574798,2809,98602.0,27.78,158.93,98600.27,159.08
1783574798,2810,98602.0,27.77,158.93,98600.56,159.06
1783574798,2811,98602.0,27.77,158.93,98600.81,159.04
1783574798,2812,98602.0,27.77,158.93,98600.81,159.04
1783574799,2813,98602.0,27.77,158.93,98600.77,159.04
1783574799,2814,98599.0,27.77,159.2,98600.47,159.07
1783574799,2815,98600.0,27.77,159.11,98600.39,159.07
1783574799,2816,98600.0,27.77,159.11,98600.32,159.08
1783574799,2817,98601.0,27.77,159.02,98600.44,159.07
1783574799,2818,98601.0,27.77,159.02,98600.53,159.06
1783574799,2819,98601.0,27.77,159.02,98600.61,159.05
1783574799,2820,98603.0,27.77,158.84,98601.02,159.02
1783574799,2821,98603.0,27.77,158.84,98601.02,159.02
1783574800,2822,98601.0,27.77,159.01,98601.02,159.01
1783574800,2823,98601.0,27.77,159.01,98601.02,159.01
1783574800,2824,98601.0,27.78,159.01,98601.02,159.01
1783574800,2825,98601.0,27.77,159.01,98601.02,159.01
1783574800,2826,98601.0,27.78,159.01,98601.02,159.01
1783574800,2827,98602.0,27.78,158.93,98601.19,159.0
1783574800,2828,98602.0,27.78,158.93,98601.33,158.98
1783574800,2829,98603.0,27.78,158.84,98601.62,158.96
1783574801,2830,98603.0,27.78,158.84,98601.62,158.96
1783574801,2831,98601.0,27.78,159.01,98602.25,158.9
1783574801,2832,98600.0,27.78,159.1,98601.86,158.94
1783574801,2833,98602.0,27.78,158.93,98601.88,158.94
1783574801,2834,98601.0,27.78,159.01,98601.73,158.95
1783574801,2835,98600.0,27.78,159.1,98601.44,158.98
1783574801,2836,98601.0,27.77,159.01,98601.36,158.98
1783574801,2837,98600.0,27.78,159.1,98601.13,159.0
1783574801,2838,98601.0,27.78,159.01,98601.1,159.01
1783574802,2839,98601.0,27.78,159.01,98601.1,159.01
1783574802,2840,98600.0,27.78,159.1,98601.17,159.0
1783574802,2841,98600.0,27.78,159.1,98600.97,159.02
1783574802,2842,98601.0,27.77,159.01,98600.98,159.02
1783574802,2843,98601.0,27.77,159.01,98600.98,159.02
1783574802,2844,98603.0,27.77,158.84,98601.33,158.98
1783574802,2845,98600.0,27.77,159.1,98601.1,159.01
1783574802,2846,98600.0,27.77,159.1,98600.91,159.02
1783574803,2847,98603.0,27.77,158.83,98601.27,158.98
1783574803,2848,98603.0,27.77,158.83,98601.27,158.98
1783574803,2849,98600.0,27.77,159.1,98600.7,159.04
1783574803,2850,98600.0,27.77,159.1,98600.58,159.05
1783574803,2851,98601.0,27.77,159.01,98600.65,159.05
1783574803,2852,98598.0,27.77,159.28,98600.2,159.09
1783574803,2853,98599.0,27.77,159.19,98599.99,159.1
1783574803,2854,98602.0,27.77,158.93,98600.34,159.07
1783574804,2855,98600.0,27.77,159.1,98600.28,159.08
1783574804,2856,98601.0,27.77,159.01,98600.41,159.07
1783574804,2857,98601.0,27.77,159.01,98600.41,159.07
1783574804,2858,98600.0,27.76,159.1,98600.62,159.05
1783574804,2859,98599.0,27.76,159.19,98600.34,159.07
1783574804,2860,98601.0,27.76,159.01,98600.45,159.06
1783574804,2861,98600.0,27.76,159.1,98600.38,159.07
1783574804,2862,98602.0,27.76,158.93,98600.66,159.04
1783574804,2863,98600.0,27.76,159.1,98600.55,159.05
1783574805,2864,98603.0,27.76,158.84,98600.97,159.02
1783574805,2865,98602.0,27.75,158.93,98601.15,159.0
1783574805,2866,98602.0,27.75,158.93,98601.15,159.0
1783574805,2867,98601.0,27.74,159.02,98601.27,159.0
1783574805,2868,98602.0,27.74,158.93,98601.39,158.98
1783574805,2869,98601.0,27.74,159.02,98601.32,158.99
1783574805,2870,98600.0,27.74,159.11,98601.09,159.01
1783574805,2871,98601.0,27.74,159.02,98601.08,159.01
1783574806,2872,98601.0,27.74,159.02,98601.06,159.01
1783574806,2873,98600.0,27.74,159.11,98600.88,159.03
1783574806,2874,98601.0,27.74,159.02,98600.91,159.03
1783574806,2875,98601.0,27.74,159.02,98600.91,159.03
1783574806,2876,98600.0,27.74,159.11,98600.77,159.04
1783574806,2877,98600.0,27.74,159.11,98600.63,159.05
1783574806,2878,98601.0,27.74,159.02,98600.7,159.05
1783574806,2879,98601.0,27.74,159.02,98600.75,159.04
1783574806,2880,98601.0,27.74,159.02,98600.8,159.04
1783574807,2881,98599.0,27.74,159.2,98600.48,159.07
1783574807,2882,98601.0,27.74,159.02,98600.57,159.06
1783574807,2883,98602.0,27.75,158.93,98600.82,159.04
1783574807,2884,98602.0,27.75,158.93,98600.82,159.04
1783574807,2885,98599.0,27.75,159.2,98600.33,159.08
1783574807,2886,98598.0,27.75,159.29,98599.93,159.11
1783574807,2887,98599.0,27.75,159.2,98599.77,159.13
1783574807,2888,98600.0,27.75,159.11,98599.8,159.13
1783574808,2889,98603.0,27.75,158.84,98600.36,159.08
1783574808,2890,98602.0,27.75,158.93,98600.64,159.05
1783574808,2891,98603.0,27.75,158.84,98601.05,159.02
1783574808,2892,98601.0,27.75,159.02,98601.04,159.02
1783574808,2893,98601.0,27.75,159.02,98601.04,159.02
1783574808,2894,98600.0,27.74,159.11,98600.82,159.04
1783574808,2895,98600.0,27.74,159.11,98600.68,159.05
1783574808,2896,98602.0,27.74,158.93,98600.91,159.03
1783574809,2897,98598.0,27.74,159.29,98600.41,159.07
1783574809,2898,98598.0,27.74,159.29,98599.99,159.11
1783574809,2899,98601.0,27.74,159.01,98600.16,159.09
1783574809,2900,98599.0,27.74,159.19,98599.96,159.11
1783574809,2901,98603.0,27.74,158.84,98600.48,159.06
1783574809,2902,98603.0,27.74,158.84,98600.48,159.06
1783574809,2903,98601.0,27.74,159.01,98600.86,159.03
1783574809,2904,98602.0,27.74,158.93,98601.05,159.01
1783574809,2905,98603.0,27.74,158.84,98601.39,158.98
1783574810,2906,98599.0,27.74,159.19,98600.98,159.02
1783574810,2907,98601.0,27.74,159.01,98600.98,159.02
1783574810,2908,98602.0,27.74,158.93,98601.16,159.0
1783574810,2909,98600.0,27.74,159.1,98600.95,159.02
1783574810,2910,98601.0,27.74,159.01,98600.96,159.02
1783574810,2911,98601.0,27.74,159.01,98600.96,159.02
1783574810,2912,98601.0,27.74,159.01,98601.02,159.01
1783574810,2913,98602.0,27.74,158.93,98601.19,159.0
1783574811,2914,98600.0,27.74,159.1,98600.98,159.02
1783574811,2915,98602.0,27.74,158.93,98601.16,159.0
1783574811,2916,98599.0,27.74,159.19,98600.78,159.03
1783574811,2917,98604.0,27.74,158.74,98601.34,158.98
1783574811,2918,98600.0,27.74,159.1,98601.11,159.0
1783574811,2919,98600.0,27.74,159.1,98600.92,159.02
1783574811,2920,98600.0,27.74,159.1,98600.92,159.02
1783574811,2921,98602.0,27.74,158.92,98600.93,159.02
1783574812,2922,98602.0,27.75,158.92,98601.12,159.0
1783574812,2923,98602.0,27.75,158.92,98601.27,158.98
1783574812,2924,98601.0,27.75,159.01,98601.22,158.99
1783574812,2925,98601.0,27.75,159.01,98601.18,158.99
1783574812,2926,98600.0,27.75,159.1,98600.98,159.01
1783574812,2927,98597.0,27.75,159.36,98600.29,159.07
1783574812,2928,98600.0,27.75,159.1,98600.24,159.08
1783574812,2929,98600.0,27.75,159.1,98600.24,159.08
1783574812,2930,98600.0,27.76,159.1,98600.24,159.08
1783574813,2931,98602.0,27.76,158.92,98600.55,159.05
1783574813,2932,98598.0,27.75,159.27,98600.11,159.09
1783574813,2933,98602.0,27.76,158.92,98600.44,159.06
1783574813,2934,98602.0,27.76,158.92,98600.7,159.03
1783574813,2935,98601.0,27.76,159.01,98600.76,159.03
1783574813,2936,98601.0,27.76,159.01,98600.8,159.03
1783574813,2937,98598.0,27.76,159.27,98600.31,159.07
1783574813,2938,98598.0,27.76,159.27,98600.31,159.07
1783574814,2939,98599.0,27.76,159.19,98599.97,159.1
1783574814,2940,98602.0,27.75,158.92,98600.32,159.07
1783574814,2941,98601.0,27.76,159.01,98600.44,159.06
1783574814,2942,98600.0,27.75,159.1,98600.36,159.07
1783574814,2943,98600.0,27.75,159.1,98600.3,159.07
1783574814,2944,98600.0,27.75,159.1,98600.24,159.08
1783574814,2945,98601.0,27.75,159.01,98600.38,159.06
1783574814,2946,98601.0,27.75,159.01,98600.48,159.05
1783574814,2947,98601.0,27.75,159.01,98600.48,159.05
1783574815,2948,98603.0,27.75,158.83,98601.3,158.98
1783574815,2949,98603.0,27.75,158.83,98601.59,158.96
1783574815,2950,98599.0,27.74,159.19,98601.15,159.0
1783574815,2951,98601.0,27.75,159.01,98601.13,159.0
1783574815,2952,98603.0,27.74,158.83,98601.45,158.97
1783574815,2953,98600.0,27.74,159.1,98601.2,158.99
1783574815,2954,98600.0,27.74,159.1,98600.99,159.01
1783574815,2955,98602.0,27.74,158.92,98601.16,158.99
1783574815,2956,98602.0,27.74,158.92,98601.16,158.99
1783574816,2957,98599.0,27.74,159.19,98600.82,159.02
1783574816,2958,98603.0,27.74,158.83,98601.2,158.99
1783574816,2959,98600.0,27.73,159.1,98600.99,159.01
1783574816,2960,98600.0,27.74,159.1,98600.82,159.02
1783574816,2961,98601.0,27.74,159.01,98600.85,159.02
1783574816,2962,98596.0,27.74,159.45,98600.02,159.1
1783574816,2963,98601.0,27.74,159.01,98600.19,159.08
1783574816,2964,98601.0,27.74,159.01,98600.33,159.07
1783574817,2965,98601.0,27.74,159.01,98600.33,159.07
1783574817,2966,98599.0,27.74,159.19,98600.44,159.06
1783574817,2967,98602.0,27.74,158.93,98600.7,159.04
1783574817,2968,98601.0,27.74,159.01,98600.76,159.04
1783574817,2969,98599.0,27.75,159.19,98600.45,159.06
1783574817,2970,98603.0,27.75,158.84,98600.89,159.02
1783574817,2971,98600.0,27.75,159.1,98600.73,159.04
1783574817,2972,98602.0,27.75,158.93,98600.95,159.02
1783574817,2973,98600.0,27.75,159.1,98600.79,159.03
1783574818,2974,98600.0,27.75,159.1,98600.79,159.03
1783574818,2975,98602.0,27.75,158.93,98600.62,159.05
1783574818,2976,98601.0,27.75,159.01,98600.68,159.04
1783574818,2977,98601.0,27.75,159.01,98600.73,159.04
1783574818,2978,98601.0,27.75,159.01,98600.78,159.03
1783574818,2979,98598.0,27.75,159.28,98600.3,159.08
1783574818,2980,98604.0,27.75,158.75,98600.95,159.02
1783574818,2981,98601.0,27.75,159.01,98600.95,159.02
1783574819,2982,98601.0,27.75,159.01,98600.96,159.02
1783574819,2983,98601.0,27.75,159.01,98600.96,159.02
1783574819,2984,98600.0,27.75,159.1,98600.95,159.02
1783574819,2985,98601.0,27.75,159.01,98600.96,159.02
1783574819,2986,98600.0,27.75,159.1,98600.8,159.03
1783574819,2987,98597.0,27.74,159.37,98600.14,159.09
1783574819,2988,98600.0,27.75,159.1,98600.12,159.09
1783574819,2989,98601.0,27.75,159.01,98600.27,159.08
1783574820,2990,98600.0,27.75,159.1,98600.22,159.08
1783574820,2991,98601.0,27.75,159.01,98600.35,159.07
1783574820,2992,98601.0,27.75,159.01,98600.35,159.07
1783574820,2993,98598.0,27.75,159.29,98599.96,159.11
1783574820,2994,98600.0,27.75,159.11,98599.97,159.11
1783574820,2995,98598.0,27.75,159.29,98599.63,159.14
1783574820,2996,98602.0,27.75,158.93,98600.04,159.1
1783574820,2997,98602.0,27.75,158.93,98600.38,159.07
1783574820,2998,98598.0,27.75,159.29,98599.97,159.11
1783574821,2999,98598.0,27.75,159.29,98599.63,159.14
1783574821,3000,98599.0,27.75,159.2,98599.52,159.15
1783574821,3001,98599.0,27.75,159.2,98599.52,159.15
1783574821,3002,98600.0,27.75,159.11,98600.18,159.09
1783574821,3003,98600.0,27.75,159.11,98600.15,159.09
1783574821,3004,98599.0,27.75,159.2,98599.95,159.12
1783574821,3005,98600.0,27.75,159.11,98599.96,159.12
1783574821,3006,98597.0,27.75,159.38,98599.45,159.16
1783574822,3007,98601.0,27.75,159.02,98599.72,159.14
1783574822,3008,98600.0,27.75,159.11,98599.77,159.13
1783574822,3009,98599.0,27.75,159.2,98599.63,159.15
1783574822,3010,98599.0,27.75,159.2,98599.63,159.15
1783574822,3011,98600.0,27.75,159.11,98599.71,159.14
1783574822,3012,98601.0,27.75,159.02,98599.93,159.12
1783574822,3013,98601.0,27.75,159.02,98600.12,159.1
1783574822,3014,98601.0,27.75,159.02,98600.27,159.09
1783574823,3015,98602.0,27.75,158.94,98600.56,159.06
1783574823,3016,98600.0,27.75,159.11,98600.47,159.07
1783574823,3017,98601.0,27.75,159.02,98600.56,159.06
1783574823,3018,98602.0,27.75,158.94,98600.81,159.04
1783574823,3019,98602.0,27.75,158.94,98600.81,159.04
1783574823,3020,98600.0,27.76,159.11,98600.31,159.09
1783574823,3021,98602.0,27.76,158.94,98600.6,159.06
1783574823,3022,98601.0,27.76,159.02,98600.67,159.05
1783574823,3023,98601.0,27.76,159.02,98600.73,159.05
1783574824,3024,98603.0,27.76,158.85,98601.12,159.02
1783574824,3025,98602.0,27.76,158.94,98601.27,159.01
1783574824,3026,98602.0,27.76,158.94,98601.39,159.0
1783574824,3027,98600.0,27.76,159.12,98601.15,159.02
1783574824,3028,98600.0,27.76,159.12,98601.15,159.02
1783574824,3029,98602.0,27.76,158.94,98600.63,159.06
1783574824,3030,98601.0,27.76,159.03,98600.69,159.06
1783574824,3031,98600.0,27.75,159.12,98600.57,159.07
1783574825,3032,98602.0,27.76,158.94,98600.82,159.05
1783574825,3033,98601.0,27.75,159.03,98600.85,159.04
1783574825,3034,98599.0,27.75,159.21,98600.53,159.07
1783574825,3035,98600.0,27.75,159.12,98600.44,159.08
1783574825,3036,98601.0,27.75,159.03,98600.53,159.07
1783574825,3037,98601.0,27.75,159.03,98600.53,159.07
1783574825,3038,98600.0,27.73,159.11,98600.66,159.05
1783574825,3039,98601.0,27.73,159.02,98600.72,159.05
1783574825,3040,98601.0,27.73,159.02,98600.77,159.05
1783574826,3041,98600.0,27.73,159.11,98600.63,159.06
1783574826,3042,98599.0,27.73,159.2,98600.35,159.08
1783574826,3043,98598.0,27.72,159.29,98599.95,159.12
1783574826,3044,98599.0,27.72,159.2,98599.78,159.13
1783574826,3045,98600.0,27.72,159.11,98599.82,159.13
1783574826,3046,98600.0,27.72,159.11,98599.82,159.13
1783574826,3047,98598.0,27.71,159.29,98599.48,159.16
1783574826,3048,98600.0,27.71,159.11,98599.57,159.15
1783574827,3049,98603.0,27.71,158.85,98600.16,159.1
1783574827,3050,98601.0,27.71,159.02,98600.3,159.09
1783574827,3051,98598.0,27.71,159.29,98599.91,159.12
1783574827,3052,98600.0,27.71,159.11,98599.92,159.12
1783574827,3053,98600.0,27.71,159.11,98599.94,159.12
1783574827,3054,98600.0,27.71,159.11,98599.95,159.12
1783574827,3055,98600.0,27.71,159.11,98599.95,159.12
1783574827,3056,98600.0,27.7,159.11,98599.88,159.12
1783574828,3057,98599.0,27.69,159.2,98599.73,159.14
1783574828,3058,98598.0,27.69,159.29,98599.43,159.16
1783574828,3059,98600.0,27.69,159.11,98599.53,159.15
1783574828,3060,98600.0,27.69,159.11,98599.61,159.15
1783574828,3061,98601.0,27.69,159.02,98599.85,159.13
1783574828,3062,98599.0,27.69,159.2,98599.7,159.14
1783574828,3063,98599.0,27.68,159.2,98599.58,159.15
1783574828,3064,98599.0,27.68,159.2,98599.58,159.15
1783574828,3065,98599.0,27.68,159.2,98599.45,159.16
1783574829,3066,98601.0,27.69,159.02,98599.71,159.14
1783574829,3067,98599.0,27.68,159.2,98599.59,159.15
1783574829,3068,98601.0,27.68,159.02,98599.83,159.13
1783574829,3069,98599.0,27.69,159.2,98599.69,159.14
1783574829,3070,98601.0,27.69,159.02,98599.91,159.12
1783574829,3071,98600.0,27.69,159.11,98599.93,159.12
1783574829,3072,98601.0,27.69,159.02,98600.12,159.1
1783574829,3073,98601.0,27.69,159.02,98600.12,159.1
1783574830,3074,98600.0,27.69,159.11,98599.7,159.14
1783574830,3075,98602.0,27.69,158.94,98600.09,159.1
1783574830,3076,98599.0,27.69,159.2,98599.91,159.12
1783574830,3077,98600.0,27.7,159.11,98599.92,159.12
1783574830,3078,98602.0,27.69,158.94,98600.28,159.09
1783574830,3079,98600.0,27.69,159.11,98600.23,159.09
1783574830,3080,98600.0,27.7,159.11,98600.2,159.1
1783574830,3081,98599.0,27.69,159.2,98599.99,159.11
1783574830,3082,98599.0,27.69,159.2,98599.99,159.11
1783574831,3083,98600.0,27.69,159.11,98599.76,159.13
1783574831,3084,98602.0,27.7,158.94,98600.14,159.1
1783574831,3085,98602.0,27.7,158.94,98600.46,159.07
1783574831,3086,98601.0,27.7,159.02,98600.55,159.06
1783574831,3087,98599.0,27.69,159.2,98600.29,159.09
1783574831,3088,98600.0,27.69,159.11,98600.24,159.09
1783574831,3089,98599.0,27.7,159.2,98600.03,159.11
1783574831,3090,98600.0,27.69,159.11,98600.02,159.11
1783574831,3091,98600.0,27.69,159.11,98600.02,159.11
1783574832,3092,98601.0,27.7,159.02,98600.05,159.1
1783574832,3093,98598.0,27.69,159.29,98599.7,159.14
1783574832,3094,98600.0,27.7,159.11,98599.75,159.13
1783574832,3095,98600.0,27.7,159.11,98599.8,159.13
1783574832,3096,98601.0,27.69,159.02,98600.01,159.11
1783574832,3097,98602.0,27.7,158.93,98600.35,159.08
1783574832,3098,98599.0,27.69,159.2,98600.12,159.1
1783574832,3099,98599.0,27.69,159.2,98599.92,159.11
1783574833,3100,98599.0,27.69,159.2,98599.92,159.11
1783574833,3101,98600.0,27.69,159.1,98599.8,159.12
1783574833,3102,98599.0,27.69,159.19,98599.66,159.13
1783574833,3103,98597.0,27.68,159.37,98599.2,159.17
1783574833,3104,98601.0,27.69,159.01,98599.51,159.15
1783574833,3105,98600.0,27.68,159.1,98599.59,159.14
1783574833,3106,98601.0,27.69,159.01,98599.84,159.12
1783574833,3107,98600.0,27.69,159.1,98599.87,159.11
1783574834,3108,98598.0,27.68,159.28,98599.55,159.14
1783574834,3109,98598.0,27.68,159.28,98599.55,159.14
1783574834,3110,98601.0,27.69,159.01,98600.05,159.1
1783574834,3111,98600.0,27.69,159.1,98600.04,159.1
1783574834,3112,98601.0,27.69,159.01,98600.2,159.08
1783574834,3113,98598.0,27.69,159.28,98599.82,159.12
1783574834,3114,98600.0,27.69,159.1,98599.85,159.12
1783574834,3115,98601.0,27.69,159.01,98600.05,159.1
1783574834,3116,98602.0,27.69,158.93,98600.38,159.07
1783574835,3117,98602.0,27.69,158.93,98600.66,159.04
1783574835,3118,98602.0,27.69,158.93,98600.66,159.04
1783574835,3119,98600.0,27.69,159.11,98600.38,159.07
1783574835,3120,98602.0,27.69,158.93,98600.66,159.05
1783574835,3121,98602.0,27.69,158.93,98600.89,159.03
1783574835,3122,98600.0,27.69,159.11,98600.73,159.04
1783574835,3123,98602.0,27.69,158.93,98600.95,159.02
1783574835,3124,98598.0,27.69,159.29,98600.45,159.07
1783574836,3125,98599.0,27.7,159.2,98600.2,159.09
1783574836,3126,98600.0,27.7,159.11,98600.16,159.09
1783574836,3127,98600.0,27.7,159.11,98600.16,159.09
1783574836,3128,98596.0,27.69,159.46,98599.59,159.14
1783574836,3129,98601.0,27.69,159.02,98599.84,159.12
1783574836,3130,98599.0,27.69,159.2,98599.7,159.14
1783574836,3131,98599.0,27.7,159.2,98599.58,159.15
1783574836,3132,98602.0,27.69,158.93,98599.99,159.11
1783574836,3133,98600.0,27.7,159.11,98599.99,159.11
1783574837,3134,98601.0,27.7,159.02,98600.16,159.09
1783574837,3135,98600.0,27.7,159.11,98600.13,159.1
1783574837,3136,98600.0,27.7,159.11,98600.13,159.1
1783574837,3137,98600.0,27.7,159.11,98600.23,159.09
1783574837,3138,98600.0,27.7,159.11,98600.2,159.1
1783574837,3139,98599.0,27.7,159.2,98599.99,159.11
1783574837,3140,98600.0,27.7,159.11,98599.99,159.11
1783574837,3141,98602.0,27.7,158.94,98600.34,159.08
1783574838,3142,98601.0,27.7,159.02,98600.45,159.07
1783574838,3143,98601.0,27.7,159.02,98600.55,159.06
1783574838,3144,98601.0,27.7,159.02,98600.63,159.06
1783574838,3145,98601.0,27.7,159.02,98600.63,159.06
1783574838,3146,98601.0,27.7,159.02,98600.8,159.04
1783574838,3147,98599.0,27.7,159.2,98600.48,159.07
1783574838,3148,98601.0,27.7,159.03,98600.57,159.07
1783574838,3149,98598.0,27.7,159.3,98600.13,159.11
1783574839,3150,98600.0,27.7,159.12,98600.1,159.11
1783574839,3151,98599.0,27.7,159.21,98599.91,159.13
1783574839,3152,98601.0,27.7,159.03,98600.1,159.11
1783574839,3153,98601.0,27.7,159.03,98600.26,159.1
1783574839,3154,98601.0,27.7,159.03,98600.26,159.1
1783574839,3155,98601.0,27.69,159.03,98600.77,159.05
1783574839,3156,98602.0,27.69,158.94,98600.98,159.03
1783574839,3157,98600.0,27.69,159.12,98600.8,159.05
1783574839,3158,98599.0,27.69,159.21,98600.49,159.08
1783574840,3159,98600.0,27.69,159.12,98600.41,159.08
1783574840,3160,98602.0,27.69,158.94,98600.68,159.06
1783574840,3161,98600.0,27.69,159.12,98600.56,159.07
1783574840,3162,98601.0,27.69,159.03,98600.64,159.06
1783574840,3163,98601.0,27.69,159.03,98600.64,159.06
1783574840,3164,98599.0,27.69,159.21,98600.08,159.11
1783574840,3165,98601.0,27.69,159.03,98600.23,159.1
1783574840,3166,98601.0,27.69,159.03,98600.37,159.09
1783574841,3167,98599.0,27.69,159.21,98600.13,159.11
1783574841,3168,98601.0,27.69,159.03,98600.28,159.09
1783574841,3169,98602.0,27.69,158.94,98600.58,159.07
1783574841,3170,98600.0,27.69,159.12,98600.48,159.08
1783574841,3171,98599.0,27.69,159.21,98600.22,159.1
1783574841,3172,98599.0,27.69,159.21,98600.22,159.1
1783574841,3173,98598.0,27.69,159.3,98599.61,159.15
1783574841,3174,98601.0,27.69,159.03,98599.85,159.13
1783574842,3175,98601.0,27.69,159.03,98600.05,159.11
1783574842,3176,98600.0,27.69,159.12,98600.04,159.11
1783574842,3177,98599.0,27.69,159.21,98599.86,159.13
1783574842,3178,98603.0,27.69,158.85,98600.4,159.08
1783574842,3179,98601.0,27.69,159.03,98600.5,159.07
1783574842,3180,98600.0,27.7,159.12,98600.41,159.08
1783574842,3181,98600.0,27.7,159.12,98600.41,159.08
1783574842,3182,98600.0,27.7,159.12,98600.7,159.06
1783574842,3183,98600.0,27.69,159.12,98600.58,159.07
1783574843,3184,98601.0,27.7,159.03,98600.65,159.06
1783574843,3185,98601.0,27.7,159.03,98600.71,159.06
1783574843,3186,98601.0,27.7,159.03,98600.76,159.05
1783574843,3187,98600.0,27.7,159.12,98600.63,159.06
1783574843,3188,98599.0,27.69,159.21,98600.34,159.09
1783574843,3189,98601.0,27.69,159.03,98600.45,159.08
1783574843,3190,98601.0,27.69,159.03,98600.45,159.08
1783574843,3191,98600.0,27.69,159.12,98600.26,159.1
1783574844,3192,98602.0,27.69,158.94,98600.55,159.07
1783574844,3193,98599.0,27.69,159.21,98600.29,159.09
1783574844,3194,98602.0,27.69,158.94,98600.59,159.07
1783574844,3195,98602.0,27.69,158.94,98600.83,159.05
1783574844,3196,98602.0,27.69,158.94,98601.03,159.03
1783574844,3197,98602.0,27.69,158.94,98601.2,159.01
1783574844,3198,98601.0,27.69,159.03,98601.16,159.02
1783574844,3199,98601.0,27.69,159.03,98601.16,159.02
1783574845,3200,98602.0,27.69,158.94,98600.87,159.04
1783574845,3201,98597.0,27.69,159.38,98600.2,159.1
1783574845,3202,98602.0,27.69,158.94,98600.52,159.07
1783574845,3203,98603.0,27.69,158.85,98600.95,159.03
1783574845,3204,98598.0,27.69,159.3,98600.44,159.08
1783574845,3205,98599.0,27.69,159.21,98600.19,159.1
1783574845,3206,98598.0,27.69,159.3,98599.81,159.14
1783574845,3207,98599.0,27.69,159.21,98599.67,159.15
1783574845,3208,98599.0,27.69,159.21,98599.67,159.15
1783574846,3209,98600.0,27.69,159.11,98599.87,159.12
1783574846,3210,98600.0,27.69,159.11,98599.89,159.12
1783574846,3211,98603.0,27.7,158.85,98600.43,159.08
1783574846,3212,98599.0,27.7,159.2,98600.18,159.1
1783574846,3213,98600.0,27.7,159.11,98600.15,159.1
1783574846,3214,98601.0,27.7,159.02,98600.3,159.09
1783574846,3215,98598.0,27.7,159.29,98599.9,159.12
1783574846,3216,98601.0,27.7,159.02,98600.09,159.11
1783574846,3217,98601.0,27.7,159.02,98600.09,159.11
1783574847,3218,98601.0,27.7,159.02,98600.34,159.08
1783574847,3219,98601.0,27.7,159.02,98600.45,159.07
1783574847,3220,98598.0,27.7,159.29,98600.03,159.11
1783574847,3221,98598.0,27.7,159.29,98599.68,159.14
1783574847,3222,98604.0,27.7,158.76,98600.42,159.08
1783574847,3223,98601.0,27.69,159.02,98600.52,159.07
1783574847,3224,98599.0,27.69,159.2,98600.26,159.09
1783574847,3225,98599.0,27.69,159.2,98600.04,159.11
1783574847,3226,98599.0,27.69,159.2,98600.04,159.11
1783574848,3227,98601.0,27.69,159.02,98599.57,159.15
1783574848,3228,98600.0,27.69,159.11,98599.64,159.15
1783574848,3229,98600.0,27.69,159.11,98599.7,159.14
1783574848,3230,98603.0,27.69,158.85,98600.27,159.09
1783574848,3231,98598.0,27.69,159.29,98599.88,159.12
1783574848,3232,98600.0,27.69,159.11,98599.91,159.12
1783574848,3233,98601.0,27.69,159.02,98600.09,159.1
1783574848,3234,98602.0,27.7,158.94,98600.42,159.08
1783574849,3235,98602.0,27.7,158.94,98600.42,159.08
1783574849,3236,98601.0,27.7,159.02,98600.3,159.09
1783574849,3237,98600.0,27.7,159.11,98600.24,159.09
1783574849,3238,98601.0,27.7,159.02,98600.38,159.08
1783574849,3239,98599.0,27.7,159.2,98600.14,159.1
1783574849,3240,98598.0,27.7,159.29,98599.77,159.13
1783574849,3241,98601.0,27.7,159.02,98599.98,159.11
1783574849,3242,98602.0,27.7,158.94,98600.33,159.08
1783574850,3243,98599.0,27.7,159.2,98600.1,159.1
1783574850,3244,98599.0,27.7,159.2,98600.1,159.1
1783574850,3245,98600.0,27.7,159.11,98600.36,159.08
1783574850,3246,98600.0,27.71,159.11,98600.3,159.09
1783574850,3247,98599.0,27.71,159.2,98600.07,159.11
1783574850,3248,98601.0,27.71,159.02,98600.23,159.09
1783574850,3249,98600.0,27.71,159.11,98600.2,159.1
1783574850,3250,98601.0,27.71,159.02,98600.34,159.08
1783574850,3251,98599.0,27.71,159.2,98600.11,159.1
1783574851,3252,98600.0,27.71,159.11,98600.09,159.1
1783574851,3253,98600.0,27.71,159.11,98600.09,159.1
1783574851,3254,98603.0,27.71,158.85,98600.55,159.06
1783574851,3255,98600.0,27.71,159.11,98600.46,159.07
1783574851,3256,98600.0,27.7,159.11,98600.38,159.08
1783574851,3257,98600.0,27.7,159.11,98600.32,159.08
1783574851,3258,98600.0,27.7,159.11,98600.27,159.09
1783574851,3259,98600.0,27.7,159.11,98600.22,159.09
1783574852,3260,98601.0,27.7,159.02,98600.35,159.08
1783574852,3261,98600.0,27.7,159.11,98600.29,159.09
1783574852,3262,98600.0,27.7,159.11,98600.29,159.09
1783574852,3263,98600.0,27.7,159.11,98600.12,159.1
1783574852,3264,98602.0,27.7,158.94,98600.45,159.07
1783574852,3265,98601.0,27.7,159.02,98600.54,159.07
1783574852,3266,98600.0,27.7,159.11,98600.45,159.07
1783574852,3267,98601.0,27.7,159.02,98600.54,159.07
1783574852,3268,98599.0,27.7,159.2,98600.27,159.09
1783574853,3269,98599.0,27.69,159.2,98600.05,159.11
1783574853,3270,98599.0,27.69,159.2,98599.88,159.12
1783574853,3271,98599.0,27.69,159.2,98599.88,159.12
1783574853,3272,98600.0,27.7,159.11,98600.06,159.11
1783574853,3273,98601.0,27.7,159.02,98600.23,159.09
1783574853,3274,98600.0,27.7,159.11,98600.19,159.1
1783574853,3275,98601.0,27.7,159.02,98600.33,159.08
1783574853,3276,98601.0,27.7,159.02,98600.45,159.07
1783574854,3277,98600.0,27.7,159.11,98600.37,159.08
1783574854,3278,98600.0,27.7,159.11,98600.3,159.09
1783574854,3279,98600.0,27.7,159.11,98600.25,159.09
1783574854,3280,98600.0,27.7,159.11,98600.25,159.09
1783574854,3281,98601.0,27.7,159.03,98600.55,159.07
1783574854,3282,98601.0,27.7,159.03,98600.63,159.06
1783574854,3283,98600.0,27.7,159.12,98600.52,159.07
1783574854,3284,98600.0,27.7,159.12,98600.43,159.08
1783574855,3285,98600.0,27.7,159.12,98600.36,159.09
1783574855,3286,98598.0,27.7,159.3,98599.95,159.12
1783574855,3287,98600.0,27.7,159.12,98599.96,159.12
1783574855,3288,98599.0,27.7,159.21,98599.8,159.14
1783574855,3289,98599.0,27.7,159.21,98599.8,159.14
1783574855,3290,98601.0,27.7,159.03,98600.12,159.11
1783574855,3291,98599.0,27.7,159.21,98599.92,159.13
1783574855,3292,98602.0,27.7,158.94,98600.28,159.09
1783574855,3293,98599.0,27.7,159.21,98600.06,159.11
1783574856,3294,98597.0,27.7,159.38,98599.53,159.16
1783574856,3295,98599.0,27.69,159.21,98599.44,159.17
1783574856,3296,98600.0,27.69,159.12,98599.53,159.16
1783574856,3297,98602.0,27.69,158.94,98599.95,159.12
1783574856,3298,98602.0,27.69,158.94,98599.95,159.12
1783574856,3299,98599.0,27.69,159.21,98599.66,159.15
1783574856,3300,98601.0,27.69,159.03,98599.89,159.13
1783574856,3301,98598.0,27.69,159.3,98599.56,159.16
1783574857,3302,98598.0,27.69,159.3,98599.3,159.18
1783574857,3303,98599.0,27.69,159.21,98599.24,159.19
1783574857,3304,98600.0,27.69,159.12,98599.38,159.18
1783574857,3305,98599.0,27.69,159.21,98599.31,159.18
1783574857,3306,98598.0,27.68,159.3,98599.09,159.21
1783574857,3307,98598.0,27.68,159.3,98599.09,159.21
1783574857,3308,98600.0,27.68,159.12,98599.69,159.15
1783574857,3309,98604.0,27.69,158.77,98600.43,159.09
1783574858,3310,98601.0,27.69,159.04,98600.53,159.08
1783574858,3311,98601.0,27.69,159.04,98600.61,159.07
1783574858,3312,98599.0,27.68,159.21,98600.33,159.09
1783574858,3313,98600.0,27.69,159.12,98600.27,159.1
1783574858,3314,98598.0,27.69,159.3,98599.88,159.13
1783574858,3315,98602.0,27.69,158.95,98600.25,159.1
1783574858,3316,98602.0,27.69,158.95,98600.25,159.1
1783574858,3317,98603.0,27.69,158.86,98600.47,159.08
1783574858,3318,98598.0,27.69,159.3,98600.05,159.12
1783574859,3319,98600.0,27.69,159.12,98600.04,159.12
1783574859,3320,98600.0,27.69,159.12,98600.03,159.12
1783574859,3321,98600.0,27.69,159.12,98600.02,159.12
1783574859,3322,98601.0,27.69,159.04,98600.2,159.11
1783574859,3323,98601.0,27.69,159.04,98600.34,159.09
1783574859,3324,98599.0,27.69,159.22,98600.11,159.12
1783574859,3325,98599.0,27.69,159.22,98600.11,159.12
1783574859,3326,98601.0,27.69,159.04,98600.49,159.09
1783574860,3327,98600.0,27.69,159.13,98600.41,159.09
1783574860,3328,98601.0,27.69,159.04,98600.51,159.08
1783574860,3329,98601.0,27.69,159.04,98600.59,159.08
1783574860,3330,98601.0,27.7,159.04,98600.66,159.07
1783574860,3331,98600.0,27.7,159.13,98600.55,159.08
1783574860,3332,98599.0,27.7,159.22,98600.28,159.1
1783574860,3333,98603.0,27.7,158.86,98600.75,159.06
1783574860,3334,98603.0,27.7,158.86,98600.75,159.06
1783574861,3335,98602.0,27.7,158.95,98600.34,159.1
1783574861,3336,98602.0,27.7,158.95,98600.63,159.07
1783574861,3337,98599.0,27.7,159.22,98600.34,159.1
1783574861,3338,98602.0,27.7,158.95,98600.63,159.07
1783574861,3339,98600.0,27.7,159.13,98600.52,159.08
1783574861,3340,98601.0,27.7,159.04,98600.61,159.08
1783574861,3341,98600.0,27.7,159.13,98600.51,159.08
1783574861,3342,98599.0,27.69,159.22,98600.25,159.11
1783574861,3343,98599.0,27.69,159.22,98600.25,159.11
1783574862,3344,98600.0,27.69,159.13,98600.39,159.09
1783574862,3345,98598.0,27.69,159.31,98599.98,159.13
1783574862,3346,98600.0,27.69,159.13,98599.98,159.13
1783574862,3347,98602.0,27.69,158.95,98600.33,159.09
1783574862,3348,98603.0,27.69,158.86,98600.79,159.05
1783574862,3349,98601.0,27.69,159.04,98600.83,159.05
1783574862,3350,98601.0,27.69,159.04,98600.86,159.05
1783574862,3351,98598.0,27.69,159.3,98600.37,159.09
1783574862,3352,98598.0,27.69,159.3,98600.37,159.09
1783574863,3353,98598.0,27.68,159.3,98599.33,159.18
1783574863,3354,98600.0,27.68,159.12,98599.45,159.17
1783574863,3355,98597.0,27.68,159.39,98599.02,159.21
1783574863,3356,98601.0,27.68,159.04,98599.37,159.18
1783574863,3357,98600.0,27.68,159.12,98599.48,159.17
1783574863,3358,98598.0,27.67,159.3,98599.22,159.19
1783574863,3359,98599.0,27.67,159.21,98599.18,159.2
1783574863,3360,98598.0,27.67,159.3,98598.98,159.21
1783574864,3361,98598.0,27.67,159.3,98598.98,159.21
1783574864,3362,98600.0,27.66,159.12,98599.57,159.16
1783574864,3363,98601.0,27.66,159.04,98599.82,159.14
1783574864,3364,98599.0,27.66,159.21,98599.68,159.15
1783574864,3365,98601.0,27.66,159.04,98599.91,159.13
1783574864,3366,98599.0,27.66,159.21,98599.75,159.15
1783574864,3367,98599.0,27.66,159.21,98599.62,159.16
1783574864,3368,98598.0,27.66,159.3,98599.34,159.18
1783574864,3369,98601.0,27.66,159.04,98599.63,159.16
1783574865,3370,98601.0,27.66,159.04,98599.63,159.16
1783574865,3371,98599.0,27.66,159.21,98599.77,159.14
1783574865,3372,98601.0,27.66,159.04,98599.98,159.13
1783574865,3373,98601.0,27.66,159.04,98600.16,159.11
1783574865,3374,98600.0,27.66,159.12,98600.13,159.11
1783574865,3375,98600.0,27.66,159.12,98600.11,159.11
1783574865,3376,98600.0,27.66,159.12,98600.09,159.12
1783574865,3377,98603.0,27.66,158.86,98600.59,159.07
1783574866,3378,98601.0,27.67,159.04,98600.66,159.07
1783574866,3379,98601.0,27.67,159.04,98600.66,159.07
1783574866,3380,98600.0,27.66,159.12,98599.98,159.12
1783574866,3381,98600.0,27.67,159.12,98599.98,159.12
1783574866,3382,98599.0,27.66,159.21,98599.81,159.14
1783574866,3383,98599.0,27.66,159.21,98599.67,159.15
1783574866,3384,98601.0,27.66,159.03,98599.9,159.13
1783574866,3385,98598.0,27.66,159.3,98599.57,159.16
1783574866,3386,98601.0,27.66,159.03,98599.82,159.13
1783574867,3387,98599.0,27.66,159.21,98599.68,159.15
1783574867,3388,98599.0,27.66,159.21,98599.68,159.15
1783574867,3389,98599.0,27.66,159.21,98600.05,159.11
1783574867,3390,98599.0,27.66,159.21,98599.88,159.13
1783574867,3391,98599.0,27.66,159.21,98599.73,159.14
1783574867,3392,98599.0,27.66,159.21,98599.6,159.15
1783574867,3393,98601.0,27.66,159.03,98599.84,159.13
1783574867,3394,98601.0,27.66,159.03,98600.05,159.11
1783574868,3395,98600.0,27.66,159.12,98600.04,159.11
1783574868,3396,98601.0,27.66,159.03,98600.2,159.1
1783574868,3397,98601.0,27.66,159.03,98600.2,159.1
1783574868,3398,98602.0,27.65,158.94,98600.22,159.1
1783574868,3399,98600.0,27.65,159.12,98600.18,159.1
1783574868,3400,98600.0,27.65,159.12,98600.15,159.11
1783574868,3401,98598.0,27.65,159.3,98599.78,159.14
1783574868,3402,98602.0,27.65,158.94,98600.16,159.1
1783574869,3403,98600.0,27.65,159.12,98600.13,159.11
1783574869,3404,98601.0,27.65,159.03,98600.28,159.09
1783574869,3405,98599.0,27.65,159.21,98600.06,159.11
1783574869,3406,98599.0,27.65,159.21,98600.06,159.11
1783574869,3407,98599.0,27.65,159.21,98600.26,159.1
1783574869,3408,98601.0,27.66,159.03,98600.38,159.08
1783574869,3409,98600.0,27.66,159.12,98600.32,159.09
1783574869,3410,98599.0,27.65,159.21,98600.09,159.11
1783574869,3411,98601.0,27.66,159.03,98600.25,159.1
1783574870,3412,98597.0,27.65,159.38,98599.69,159.15
1783574870,3413,98599.0,27.66,159.21,98599.57,159.16
1783574870,3414,98601.0,27.66,159.03,98599.82,159.13
1783574870,3415,98601.0,27.66,159.03,98599.82,159.13
1783574870,3416,98598.0,27.65,159.3,98599.36,159.18
1783574870,3417,98598.0,27.65,159.3,98599.13,159.2
1783574870,3418,98600.0,27.66,159.12,98599.27,159.18
1783574870,3419,98599.0,27.66,159.21,98599.23,159.19
1783574871,3420,98600.0,27.65,159.12,98599.36,159.18
1783574871,3421,98600.0,27.65,159.12,98599.47,159.17
1783574871,3422,98600.0,27.66,159.12,98599.56,159.16
1783574871,3423,98601.0,27.66,159.03,98599.81,159.14
1783574871,3424,98601.0,27.66,159.03,98599.81,159.14
1783574871,3425,98599.0,27.66,159.21,98599.95,159.12
1783574871,3426,98598.0,27.66,159.3,98599.62,159.15
1783574871,3427,98600.0,27.66,159.12,98599.68,159.15
1783574872,3428,98600.0,27.66,159.12,98599.73,159.14
1783574872,3429,98602.0,27.66,158.94,98600.13,159.11
1783574872,3430,98600.0,27.67,159.12,98600.1,159.11
1783574872,3431,98602.0,27.66,158.94,98600.43,159.08
1783574872,3432,98599.0,27.66,159.21,98600.18,159.1
1783574872,3433,98599.0,27.66,159.21,98600.18,159.1
1783574872,3434,98601.0,27.66,159.03,98600.4,159.08
1783574872,3435,98598.0,27.67,159.3,98599.98,159.12
1783574872,3436,98598.0,27.66,159.3,98599.64,159.15
1783574873,3437,98598.0,27.66,159.3,98599.36,159.18
1783574873,3438,98597.0,27.67,159.38,98598.95,159.21
1783574873,3439,98601.0,27.66,159.03,98599.3,159.18
1783574873,3440,98601.0,27.67,159.03,98599.59,159.15
1783574873,3441,98600.0,27.67,159.12,98599.66,159.15
1783574873,3442,98600.0,27.67,159.12,98599.66,159.15
1783574873,3443,98601.0,27.67,159.03,98600.34,159.09
1783574873,3444,98598.0,27.67,159.3,98599.94,159.12
1783574874,3445,98600.0,27.67,159.12,98599.95,159.12
1783574874,3446,98597.0,27.67,159.38,98599.44,159.17
1783574874,3447,98600.0,27.67,159.12,98599.53,159.16
1783574874,3448,98601.0,27.67,159.03,98599.78,159.14
1783574874,3449,98600.0,27.67,159.12,98599.82,159.13
1783574874,3450,98597.0,27.67,159.38,98599.34,159.18
1783574874,3451,98597.0,27.67,159.38,98599.34,159.18
1783574874,3452,98599.0,27.67,159.2,98599.23,159.18
1783574874,3453,98600.0,27.67,159.11,98599.37,159.17
1783574875,3454,98602.0,27.67,158.94,98599.82,159.13
1783574875,3455,98603.0,27.67,158.85,98600.37,159.08
1783574875,3456,98600.0,27.67,159.11,98600.3,159.08
1783574875,3457,98599.0,27.67,159.2,98600.08,159.1
1783574875,3458,98601.0,27.67,159.02,98600.23,159.09
1783574875,3459,98600.0,27.67,159.11,98600.2,159.09
1783574875,3460,98600.0,27.67,159.11,98600.2,159.09
1783574875,3461,98600.0,27.66,159.11,98599.91,159.12
1783574876,3462,98600.0,27.66,159.11,98599.92,159.11
1783574876,3463,98600.0,27.66,159.11,98599.94,159.11
1783574876,3464,98602.0,27.66,158.93,98600.3,159.08
1783574876,3465,98599.0,27.66,159.19,98600.07,159.1
1783574876,3466,98598.0,27.66,159.28,98599.71,159.13
1783574876,3467,98598.0,27.65,159.28,98599.41,159.15
1783574876,3468,98600.0,27.65,159.1,98599.52,159.15
1783574876,3469,98600.0,27.65,159.1,98599.52,159.15
1783574877,3470,98599.0,27.64,159.19,98599.24,159.17
1783574877,3471,98601.0,27.64,159.01,98599.55,159.14
1783574877,3472,98601.0,27.64,159.01,98599.8,159.12
1783574877,3473,98598.0,27.64,159.27,98599.48,159.14
1783574877,3474,98603.0,27.64,158.83,98600.09,159.09
1783574877,3475,98598.0,27.64,159.27,98599.73,159.12
1783574877,3476,98601.0,27.64,159.01,98599.95,159.1
1783574877,3477,98599.0,27.64,159.19,98599.79,159.12
1783574877,3478,98599.0,27.64,159.19,98599.79,159.12
1783574878,3479,98598.0,27.64,159.27,98599.68,159.12
1783574878,3480,98599.0,27.64,159.18,98599.56,159.13
1783574878,3481,98600.0,27.64,159.09,98599.64,159.12
1783574878,3482,98599.0,27.64,159.18,98599.53,159.13
1783574878,3483,98598.0,27.64,159.27,98599.27,159.16
1783574878,3484,98603.0,27.64,158.82,98599.91,159.1
1783574878,3485,98599.0,27.63,159.18,98599.75,159.11
1783574878,3486,98599.0,27.63,159.18,98599.62,159.12
1783574878,3487,98599.0,27.63,159.18,98599.62,159.12
1783574879,3488,98599.0,27.63,159.18,98599.09,159.17
1783574879,3489,98598.0,27.62,159.26,98598.91,159.18
1783574879,3490,98599.0,27.62,159.17,98598.92,159.18
1783574879,3491,98601.0,27.62,158.99,98599.28,159.14
1783574879,3492,98600.0,27.62,159.08,98599.41,159.13
1783574879,3493,98598.0,27.62,159.26,98599.16,159.16
1783574879,3494,98598.0,27.62,159.26,98598.96,159.17
1783574879,3495,98600.0,27.62,159.08,98599.14,159.16
1783574880,3496,98600.0,27.62,159.08,98599.14,159.16
1783574880,3497,98600.0,27.62,159.08,98599.41,159.13
1783574880,3498,98599.0,27.62,159.16,98599.34,159.13
1783574880,3499,98597.0,27.62,159.34,98598.93,159.17
1783574880,3500,98600.0,27.62,159.08,98599.12,159.15
1783574880,3501,98602.0,27.62,158.9,98599.62,159.11
1783574880,3502,98601.0,27.62,158.99,98599.86,159.09
1783574880,3503,98598.0,27.61,159.25,98599.54,159.12
1783574880,3504,98599.0,27.62,159.16,98599.45,159.13
1783574881,3505,98599.0,27.62,159.16,98599.45,159.13
1783574881,3506,98599.0,27.61,159.16,98599.59,159.11
1783574881,3507,98602.0,27.61,158.89,98600.0,159.07
1783574881,3508,98601.0,27.61,158.98,98600.17,159.06
1783574881,3509,98600.0,27.62,159.07,98600.14,159.06
1783574881,3510,98599.0,27.61,159.16,98599.95,159.08
1783574881,3511,98600.0,27.62,159.07,98599.95,159.07
1783574881,3512,98598.0,27.62,159.25,98599.62,159.1
1783574882,3513,98601.0,27.61,158.98,98599.86,159.08
1783574882,3514,98601.0,27.61,158.98,98599.86,159.08
1783574882,3515,98598.0,27.61,159.25,98599.16,159.14
1783574882,3516,98600.0,27.62,159.07,98599.3,159.13
1783574882,3517,98599.0,27.61,159.16,98599.25,159.14
1783574882,3518,98600.0,27.62,159.07,98599.38,159.13
1783574882,3519,98599.0,27.61,159.16,98599.32,159.13
1783574882,3520,98601.0,27.61,158.98,98599.61,159.1
1783574883,3521,98603.0,27.61,158.8,98600.2,159.05
1783574883,3522,98602.0,27.61,158.89,98600.51,159.02
1783574883,3523,98602.0,27.61,158.89,98600.51,159.02
1783574883,3524,98599.0,27.61,159.15,98599.51,159.11
1783574883,3525,98600.0,27.6,159.07,98599.59,159.1
1783574883,3526,98599.0,27.6,159.15,98599.49,159.11
1783574883,3527,98599.0,27.6,159.15,98599.41,159.11
1783574883,3528,98599.0,27.6,159.15,98599.34,159.12
1783574883,3529,98598.0,27.6,159.24,98599.11,159.14
1783574884,3530,98600.0,27.6,159.06,98599.27,159.13
1783574884,3531,98597.0,27.6,159.33,98598.88,159.16
1783574884,3532,98597.0,27.6,159.33,98598.88,159.16
1783574884,3533,98599.0,27.6,159.15,98599.06,159.14
1783574884,3534,98599.0,27.6,159.15,98599.05,159.14
1783574884,3535,98599.0,27.6,159.15,98599.05,159.14
1783574884,3536,98600.0,27.59,159.06,98599.21,159.13
1783574884,3537,98601.0,27.59,158.97,98599.52,159.1
1783574885,3538,98601.0,27.59,158.97,98599.77,159.08
1783574885,3539,98600.0,27.59,159.06,98599.81,159.08
1783574885,3540,98602.0,27.59,158.88,98600.19,159.04
1783574885,3541,98602.0,27.59,158.88,98600.19,159.04
1783574885,3542,98599.0,27.59,159.15,98600.02,159.06
1783574885,3543,98600.0,27.59,159.06,98600.02,159.06
1783574885,3544,98598.0,27.58,159.24,98599.67,159.09
1783574885,3545,98602.0,27.58,158.88,98600.07,159.05
1783574885,3546,98600.0,27.58,159.06,98600.05,159.06
1783574886,3547,98601.0,27.58,158.97,98600.22,159.04
1783574886,3548,98599.0,27.58,159.14,98600.01,159.05
1783574886,3549,98598.0,27.58,159.23,98599.66,159.08
1783574886,3550,98598.0,27.58,159.23,98599.66,159.08
1783574886,3551,98598.0,27.58,159.23,98599.09,159.14
1783574886,3552,98601.0,27.58,158.97,98599.41,159.11
1783574886,3553,98599.0,27.58,159.14,98599.34,159.11
1783574886,3554,98600.0,27.58,159.05,98599.45,159.1
1783574887,3555,98598.0,27.58,159.23,98599.2,159.13
1783574887,3556,98599.0,27.58,159.14,98599.17,159.13
1783574887,3557,98599.0,27.58,159.14,98599.14,159.13
1783574887,3558,98598.0,27.58,159.23,98598.95,159.14
1783574887,3559,98598.0,27.58,159.23,98598.95,159.14
1783574887,3560,98597.0,27.58,159.31,98599.16,159.12
1783574887,3561,98599.0,27.57,159.14,98599.13,159.13
1783574887,3562,98598.0,27.57,159.23,98598.94,159.14
1783574888,3563,98600.0,27.57,159.05,98599.12,159.13
1783574888,3564,98599.0,27.57,159.14,98599.09,159.13
1783574888,3565,98599.0,27.57,159.14,98599.08,159.13
1783574888,3566,98601.0,27.57,158.96,98599.41,159.1
1783574888,3567,98602.0,27.57,158.87,98599.85,159.06
1783574888,3568,98602.0,27.57,158.87,98599.85,159.06
1783574888,3569,98599.0,27.57,159.14,98599.54,159.09
1783574888,3570,98600.0,27.58,159.05,98599.62,159.08
1783574888,3571,98598.0,27.58,159.23,98599.34,159.11
1783574889,3572,98600.0,27.58,159.05,98599.45,159.1
1783574889,3573,98600.0,27.58,159.04,98599.55,159.08
1783574889,3574,98600.0,27.58,159.04,98599.63,159.08
1783574889,3575,98600.0,27.58,159.04,98599.69,159.07
1783574889,3576,98601.0,27.58,158.96,98599.91,159.05
1783574889,3577,98601.0,27.58,158.96,98599.91,159.05
1783574889,3578,98599.0,27.58,159.13,98599.4,159.1
1783574889,3579,98599.0,27.58,159.13,98599.33,159.1
1783574890,3580,98598.0,27.58,159.22,98599.1,159.12
1783574890,3581,98597.0,27.58,159.31,98598.74,159.16
1783574890,3582,98599.0,27.59,159.13,98598.79,159.15
1783574890,3583,98601.0,27.58,158.96,98599.17,159.12
1783574890,3584,98597.0,27.58,159.31,98598.8,159.15
1783574890,3585,98598.0,27.58,159.22,98598.66,159.16
1783574890,3586,98598.0,27.58,159.22,98598.66,159.16
1783574890,3587,98599.0,27.58,159.13,98598.99,159.13
1783574891,3588,98598.0,27.58,159.22,98598.82,159.15
1783574891,3589,98600.0,27.58,159.04,98599.02,159.13
1783574891,3590,98602.0,27.58,158.87,98599.54,159.09
1783574891,3591,98600.0,27.57,159.05,98599.62,159.08
1783574891,3592,98598.0,27.57,159.23,98599.34,159.11
1783574891,3593,98597.0,27.57,159.31,98598.93,159.14
1783574891,3594,98599.0,27.57,159.14,98598.95,159.14
1783574891,3595,98599.0,27.57,159.14,98598.95,159.14
1783574891,3596,98599.0,27.57,159.14,98599.36,159.11
1783574892,3597,98600.0,27.57,159.05,98599.47,159.1
1783574892,3598,98600.0,27.57,159.05,98599.56,159.09
1783574892,3599,98599.0,27.57,159.14,98599.47,159.1
1783574892,3600,98600.0,27.57,159.05,98599.56,159.09
1783574892,3601,98598.0,27.57,159.23,98599.3,159.11
1783574892,3602,98600.0,27.57,159.05,98599.42,159.1
1783574892,3603,98601.0,27.57,158.96,98599.7,159.08
1783574892,3604,98601.0,27.57,158.96,98599.7,159.08
1783574893,3605,98600.0,27.57,159.05,98599.3,159.11
1783574893,3606,98598.0,27.57,159.23,98599.08,159.13
1783574893,3607,98600.0,27.57,159.05,98599.23,159.12
1783574893,3608,98598.0,27.56,159.23,98599.02,159.14
1783574893,3609,98601.0,27.56,158.96,98599.37,159.11
1783574893,3610,98599.0,27.56,159.14,98599.3,159.11
1783574893,3611,98602.0,27.56,158.87,98599.77,159.07
1783574893,3612,98600.0,27.56,159.05,98599.8,159.07
1783574893,3613,98600.0,27.56,159.05,98599.8,159.07
1783574894,3614,98600.0,27.56,159.05,98599.43,159.1
1783574894,3615,98597.0,27.56,159.31,98599.01,159.14
1783574894,3616,98602.0,27.57,158.87,98599.52,159.09
1783574894,3617,98600.0,27.56,159.05,98599.61,159.09
1783574894,3618,98597.0,27.56,159.32,98599.16,159.13
1783574894,3619,98599.0,27.57,159.14,98599.13,159.13
1783574894,3620,98601.0,27.57,158.97,98599.45,159.1
1783574894,3621,98601.0,27.57,158.97,98599.72,159.08
1783574894,3622,98601.0,27.57,158.97,98599.72,159.08
1783574895,3623,98599.0,27.57,159.14,98599.2,159.13
1783574895,3624,98601.0,27.56,158.97,98599.52,159.1
1783574895,3625,98600.0,27.57,159.05,98599.6,159.09
1783574895,3626,98601.0,27.57,158.97,98599.84,159.07
1783574895,3627,98600.0,27.57,159.05,98599.87,159.07
1783574895,3628,98599.0,27.57,159.14,98599.72,159.08
1783574895,3629,98601.0,27.57,158.97,98599.94,159.06
1783574895,3630,98600.0,27.56,159.05,98599.95,159.06
1783574896,3631,98600.0,27.56,159.05,98599.95,159.06
1783574896,3632,98599.0,27.56,159.14,98599.16,159.13
1783574896,3633,98599.0,27.56,159.14,98599.13,159.13
1783574896,3634,98600.0,27.56,159.05,98599.28,159.12
1783574896,3635,98599.0,27.56,159.14,98599.23,159.12
1783574896,3636,98600.0,27.56,159.05,98599.37,159.11
1783574896,3637,98601.0,27.56,158.97,98599.65,159.09
1783574896,3638,98600.0,27.56,159.05,98599.71,159.08
1783574896,3639,98600.0,27.56,159.05,98599.76,159.08
1783574897,3640,98600.0,27.56,159.05,98599.76,159.08
1783574897,3641,98600.0,27.56,159.05,98599.48,159.1
1783574897,3642,98596.0,27.56,159.41,98598.88,159.15
1783574897,3643,98601.0,27.56,158.97,98599.24,159.12
1783574897,3644,98602.0,27.55,158.88,98599.72,159.08
1783574897,3645,98599.0,27.55,159.14,98599.59,159.09
1783574897,3646,98600.0,27.55,159.05,98599.66,159.08
1783574897,3647,98599.0,27.54,159.14,98599.55,159.09
1783574898,3648,98601.0,27.54,158.97,98599.8,159.07
1783574898,3649,98601.0,27.54,158.97,98599.8,159.07
1783574898,3650,98599.0,27.53,159.14,98599.45,159.1
1783574898,3651,98602.0,27.53,158.88,98599.88,159.06
1783574898,3652,98599.0,27.53,159.14,98599.73,159.08
1783574898,3653,98601.0,27.53,158.97,98599.95,159.06
1783574898,3654,98599.0,27.53,159.14,98599.79,159.07
1783574898,3655,98599.0,27.53,159.14,98599.66,159.08
1783574899,3656,98599.0,27.53,159.14,98599.55,159.09
1783574899,3657,98598.0,27.53,159.23,98599.28,159.12
1783574899,3658,98598.0,27.53,159.23,98599.28,159.12
1783574899,3659,98600.0,27.52,159.06,98599.7,159.09
1783574899,3660,98599.0,27.52,159.15,98599.58,159.1
1783574899,3661,98599.0,27.52,159.15,98599.48,159.11
1783574899,3662,98598.0,27.52,159.24,98599.22,159.13
1783574899,3663,98600.0,27.52,159.06,98599.35,159.12
1783574899,3664,98598.0,27.52,159.24,98599.12,159.14
1783574900,3665,98598.0,27.52,159.24,98598.92,159.16
1783574900,3666,98598.0,27.52,159.24,98598.77,159.17
1783574900,3667,98598.0,27.52,159.24,98598.77,159.17
1783574900,3668,98599.0,27.53,159.15,98599.43,159.11
1783574900,3669,98599.0,27.53,159.15,98599.36,159.12
1783574900,3670,98601.0,27.53,158.97,98599.64,159.09
1783574900,3671,98602.0,27.53,158.88,98600.05,159.06
1783574900,3672,98600.0,27.54,159.06,98600.04,159.06
1783574901,3673,98598.0,27.53,159.24,98599.69,159.09
1783574901,3674,98598.0,27.54,159.24,98599.4,159.12
1783574901,3675,98599.0,27.54,159.15,98599.33,159.12
1783574901,3676,98599.0,27.54,159.15,98599.33,159.12
1783574901,3677,98599.0,27.54,159.15,98599.18,159.14
1783574901,3678,98600.0,27.54,159.07,98599.32,159.13
1783574901,3679,98598.0,27.54,159.24,98599.09,159.15
1783574901,3680,98598.0,27.54,159.24,98598.91,159.16
1783574902,3681,98601.0,27.54,158.98,98599.27,159.13
1783574902,3682,98599.0,27.53,159.15,98599.22,159.13
1783574902,3683,98599.0,27.53,159.15,98599.18,159.14
1783574902,3684,98599.0,27.53,159.15,98599.15,159.14
1783574902,3685,98599.0,27.53,159.15,98599.15,159.14
1783574902,3686,98600.0,27.53,159.07,98599.24,159.13
1783574902,3687,98601.0,27.52,158.98,98599.55,159.11
1783574902,3688,98599.0,27.52,159.15,98599.45,159.11
1783574902,3689,98599.0,27.52,159.15,98599.38,159.12
1783574903,3690,98599.0,27.52,159.15,98599.31,159.13
1783574903,3691,98601.0,27.52,158.98,98599.6,159.1
1783574903,3692,98601.0,27.52,158.98,98599.84,159.08
1783574903,3693,98600.0,27.52,159.07,98599.87,159.08
1783574903,3694,98600.0,27.52,159.07,98599.87,159.08
1783574903,3695,98601.0,27.52,158.98,98600.45,159.03
1783574903,3696,98596.0,27.52,159.42,98599.69,159.09
1783574903,3697,98600.0,27.52,159.07,98599.74,159.09
1783574904,3698,98599.0,27.52,159.15,98599.62,159.1
1783574904,3699,98600.0,27.52,159.07,98599.68,159.09
1783574904,3700,98601.0,27.52,158.98,98599.91,159.07
1783574904,3701,98598.0,27.52,159.24,98599.58,159.1
1783574904,3702,98599.0,27.52,159.15,98599.48,159.11
1783574904,3703,98599.0,27.52,159.15,98599.48,159.11
1783574904,3704,98599.0,27.53,159.16,98599.7,159.1
1783574904,3705,98600.0,27.53,159.07,98599.76,159.09
1783574905,3706,98600.0,27.53,159.07,98599.8,159.09
1783574905,3707,98599.0,27.53,159.16,98599.66,159.1
1783574905,3708,98600.0,27.53,159.07,98599.72,159.1
1783574905,3709,98598.0,27.53,159.25,98599.42,159.12
1783574905,3710,98600.0,27.54,159.07,98599.52,159.11
1783574905,3711,98599.0,27.53,159.16,98599.43,159.12
1783574905,3712,98599.0,27.53,159.16,98599.43,159.12
1783574905,3713,98600.0,27.54,159.07,98599.55,159.11
1783574905,3714,98601.0,27.54,158.98,98599.8,159.09
1783574906,3715,98598.0,27.54,159.25,98599.48,159.12
1783574906,3716,98601.0,27.54,158.99,98599.74,159.1
1783574906,3717,98598.0,27.54,159.25,98599.45,159.13
1783574906,3718,98602.0,27.54,158.9,98599.88,159.09
1783574906,3719,98602.0,27.54,158.9,98600.25,159.05
1783574906,3720,98601.0,27.54,158.99,98600.38,159.04
1783574906,3721,98601.0,27.54,158.99,98600.38,159.04
1783574906,3722,98598.0,27.54,159.25,98599.77,159.1
1783574907,3723,98599.0,27.54,159.16,98599.63,159.11
1783574907,3724,98599.0,27.54,159.16,98599.52,159.12
1783574907,3725,98601.0,27.54,158.99,98599.78,159.1
1783574907,3726,98601.0,27.54,158.99,98599.99,159.08
1783574907,3727,98600.0,27.55,159.08,98599.99,159.08
1783574907,3728,98599.0,27.54,159.16,98599.82,159.09
1783574907,3729,98600.0,27.54,159.08,98599.85,159.09
1783574907,3730,98600.0,27.54,159.08,98599.85,159.09
1783574907,3731,98599.0,27.54,159.17,98599.71,159.11
1783574908,3732,98597.0,27.54,159.35,98599.24,159.15
1783574908,3733,98598.0,27.54,159.26,98599.03,159.17
1783574908,3734,98597.0,27.54,159.35,98598.68,159.2
1783574908,3735,98599.0,27.54,159.17,98598.73,159.19
1783574908,3736,98601.0,27.54,158.99,98599.13,159.16
1783574908,3737,98600.0,27.54,159.08,98599.27,159.15
1783574908,3738,98599.0,27.54,159.17,98599.23,159.15
1783574908,3739,98599.0,27.54,159.17,98599.23,159.15
1783574909,3740,98602.0,27.54,158.9,98599.41,159.13
1783574909,3741,98599.0,27.54,159.17,98599.34,159.14
1783574909,3742,98600.0,27.54,159.08,98599.45,159.13
1783574909,3743,98598.0,27.54,159.26,98599.2,159.15
1783574909,3744,98601.0,27.54,158.99,98599.52,159.12
1783574909,3745,98599.0,27.54,159.17,98599.43,159.13
1783574909,3746,98601.0,27.54,158.99,98599.7,159.11
1783574909,3747,98599.0,27.54,159.17,98599.58,159.12
1783574909,3748,98599.0,27.54,159.17,98599.58,159.12
1783574910,3749,98600.0,27.54,159.09,98599.83,159.1
1783574910,3750,98600.0,27.54,159.09,98599.86,159.1
1783574910,3751,98602.0,27.54,158.91,98600.23,159.07
1783574910,3752,98598.0,27.55,159.26,98599.84,159.1
1783574910,3753,98600.0,27.54,159.09,98599.87,159.1
1783574910,3754,98600.0,27.55,159.09,98599.89,159.1
1783574910,3755,98597.0,27.55,159.35,98599.39,159.14
1783574910,3756,98597.0,27.55,159.35,98598.98,159.18
1783574910,3757,98597.0,27.55,159.35,98598.98,159.18
1783574911,3758,98600.0,27.55,159.09,98599.18,159.16
1783574911,3759,98599.0,27.55,159.18,98599.15,159.16
1783574911,3760,98599.0,27.55,159.18,98599.13,159.16
1783574911,3761,98599.0,27.55,159.18,98599.1,159.17
1783574911,3762,98600.0,27.55,159.09,98599.26,159.15
1783574911,3763,98603.0,27.55,158.82,98599.91,159.1
1783574911,3764,98601.0,27.54,159.0,98600.09,159.08
1783574911,3765,98601.0,27.55,159.0,98600.25,159.06
1783574912,3766,98601.0,27.55,159.0,98600.25,159.06
1783574912,3767,98603.0,27.54,158.82,98600.88,159.01
1783574912,3768,98599.0,27.54,159.18,98600.55,159.04
1783574912,3769,98601.0,27.54,159.0,98600.63,159.03
1783574912,3770,98600.0,27.54,159.09,98600.52,159.04
1783574912,3771,98599.0,27.54,159.18,98600.26,159.07
1783574912,3772,98598.0,27.54,159.27,98599.87,159.1
1783574912,3773,98599.0,27.54,159.18,98599.72,159.12
1783574913,3774,98599.0,27.54,159.18,98599.59,159.13
1783574913,3775,98599.0,27.54,159.18,98599.59,159.13
1783574913,3776,98601.0,27.54,159.0,98600.3,159.07
1783574913,3777,98601.0,27.55,159.0,98600.42,159.05
1783574913,3778,98601.0,27.55,159.0,98600.52,159.05
1783574913,3779,98599.0,27.54,159.18,98600.26,159.07
1783574913,3780,98601.0,27.54,159.0,98600.38,159.06
1783574913,3781,98598.0,27.55,159.27,98599.97,159.09
1783574913,3782,98599.0,27.55,159.18,98599.8,159.11
1783574914,3783,98600.0,27.55,159.09,98599.84,159.11
1783574914,3784,98600.0,27.55,159.09,98599.84,159.11
1783574914,3785,98601.0,27.55,159.0,98599.64,159.12
1783574914,3786,98599.0,27.55,159.18,98599.53,159.13
1783574914,3787,98598.0,27.55,159.27,98599.27,159.16
1783574914,3788,98601.0,27.55,159.0,98599.56,159.13
1783574914,3789,98599.0,27.55,159.18,98599.47,159.14
1783574914,3790,98598.0,27.55,159.27,98599.22,159.16
1783574915,3791,98600.0,27.55,159.09,98599.35,159.15
1783574915,3792,98600.0,27.56,159.09,98599.46,159.14
1783574915,3793,98600.0,27.56,159.09,98599.46,159.14
1783574915,3794,98602.0,27.55,158.91,98599.85,159.11
1783574915,3795,98599.0,27.55,159.18,98599.7,159.12
1783574915,3796,98599.0,27.55,159.18,98599.58,159.13
1783574915,3797,98599.0,27.55,159.18,98599.48,159.14
1783574915,3798,98597.0,27.55,159.36,98599.05,159.18
1783574915,3799,98600.0,27.55,159.09,98599.21,159.16
1783574916,3800,98601.0,27.55,159.0,98599.52,159.13
1783574916,3801,98598.0,27.55,159.27,98599.26,159.16
1783574916,3802,98598.0,27.55,159.27,98599.26,159.16
1783574916,3803,98602.0,27.55,158.91,98599.99,159.09
1783574916,3804,98600.0,27.55,159.1,98599.99,159.1
1783574916,3805,98601.0,27.55,159.01,98600.16,159.08
1783574916,3806,98601.0,27.55,159.01,98600.3,159.07
1783574916,3807,98601.0,27.55,159.01,98600.42,159.06
1783574917,3808,98600.0,27.55,159.1,98600.35,159.07
1783574917,3809,98602.0,27.55,158.92,98600.63,159.04
1783574917,3810,98601.0,27.56,159.01,98600.7,159.04
1783574917,3811,98601.0,27.56,159.01,98600.7,159.04
1783574917,3812,98597.0,27.56,159.36,98599.8,159.11
1783574917,3813,98602.0,27.56,158.92,98600.18,159.08
1783574917,3814,98600.0,27.56,159.1,98600.15,159.08
1783574917,3815,98599.0,27.56,159.19,98599.95,159.1
1783574918,3816,98598.0,27.56,159.27,98599.62,159.13
1783574918,3817,98597.0,27.56,159.36,98599.16,159.17
1783574918,3818,98597.0,27.56,159.36,98598.79,159.2
1783574918,3819,98599.0,27.56,159.19,98598.83,159.2
1783574918,3820,98599.0,27.56,159.19,98598.83,159.2
1783574918,3821,98600.0,27.56,159.1,98599.49,159.14
1783574918,3822,98600.0,27.56,159.1,98599.58,159.13
1783574918,3823,98600.0,27.57,159.09,98599.65,159.12
1783574918,3824,98598.0,27.57,159.27,98599.37,159.15
1783574919,3825,98598.0,27.57,159.27,98599.13,159.17
1783574919,3826,98599.0,27.57,159.18,98599.11,159.17
1783574919,3827,98600.0,27.57,159.09,98599.27,159.16
1783574919,3828,98600.0,27.57,159.09,98599.39,159.15
1783574919,3829,98600.0,27.57,159.09,98599.39,159.15
1783574919,3830,98602.0,27.57,158.91,98600.27,159.07
1783574919,3831,98599.0,27.57,159.18,98600.05,159.09
1783574919,3832,98599.0,27.57,159.18,98599.87,159.1
1783574920,3833,98599.0,27.57,159.18,98599.72,159.12
1783574920,3834,98601.0,27.57,159.0,98599.94,159.1
1783574920,3835,98597.0,27.57,159.36,98599.43,159.14
1783574920,3836,98601.0,27.57,159.0,98599.7,159.12
1783574920,3837,98599.0,27.57,159.18,98599.58,159.13
1783574920,3838,98599.0,27.57,159.18,98599.58,159.13
1783574920,3839,98597.0,27.57,159.36,98599.16,159.17
1783574920,3840,98599.0,27.58,159.18,98599.13,159.17
1783574921,3841,98600.0,27.57,159.09,98599.28,159.16
1783574921,3842,98601.0,27.58,159.0,98599.58,159.13
1783574921,3843,98599.0,27.57,159.18,98599.48,159.14
1783574921,3844,98598.0,27.58,159.27,98599.22,159.16
1783574921,3845,98600.0,27.58,159.09,98599.35,159.15
1783574921,3846,98599.0,27.58,159.18,98599.29,159.16
1783574921,3847,98599.0,27.58,159.18,98599.29,159.16
1783574921,3848,98599.0,27.58,159.18,98598.95,159.18
1783574921,3849,98601.0,27.58,159.0,98599.3,159.15
1783574922,3850,98599.0,27.58,159.18,98599.25,159.16
1783574922,3851,98599.0,27.58,159.18,98599.2,159.16
1783574922,3852,98600.0,27.58,159.09,98599.34,159.15
1783574922,3853,98598.0,27.58,159.27,98599.11,159.17
1783574922,3854,98599.0,27.58,159.18,98599.09,159.17
1783574922,3855,98603.0,27.59,158.83,98599.77,159.11
1783574922,3856,98603.0,27.59,158.83,98599.77,159.11
1783574922,3857,98599.0,27.59,159.18,98599.31,159.15
1783574923,3858,98599.0,27.59,159.18,98599.26,159.16
1783574923,3859,98600.0,27.58,159.09,98599.38,159.14
1783574923,3860,98599.0,27.59,159.18,98599.32,159.15
1783574923,3861,98602.0,27.59,158.91,98599.78,159.11
1783574923,3862,98599.0,27.59,159.18,98599.65,159.12
1783574923,3863,98599.0,27.59,159.18,98599.54,159.13
1783574923,3864,98597.0,27.58,159.35,98599.1,159.17
1783574923,3865,98597.0,27.58,159.35,98599.1,159.17
1783574924,3866,98599.0,27.59,159.18,98598.88,159.19
1783574924,3867,98600.0,27.59,159.09,98599.08,159.17
1783574924,3868,98599.0,27.59,159.18,98599.06,159.17
1783574924,3869,98599.0,27.59,159.18,98599.05,159.17
1783574924,3870,98599.0,27.59,159.18,98599.05,159.17
1783574924,3871,98597.0,27.59,159.35,98598.7,159.2
1783574924,3872,98601.0,27.59,159.0,98599.09,159.17
1783574924,3873,98601.0,27.58,159.0,98599.42,159.14
1783574924,3874,98601.0,27.58,159.0,98599.42,159.14
1783574925,3875,98596.0,27.58,159.44,98598.8,159.19
1783574925,3876,98598.0,27.59,159.26,98598.66,159.21
1783574925,3877,98599.0,27.58,159.18,98598.72,159.2
1783574925,3878,98602.0,27.58,158.91,98599.28,159.15
1783574925,3879,98598.0,27.58,159.26,98599.06,159.17
1783574925,3880,98599.0,27.58,159.18,98599.05,159.17
1783574925,3881,98600.0,27.58,159.09,98599.22,159.16
1783574925,3882,98600.0,27.58,159.09,98599.35,159.14
1783574925,3883,98600.0,27.58,159.09,98599.35,159.14
1783574926,3884,98601.0,27.58,159.0,98599.67,159.12
1783574926,3885,98602.0,27.58,158.91,98600.07,159.08
1783574926,3886,98600.0,27.58,159.09,98600.05,159.08
1783574926,3887,98599.0,27.58,159.18,98599.88,159.1
1783574926,3888,98601.0,27.58,159.0,98600.07,159.08
1783574926,3889,98598.0,27.58,159.26,98599.71,159.11
1783574926,3890,98600.0,27.58,159.09,98599.76,159.11
1783574926,3891,98602.0,27.58,158.91,98600.14,159.07
1783574926,3892,98602.0,27.58,158.91,98600.14,159.07
1783574927,3893,98601.0,27.58,158.99,98599.95,159.09
1783574927,3894,98600.0,27.59,159.08,98599.96,159.08
1783574927,3895,98602.0,27.59,158.9,98600.31,159.05
1783574927,3896,98600.0,27.59,159.08,98600.26,159.06
1783574927,3897,98600.0,27.59,159.08,98600.21,159.06
1783574927,3898,98601.0,27.59,158.99,98600.34,159.05
1783574927,3899,98597.0,27.59,159.35,98599.77,159.1
1783574927,3900,98599.0,27.59,159.17,98599.63,159.11
1783574928,3901,98599.0,27.59,159.17,98599.63,159.11
1783574928,3902,98600.0,27.59,159.08,98599.34,159.14
1783574928,3903,98601.0,27.59,158.99,98599.63,159.11
1783574928,3904,98599.0,27.59,159.17,98599.52,159.12
1783574928,3905,98602.0,27.59,158.9,98599.95,159.09
1783574928,3906,98598.0,27.59,159.26,98599.62,159.12
1783574928,3907,98598.0,27.59,159.26,98599.34,159.14
1783574928,3908,98598.0,27.59,159.26,98599.11,159.16
1783574929,3909,98599.0,27.59,159.17,98599.09,159.16
1783574929,3910,98599.0,27.59,159.17,98599.09,159.16
1783574929,3911,98598.0,27.59,159.26,98599.13,159.16
1783574929,3912,98599.0,27.59,159.16,98599.11,159.16
1783574929,3913,98600.0,27.59,159.08,98599.27,159.14
1783574929,3914,98599.0,27.59,159.16,98599.22,159.14
1783574929,3915,98599.0,27.59,159.16,98599.18,159.15
1783574929,3916,98601.0,27.59,158.99,98599.49,159.12
1783574929,3917,98600.0,27.59,159.08,98599.58,159.11
1783574930,3918,98598.0,27.59,159.25,98599.3,159.14
1783574930,3919,98598.0,27.59,159.25,98599.3,159.14
1783574930,3920,98600.0,27.59,159.08,98599.24,159.14
1783574930,3921,98600.0,27.59,159.07,98599.38,159.13
1783574930,3922,98600.0,27.59,159.07,98599.48,159.12
1783574930,3923,98600.0,27.59,159.07,98599.57,159.11
1783574930,3924,98600.0,27.59,159.07,98599.64,159.1
1783574930,3925,98600.0,27.59,159.07,98599.7,159.1
1783574931,3926,98598.0,27.59,159.25,98599.41,159.12
1783574931,3927,98600.0,27.59,159.07,98599.51,159.11
1783574931,3928,98600.0,27.59,159.07,98599.51,159.11
1783574931,3929,98600.0,27.59,159.07,98599.84,159.08
1783574931,3930,98600.0,27.59,159.07,98599.87,159.08
1783574931,3931,98595.0,27.59,159.51,98599.03,159.16
1783574931,3932,98597.0,27.59,159.34,98598.68,159.19
1783574931,3933,98600.0,27.59,159.07,98598.91,159.17
1783574932,3934,98598.0,27.59,159.25,98598.75,159.18
1783574932,3935,98599.0,27.59,159.16,98598.8,159.18
1783574932,3936,98599.0,27.59,159.16,98598.83,159.17
1783574932,3937,98599.0,27.59,159.16,98598.83,159.17
1783574932,3938,98601.0,27.59,158.98,98599.41,159.12
1783574932,3939,98599.0,27.59,159.16,98599.34,159.13
1783574932,3940,98601.0,27.59,158.98,98599.63,159.1
1783574932,3941,98600.0,27.59,159.07,98599.69,159.1
1783574932,3942,98598.0,27.59,159.25,98599.4,159.12
1783574933,3943,98599.0,27.59,159.16,98599.33,159.13
1783574933,3944,98601.0,27.59,158.98,98599.62,159.1
1783574933,3945,98598.0,27.59,159.25,98599.34,159.13
1783574933,3946,98598.0,27.59,159.25,98599.34,159.13
1783574933,3947,98600.0,27.59,159.07,98599.28,159.13
1783574933,3948,98601.0,27.59,158.98,98599.58,159.11
1783574933,3949,98597.0,27.59,159.34,98599.13,159.15
1783574933,3950,98601.0,27.59,158.98,98599.45,159.12
1783574934,3951,98598.0,27.59,159.25,98599.2,159.14
1783574934,3952,98601.0,27.59,158.98,98599.52,159.11
1783574934,3953,98598.0,27.59,159.25,98599.26,159.14
1783574934,3954,98599.0,27.59,159.16,98599.21,159.14
1783574934,3955,98599.0,27.59,159.16,98599.21,159.14
1783574934,3956,98600.0,27.59,159.07,98599.13,159.15
1783574934,3957,98598.0,27.59,159.25,98598.93,159.17
1783574934,3958,98599.0,27.59,159.16,98598.95,159.16
1783574935,3959,98601.0,27.59,158.98,98599.3,159.13
1783574935,3960,98598.0,27.59,159.25,98599.07,159.15
1783574935,3961,98598.0,27.59,159.25,98598.88,159.17
1783574935,3962,98599.0,27.59,159.16,98598.91,159.17
1783574935,3963,98600.0,27.59,159.07,98599.09,159.15
1783574935,3964,98600.0,27.59,159.07,98599.09,159.15
1783574935,3965,98599.0,27.59,159.16,98599.28,159.13
1783574935,3966,98601.0,27.59,158.98,98599.58,159.11
1783574935,3967,98599.0,27.59,159.16,98599.48,159.12
1783574936,3968,98599.0,27.59,159.16,98599.39,159.12
1783574936,3969,98599.0,27.58,159.16,98599.32,159.13
1783574936,3970,98600.0,27.58,159.07,98599.44,159.12
1783574936,3971,98598.0,27.58,159.25,98599.19,159.14
1783574936,3972,98597.0,27.58,159.34,98598.81,159.18
1783574936,3973,98597.0,27.58,159.34,98598.81,159.18
1783574936,3974,98599.0,27.58,159.16,98598.95,159.16
1783574936,3975,98599.0,27.59,159.16,98598.96,159.16
1783574937,3976,98597.0,27.59,159.34,98598.63,159.19
1783574937,3977,98599.0,27.59,159.16,98598.69,159.19
1783574937,3978,98599.0,27.59,159.16,98598.74,159.18
1783574937,3979,98599.0,27.59,159.16,98598.79,159.18
1783574937,3980,98599.0,27.59,159.16,98598.83,159.17
1783574937,3981,98599.0,27.59,159.16,98598.86,159.17
1783574937,3982,98599.0,27.59,159.16,98598.86,159.17
1783574937,3983,98598.0,27.59,159.24,98598.59,159.19
1783574937,3984,98598.0,27.59,159.24,98598.49,159.2
1783574938,3985,98598.0,27.59,159.24,98598.41,159.21
1783574938,3986,98599.0,27.59,159.15,98598.51,159.2
1783574938,3987,98599.0,27.59,159.15,98598.59,159.19
1783574938,3988,98600.0,27.59,159.07,98598.84,159.17
1783574938,3989,98598.0,27.59,159.24,98598.7,159.18
1783574938,3990,98598.0,27.59,159.24,98598.58,159.19
1783574938,3991,98598.0,27.59,159.24,98598.58,159.19
1783574938,3992,98599.0,27.58,159.15,98598.95,159.16
1783574939,3993,98598.0,27.58,159.24,98598.78,159.17
1783574939,3994,98598.0,27.58,159.24,98598.65,159.19
1783574939,3995,98601.0,27.58,158.98,98599.05,159.15
1783574939,3996,98600.0,27.57,159.07,98599.22,159.13
1783574939,3997,98598.0,27.57,159.24,98599.01,159.15
1783574939,3998,98601.0,27.57,158.98,98599.35,159.12
1783574939,3999,98599.0,27.57,159.15,98599.29,159.13
1783574939,4000,98599.0,27.57,159.15,98599.29,159.13
1783574940,4001,98599.0,27.56,159.16,98598.9,159.17
1783574940,4002,98599.0,27.56,159.16,98598.91,159.17
1783574940,4003,98601.0,27.56,158.98,98599.27,159.13
1783574940,4004,98601.0,27.56,158.98,98599.57,159.11
1783574940,4005,98598.0,27.56,159.25,98599.3,159.13
1783574940,4006,98597.0,27.55,159.34,98598.9,159.17
1783574940,4007,98599.0,27.55,159.16,98598.91,159.17
1783574940,4008,98597.0,27.55,159.34,98598.59,159.2
1783574940,4009,98597.0,27.55,159.34,98598.59,159.2
1783574941,4010,98598.0,27.54,159.25,98598.61,159.19
1783574941,4011,98600.0,27.54,159.07,98598.85,159.17
1783574941,4012,98598.0,27.54,159.25,98598.7,159.19
1783574941,4013,98597.0,27.54,159.34,98598.41,159.22
1783574941,4014,98599.0,27.54,159.16,98598.51,159.21
1783574941,4015,98599.0,27.54,159.16,98598.59,159.2
1783574941,4016,98599.0,27.54,159.16,98598.66,159.19
1783574941,4017,98599.0,27.54,159.16,98598.72,159.19
1783574941,4018,98599.0,27.54,159.16,98598.72,159.19
1783574942,4019,98599.0,27.53,159.16,98598.48,159.21
1783574942,4020,98599.0,27.53,159.17,98598.57,159.21
1783574942,4021,98597.0,27.53,159.35,98598.3,159.23
1783574942,4022,98597.0,27.53,159.35,98598.07,159.25
1783574942,4023,98597.0,27.53,159.35,98597.88,159.27
1783574942,4024,98599.0,27.53,159.17,98598.08,159.25
1783574942,4025,98598.0,27.53,159.26,98598.06,159.25
1783574942,4026,98596.0,27.53,159.44,98597.7,159.28
1783574943,4027,98596.0,27.53,159.44,98597.7,159.28
1783574943,4028,98599.0,27.53,159.18,98598.22,159.24
1783574943,4029,98598.0,27.53,159.26,98598.18,159.25
1783574943,4030,98598.0,27.53,159.26,98598.15,159.25
1783574943,4031,98598.0,27.53,159.26,98598.13,159.25
1783574943,4032,98600.0,27.53,159.09,98598.45,159.22
1783574943,4033,98598.0,27.53,159.26,98598.37,159.23
1783574943,4034,98598.0,27.53,159.26,98598.3,159.24
1783574943,4035,98599.0,27.53,159.18,98598.42,159.23
1783574944,4036,98599.0,27.53,159.18,98598.42,159.23
1783574944,4037,98598.0,27.54,159.26,98598.15,159.25
1783574944,4038,98598.0,27.54,159.26,98598.13,159.25
1783574944,4039,98598.0,27.54,159.26,98598.1,159.25
1783574944,4040,98597.0,27.54,159.35,98597.91,159.27
1783574944,4041,98598.0,27.54,159.26,98597.93,159.27
1783574944,4042,98599.0,27.54,159.18,98598.12,159.25
1783574944,4043,98598.0,27.54,159.26,98598.09,159.26
1783574945,4044,98598.0,27.54,159.26,98598.08,159.26
1783574945,4045,98598.0,27.54,159.26,98598.08,159.26
1783574945,4046,98596.0,27.54,159.44,98597.67,159.29
1783574945,4047,98596.0,27.55,159.44,98597.38,159.32
1783574945,4048,98598.0,27.55,159.26,98597.49,159.31
1783574945,4049,98600.0,27.55,159.09,98597.92,159.27
1783574945,4050,98599.0,27.55,159.18,98598.11,159.25
1783574945,4051,98599.0,27.55,159.18,98598.27,159.24
1783574946,4052,98600.0,27.55,159.09,98598.56,159.21
1783574946,4053,98597.0,27.55,159.35,98598.3,159.24
1783574946,4054,98597.0,27.55,159.35,98598.3,159.24
1783574946,4055,98597.0,27.55,159.35,98598.18,159.25
1783574946,4056,98600.0,27.55,159.09,98598.49,159.22
1783574946,4057,98599.0,27.55,159.18,98598.58,159.21
1783574946,4058,98600.0,27.55,159.09,98598.82,159.19
1783574946,4059,98600.0,27.55,159.09,98599.02,159.17
1783574946,4060,98600.0,27.55,159.09,98599.2,159.16
1783574947,4061,98600.0,27.55,159.09,98599.34,159.15
1783574947,4062,98601.0,27.55,159.0,98599.63,159.12
1783574947,4063,98601.0,27.55,159.0,98599.63,159.12
1783574947,4064,98599.0,27.55,159.18,98599.58,159.12
1783574947,4065,98598.0,27.55,159.26,98599.3,159.15
1783574947,4066,98600.0,27.55,159.09,98599.42,159.14
1783574947,4067,98599.0,27.55,159.18,98599.35,159.14
1783574947,4068,98600.0,27.55,159.09,98599.46,159.13
1783574948,4069,98600.0,27.55,159.09,98599.55,159.13
1783574948,4070,98599.0,27.55,159.18,98599.46,159.13
1783574948,4071,98597.0,27.55,159.35,98599.04,159.17
1783574948,4072,98597.0,27.55,159.35,98599.04,159.17
1783574948,4073,98599.0,27.55,159.18,98598.99,159.18
1783574948,4074,98599.0,27.55,159.18,98598.99,159.18
1783574948,4075,98600.0,27.55,159.09,98599.16,159.16
1783574948,4076,98597.0,27.55,159.35,98598.79,159.19
1783574948,4077,98597.0,27.55,159.35,98598.48,159.22
1783574949,4078,98597.0,27.55,159.35,98598.23,159.24
1783574949,4079,98601.0,27.55,159.0,98598.7,159.2
1783574949,4080,98597.0,27.56,159.35,98598.41,159.23
1783574949,4081,98597.0,27.56,159.35,98598.41,159.23
1783574949,4082,98600.0,27.56,159.08,98598.4,159.22
1783574949,4083,98601.0,27.56,158.99,98598.84,159.18
1783574949,4084,98599.0,27.56,159.17,98598.87,159.18
1783574949,4085,98601.0,27.56,158.99,98599.23,159.15
1783574950,4086,98599.0,27.56,159.17,98599.2,159.15
1783574950,4087,98598.0,27.56,159.26,98598.99,159.17
1783574950,4088,98599.0,27.56,159.17,98598.99,159.17
1783574950,4089,98598.0,27.56,159.26,98598.82,159.19
1783574950,4090,98598.0,27.56,159.26,98598.82,159.19
1783574950,4091,98599.0,27.56,159.17,98598.7,159.2
1783574950,4092,98597.0,27.56,159.35,98598.41,159.22
1783574950,4093,98599.0,27.56,159.17,98598.51,159.21
1783574951,4094,98597.0,27.56,159.35,98598.25,159.24
1783574951,4095,98598.0,27.56,159.26,98598.2,159.24
1783574951,4096,98596.0,27.56,159.44,98597.82,159.27
1783574951,4097,98600.0,27.56,159.08,98598.2,159.24
1783574951,4098,98598.0,27.56,159.26,98598.16,159.24
1783574951,4099,98598.0,27.56,159.26,98598.16,159.24
1783574951,4100,98598.0,27.56,159.26,98597.91,159.27
1783574951,4101,98599.0,27.56,159.17,98598.09,159.25
1783574951,4102,98598.0,27.56,159.26,98598.08,159.25
1783574952,4103,98598.0,27.56,159.26,98598.06,159.25
1783574952,4104,98599.0,27.56,159.17,98598.23,159.24
1783574952,4105,98595.0,27.56,159.52,98597.67,159.29
1783574952,4106,98598.0,27.56,159.26,98597.73,159.28
1783574952,4107,98598.0,27.56,159.26,98597.77,159.28
1783574952,4108,98598.0,27.56,159.26,98597.77,159.28
1783574952,4109,98598.0,27.56,159.26,98597.56,159.3
1783574952,4110,98600.0,27.56,159.08,98597.98,159.26
1783574953,4111,98597.0,27.56,159.35,98597.81,159.27
1783574953,4112,98600.0,27.56,159.08,98598.19,159.24
1783574953,4113,98599.0,27.56,159.17,98598.33,159.23
1783574953,4114,98599.0,27.56,159.18,98598.45,159.22
1783574953,4115,98599.0,27.56,159.18,98598.54,159.22
1783574953,4116,98599.0,27.56,159.18,98598.62,159.21
1783574953,4117,98599.0,27.56,159.18,98598.62,159.21
1783574953,4118,98596.0,27.56,159.44,98598.39,159.23
1783574954,4119,98597.0,27.56,159.35,98598.15,159.25
1783574954,4120,98597.0,27.56,159.35,98597.95,159.27
1783574954,4121,98599.0,27.55,159.18,98598.13,159.25
1783574954,4122,98600.0,27.55,159.09,98598.45,159.22
1783574954,4123,98597.0,27.56,159.35,98598.2,159.25
1783574954,4124,98597.0,27.55,159.35,98597.99,159.26
1783574954,4125,98599.0,27.55,159.18,98598.16,159.25
1783574954,4126,98599.0,27.55,159.18,98598.16,159.25
1783574954,4127,98598.0,27.55,159.26,98598.55,159.21
1783574955,4128,98598.0,27.55,159.26,98598.46,159.22
1783574955,4129,98599.0,27.55,159.17,98598.55,159.21
1783574955,4130,98597.0,27.55,159.35,98598.29,159.23
1783574955,4131,98598.0,27.55,159.26,98598.24,159.24
1783574955,4132,98599.0,27.55,159.17,98598.38,159.23
1783574955,4133,98598.0,27.55,159.26,98598.31,159.23
1783574955,4134,98601.0,27.55,158.99,98598.77,159.19
1783574955,4135,98601.0,27.55,158.99,98598.77,159.19
1783574956,4136,98597.0,27.55,159.35,98598.12,159.25
1783574956,4137,98597.0,27.54,159.35,98597.92,159.27
1783574956,4138,98599.0,27.54,159.17,98598.11,159.25
1783574956,4139,98599.0,27.54,159.17,98598.27,159.24
1783574956,4140,98597.0,27.54,159.35,98598.05,159.25
1783574956,4141,98596.0,27.54,159.44,98597.7,159.29
1783574956,4142,98598.0,27.54,159.26,98597.75,159.28
1783574956,4143,98597.0,27.54,159.35,98597.62,159.29
1783574956,4144,98597.0,27.54,159.35,98597.62,159.29
1783574957,4145,98598.0,27.54,159.26,98597.61,159.29
1783574957,4146,98600.0,27.54,159.08,98598.02,159.26
1783574957,4147,98597.0,27.54,159.35,98597.84,159.27
1783574957,4148,98597.0,27.54,159.35,98597.7,159.29
1783574957,4149,98596.0,27.54,159.44,98597.41,159.31
1783574957,4150,98595.0,27.54,159.52,98596.99,159.35
1783574957,4151,98598.0,27.54,159.26,98597.16,159.33
1783574957,4152,98598.0,27.54,159.26,98597.3,159.32
1783574957,4153,98598.0,27.54,159.26,98597.3,159.32
1783574958,4154,98597.0,27.54,159.35,98597.46,159.31
1783574958,4155,98597.0,27.55,159.35,98597.38,159.31
1783574958,4156,98599.0,27.55,159.17,98597.66,159.29
1783574958,4157,98599.0,27.55,159.17,98597.89,159.27
1783574958,4158,98597.0,27.55,159.35,98597.73,159.28
1783574958,4159,98597.0,27.55,159.35,98597.61,159.29
1783574958,4160,98598.0,27.55,159.26,98597.68,159.29
1783574958,4161,98598.0,27.55,159.26,98597.73,159.28
1783574959,4162,98598.0,27.55,159.26,98597.73,159.28
1783574959,4163,98596.0,27.55,159.44,98597.73,159.28
1783574959,4164,98598.0,27.55,159.26,98597.77,159.28
1783574959,4165,98598.0,27.55,159.26,98597.81,159.27
1783574959,4166,98599.0,27.55,159.17,98598.02,159.26
1783574959,4167,98599.0,27.55,159.17,98598.19,159.24
1783574959,4168,98599.0,27.55,159.17,98598.33,159.23
1783574959,4169,98597.0,27.55,159.35,98598.1,159.25
1783574959,4170,98600.0,27.55,159.08,98598.43,159.22
1783574960,4171,98600.0,27.55,159.08,98598.43,159.22
1783574960,4172,98597.0,27.55,159.35,98597.84,159.27
1783574960,4173,98596.0,27.55,159.44,98597.52,159.3
1783574960,4174,98597.0,27.55,159.35,98597.43,159.31
1783574960,4175,98599.0,27.55,159.18,98597.7,159.29
1783574960,4176,98597.0,27.55,159.35,98597.58,159.3
1783574960,4177,98598.0,27.55,159.26,98597.65,159.3
1783574960,4178,98600.0,27.54,159.09,98598.05,159.26
1783574961,4179,98596.0,27.54,159.44,98597.7,159.29
1783574961,4180,98596.0,27.54,159.44,98597.7,159.29
1783574961,4181,98597.0,27.54,159.35,98597.4,159.32
1783574961,4182,98599.0,27.54,159.18,98597.67,159.29
1783574961,4183,98597.0,27.54,159.35,98597.55,159.3
1783574961,4184,98598.0,27.54,159.26,98597.63,159.3
1783574961,4185,98598.0,27.53,159.26,98597.7,159.29
1783574961,4186,98599.0,27.53,159.18,98597.92,159.27
1783574962,4187,98599.0,27.53,159.18,98598.11,159.25
1783574962,4188,98596.0,27.53,159.44,98597.74,159.29
1783574962,4189,98596.0,27.53,159.44,98597.74,159.29
1783574962,4190,98598.0,27.52,159.26,98597.88,159.27
1783574962,4191,98598.0,27.52,159.26,98597.91,159.27
1783574962,4192,98598.0,27.52,159.26,98597.92,159.27
1783574962,4193,98598.0,27.52,159.26,98597.94,159.27
1783574962,4194,98598.0,27.52,159.26,98597.95,159.27
1783574962,4195,98598.0,27.52,159.26,98597.95,159.27
1783574963,4196,98599.0,27.52,159.18,98598.13,159.25
1783574963,4197,98598.0,27.52,159.26,98598.11,159.25
1783574963,4198,98598.0,27.52,159.26,98598.11,159.25
1783574963,4199,98598.0,27.52,159.26,98598.24,159.24
1783574963,4200,98597.0,27.52,159.35,98598.03,159.26
1783574963,4201,98598.0,27.52,159.26,98598.02,159.26
1783574963,4202,98594.0,27.52,159.62,98597.33,159.32
1783574963,4203,98597.0,27.52,159.35,98597.27,159.33
1783574964,4204,98596.0,27.52,159.44,98597.05,159.35
1783574964,4205,98597.0,27.52,159.35,98597.05,159.35
1783574964,4206,98597.0,27.52,159.35,98597.04,159.35
1783574964,4207,98597.0,27.52,159.35,98597.04,159.35
1783574964,4208,98595.0,27.51,159.53,98596.96,159.36
1783574964,4209,98599.0,27.51,159.18,98597.31,159.32
1783574964,4210,98596.0,27.5,159.44,98597.09,159.34
1783574964,4211,98599.0,27.5,159.18,98597.41,159.32
1783574965,4212,98597.0,27.5,159.35,98597.34,159.32
1783574965,4213,98600.0,27.5,159.09,98597.8,159.28
1783574965,4214,98599.0,27.5,159.18,98598.01,159.26
1783574965,4215,98596.0,27.5,159.44,98597.66,159.29
1783574965,4216,98596.0,27.5,159.44,98597.66,159.29
1783574965,4217,98598.0,27.5,159.26,98597.68,159.29
1783574965,4218,98600.0,27.5,159.09,98598.08,159.26
1783574965,4219,98596.0,27.5,159.44,98597.72,159.29
1783574965,4220,98596.0,27.5,159.44,98597.42,159.32
1783574966,4221,98598.0,27.5,159.26,98597.52,159.31
1783574966,4222,98597.0,27.51,159.35,98597.43,159.31
1783574966,4223,98595.0,27.51,159.53,98597.01,159.35
1783574966,4224,98599.0,27.51,159.18,98597.35,159.32
1783574966,4225,98599.0,27.51,159.18,98597.35,159.32
1783574966,4226,98599.0,27.51,159.18,98597.91,159.27
1783574966,4227,98598.0,27.51,159.26,98597.93,159.27
1783574966,4228,98597.0,27.51,159.35,98597.77,159.28
1783574967,4229,98596.0,27.51,159.44,98597.46,159.31
1783574967,4230,98598.0,27.51,159.26,98597.55,159.3
1783574967,4231,98597.0,27.51,159.35,98597.46,159.31
1783574967,4232,98597.0,27.51,159.35,98597.38,159.32
1783574967,4233,98596.0,27.52,159.44,98597.14,159.34
1783574967,4234,98596.0,27.52,159.44,98597.14,159.34
1783574967,4235,98596.0,27.52,159.44,98596.75,159.37
1783574967,4236,98598.0,27.52,159.26,98596.97,159.35
1783574967,4237,98598.0,27.52,159.26,98597.15,159.34
1783574968,4238,98598.0,27.52,159.26,98597.3,159.33
1783574968,4239,98599.0,27.52,159.18,98597.59,159.3
1783574968,4240,98599.0,27.52,159.18,98597.84,159.28
1783574968,4241,98598.0,27.52,159.26,98597.87,159.28
1783574968,4242,98597.0,27.52,159.35,98597.72,159.29
1783574968,4243,98597.0,27.52,159.35,98597.72,159.29
1783574968,4244,98598.0,27.52,159.26,98597.59,159.3
1783574968,4245,98595.0,27.52,159.53,98597.14,159.34
1783574969,4246,98598.0,27.53,159.26,98597.29,159.33
1783574969,4247,98597.0,27.52,159.35,98597.24,159.33
1783574969,4248,98598.0,27.53,159.26,98597.38,159.31
1783574969,4249,98598.0,27.53,159.26,98597.48,159.3
1783574969,4250,98597.0,27.53,159.35,98597.4,159.31
1783574969,4251,98596.0,27.53,159.44,98597.16,159.33
1783574969,4252,98596.0,27.53,159.44,98597.16,159.33
1783574969,4253,98596.0,27.53,159.44,98597.26,159.32
1783574970,4254,98596.0,27.52,159.43,98597.04,159.34
1783574970,4255,98597.0,27.52,159.34,98597.03,159.34
1783574970,4256,98599.0,27.52,159.16,98597.37,159.31
1783574970,4257,98596.0,27.52,159.43,98597.13,159.33
1783574970,4258,98599.0,27.53,159.16,98597.45,159.3
1783574970,4259,98599.0,27.52,159.16,98597.72,159.28
1783574970,4260,98598.0,27.52,159.25,98597.77,159.27
1783574970,4261,98598.0,27.52,159.25,98597.77,159.27
1783574970,4262,98595.0,27.52,159.52,98596.89,159.35
1783574971,4263,98598.0,27.52,159.25,98597.08,159.33
1783574971,4264,98597.0,27.52,159.34,98597.06,159.34
1783574971,4265,98601.0,27.52,158.99,98597.74,159.28
1783574971,4266,98595.0,27.52,159.52,98597.27,159.32
1783574971,4267,98596.0,27.52,159.43,98597.05,159.34
1783574971,4268,98599.0,27.52,159.16,98597.38,159.31
1783574971,4269,98598.0,27.52,159.25,98597.49,159.3
1783574971,4270,98598.0,27.52,159.25,98597.49,159.3
1783574972,4271,98597.0,27.52,159.34,98597.66,159.28
1783574972,4272,98595.0,27.52,159.52,98597.2,159.32
1783574972,4273,98598.0,27.52,159.25,98597.34,159.31
1783574972,4274,98596.0,27.52,159.43,98597.11,159.33
1783574972,4275,98599.0,27.52,159.16,98597.44,159.3
1783574972,4276,98600.0,27.52,159.08,98597.88,159.26
1783574972,4277,98598.0,27.52,159.25,98597.91,159.26
1783574972,4278,98598.0,27.52,159.25,98597.92,159.26
1783574972,4279,98598.0,27.52,159.25,98597.92,159.26
1783574973,4280,98596.0,27.52,159.43,98597.41,159.31
1783574973,4281,98597.0,27.52,159.34,98597.34,159.31
1783574973,4282,98599.0,27.52,159.16,98597.63,159.29
1783574973,4283,98597.0,27.52,159.34,98597.52,159.3
1783574973,4284,98600.0,27.52,159.08,98597.95,159.26
1783574973,4285,98596.0,27.52,159.43,98597.61,159.29
1783574973,4286,98599.0,27.52,159.16,98597.85,159.27
1783574973,4287,98597.0,27.52,159.34,98597.7,159.28
1783574973,4288,98597.0,27.52,159.34,98597.7,159.28
1783574974,4289,98596.0,27.52,159.43,98597.57,159.29
1783574974,4290,98595.0,27.52,159.52,98597.13,159.33
1783574974,4291,98595.0,27.53,159.52,98596.76,159.36
1783574974,4292,98596.0,27.53,159.43,98596.63,159.38
1783574974,4293,98598.0,27.53,159.25,98596.86,159.35
1783574974,4294,98598.0,27.53,159.25,98597.05,159.34
1783574974,4295,98599.0,27.53,159.16,98597.39,159.31
1783574974,4296,98597.0,27.53,159.34,98597.32,159.31
1783574975,4297,98597.0,27.53,159.34,98597.32,159.31
1783574975,4298,98596.0,27.53,159.43,98596.95,159.35
1783574975,4299,98596.0,27.53,159.43,98596.79,159.36
1783574975,4300,98598.0,27.54,159.25,98597.0,159.34
1783574975,4301,98596.0,27.54,159.43,98596.83,159.36
1783574975,4302,98596.0,27.54,159.44,98596.69,159.37
1783574975,4303,98597.0,27.54,159.35,98596.74,159.37
1783574975,4304,98598.0,27.54,159.26,98596.96,159.35
1783574976,4305,98598.0,27.54,159.26,98597.14,159.33
1783574976,4306,98598.0,27.54,159.26,98597.14,159.33
1783574976,4307,98597.0,27.54,159.35,98597.4,159.31
1783574976,4308,98595.0,27.54,159.52,98596.98,159.35
1783574976,4309,98598.0,27.54,159.26,98597.16,159.33
1783574976,4310,98599.0,27.54,159.17,98597.48,159.3
1783574976,4311,98597.0,27.54,159.35,98597.39,159.31
1783574976,4312,98598.0,27.54,159.26,98597.49,159.3
1783574976,4313,98598.0,27.54,159.26,98597.58,159.3
1783574977,4314,98596.0,27.54,159.44,98597.3,159.32
1783574977,4315,98596.0,27.54,159.44,98597.3,159.32
1783574977,4316,98598.0,27.54,159.26,98597.3,159.32
1783574977,4317,98598.0,27.54,159.26,98597.42,159.31
1783574977,4318,98599.0,27.55,159.17,98597.7,159.29
1783574977,4319,98598.0,27.54,159.26,98597.75,159.28
1783574977,4320,98600.0,27.54,159.08,98598.14,159.25
1783574977,4321,98598.0,27.54,159.26,98598.12,159.25
1783574978,4322,98597.0,27.54,159.35,98597.92,159.27
1783574978,4323,98598.0,27.54,159.26,98597.94,159.26
1783574978,4324,98598.0,27.54,159.26,98597.94,159.26
1783574978,4325,98600.0,27.54,159.08,98598.02,159.26
1783574978,4326,98597.0,27.54,159.35,98597.84,159.28
1783574978,4327,98599.0,27.54,159.18,98598.05,159.26
1783574978,4328,98597.0,27.54,159.35,98597.87,159.28
1783574978,4329,98599.0,27.54,159.18,98598.06,159.26
1783574978,4330,98596.0,27.54,159.44,98597.7,159.29
1783574979,4331,98597.0,27.54,159.35,98597.58,159.3
1783574979,4332,98598.0,27.54,159.26,98597.65,159.3
1783574979,4333,98598.0,27.54,159.26,98597.65,159.3
1783574979,4334,98598.0,27.54,159.26,98597.43,159.31
1783574979,4335,98597.0,27.54,159.35,98597.36,159.32
1783574979,4336,98598.0,27.54,159.26,98597.47,159.31
1783574979,4337,98597.0,27.54,159.35,98597.39,159.32
1783574979,4338,98597.0,27.54,159.35,98597.32,159.32
1783574980,4339,98599.0,27.54,159.18,98597.61,159.3
1783574980,4340,98597.0,27.54,159.35,98597.51,159.31
1783574980,4341,98596.0,27.54,159.44,98597.25,159.33
1783574980,4342,98596.0,27.54,159.44,98597.25,159.33
1783574980,4343,98599.0,27.54,159.18,98597.7,159.3
1783574980,4344,98596.0,27.55,159.45,98597.41,159.32
1783574980,4345,98596.0,27.54,159.45,98597.16,159.34
1783574980,4346,98596.0,27.55,159.45,98596.96,159.36
1783574981,4347,98597.0,27.55,159.36,98596.97,159.36
1783574981,4348,98597.0,27.55,159.36,98596.98,159.36
1783574981,4349,98600.0,27.55,159.09,98597.5,159.31
1783574981,4350,98597.0,27.55,159.36,98597.41,159.32
1783574981,4351,98597.0,27.55,159.36,98597.41,159.32
1783574981,4352,98599.0,27.55,159.18,98597.88,159.27
1783574981,4353,98597.0,27.55,159.35,98597.73,159.29
1783574981,4354,98595.0,27.55,159.53,98597.26,159.33
1783574981,4355,98597.0,27.55,159.35,98597.21,159.33
1783574982,4356,98599.0,27.55,159.18,98597.52,159.31
1783574982,4357,98598.0,27.55,159.26,98597.6,159.3
1783574982,4358,98596.0,27.55,159.44,98597.33,159.32
1783574982,4359,98596.0,27.56,159.44,98597.1,159.34
1783574982,4360,98596.0,27.56,159.44,98597.1,159.34
1783574982,4361,98597.0,27.56,159.35,98597.28,159.33
1783574982,4362,98596.0,27.56,159.44,98597.06,159.35
1783574982,4363,98596.0,27.56,159.44,98596.88,159.36
1783574983,4364,98598.0,27.56,159.26,98597.08,159.35
1783574983,4365,98599.0,27.56,159.18,98597.41,159.32
1783574983,4366,98598.0,27.56,159.27,98597.51,159.31
1783574983,4367,98597.0,27.56,159.36,98597.42,159.32
1783574983,4368,98596.0,27.56,159.45,98597.18,159.34
1783574983,4369,98596.0,27.56,159.45,98597.18,159.34
1783574983,4370,98599.0,27.56,159.18,98597.62,159.3
1783574983,4371,98595.0,27.56,159.53,98597.16,159.34
1783574984,4372,98598.0,27.57,159.27,98597.3,159.33
1783574984,4373,98598.0,27.57,159.27,98597.42,159.32
1783574984,4374,98594.0,27.57,159.62,98596.83,159.37
1783574984,4375,98597.0,27.56,159.36,98596.86,159.37
1783574984,4376,98597.0,27.57,159.36,98596.88,159.37
1783574984,4377,98597.0,27.57,159.36,98596.91,159.37
1783574984,4378,98597.0,27.57,159.36,98596.91,159.37
1783574984,4379,98598.0,27.57,159.27,98597.41,159.32
1783574984,4380,98598.0,27.57,159.27,98597.52,159.31
1783574985,4381,98598.0,27.57,159.27,98597.6,159.3
1783574985,4382,98598.0,27.57,159.27,98597.67,159.3
1783574985,4383,98597.0,27.57,159.36,98597.55,159.31
1783574985,4384,98594.0,27.57,159.63,98596.95,159.37
1783574985,4385,98598.0,27.57,159.27,98597.13,159.35
1783574985,4386,98597.0,27.57,159.36,98597.1,159.35
1783574985,4387,98597.0,27.57,159.36,98597.1,159.35
1783574985,4388,98598.0,27.57,159.27,98597.3,159.34
1783574986,4389,98596.0,27.57,159.45,98597.07,159.36
1783574986,4390,98598.0,27.56,159.27,98597.23,159.34
1783574986,4391,98597.0,27.57,159.36,98597.2,159.35
1783574986,4392,98596.0,27.57,159.45,98596.99,159.36
1783574986,4393,98596.0,27.57,159.45,98596.82,159.38
1783574986,4394,98597.0,27.57,159.36,98596.85,159.38
1783574986,4395,98597.0,27.56,159.36,98596.88,159.37
1783574986,4396,98597.0,27.56,159.36,98596.88,159.37
1783574987,4397,98599.0,27.57,159.19,98597.41,159.33
1783574987,4398,98597.0,27.57,159.36,98597.34,159.33
1783574987,4399,98598.0,27.57,159.27,98597.45,159.32
1783574987,4400,98598.0,27.57,159.27,98597.55,159.31
1783574987,4401,98598.0,27.57,159.27,98597.63,159.31
1783574987,4402,98598.0,27.57,159.27,98597.69,159.3
1783574987,4403,98599.0,27.56,159.19,98597.91,159.28
1783574987,4404,98596.0,27.57,159.45,98597.59,159.31
1783574987,4405,98596.0,27.57,159.45,98597.59,159.31
1783574988,4406,98596.0,27.57,159.45,98597.65,159.31
1783574988,4407,98595.0,27.57,159.55,98597.2,159.35
1783574988,4408,98599.0,27.56,159.19,98597.51,159.32
1783574988,4409,98597.0,27.57,159.37,98597.42,159.33
1783574988,4410,98596.0,27.57,159.46,98597.18,159.35
1783574988,4411,98596.0,27.57,159.46,98596.98,159.37
1783574988,4412,98598.0,27.56,159.28,98597.16,159.35
1783574988,4413,98597.0,27.56,159.37,98597.13,159.36
1783574988,4414,98597.0,27.56,159.37,98597.13,159.36
1783574989,4415,98599.0,27.56,159.19,98597.64,159.31
1783574989,4416,98599.0,27.57,159.19,98597.88,159.29
1783574989,4417,98597.0,27.57,159.37,98597.73,159.3
1783574989,4418,98599.0,27.57,159.19,98597.95,159.28
1783574989,4419,98594.0,27.56,159.63,98597.27,159.35
1783574989,4420,98597.0,27.56,159.37,98597.22,159.35
1783574989,4421,98595.0,27.56,159.55,98596.84,159.38
1783574989,4422,98600.0,27.56,159.1,98597.38,159.33
1783574989,4423,98600.0,27.56,159.1,98597.38,159.33
1783574990,4424,98597.0,27.56,159.37,98597.32,159.34
1783574990,4425,98595.0,27.56,159.55,98596.92,159.38
1783574990,4426,98598.0,27.56,159.28,98597.11,159.36
1783574990,4427,98596.0,27.56,159.46,98596.92,159.38
1783574990,4428,98597.0,27.56,159.37,98596.94,159.37
1783574990,4429,98596.0,27.56,159.46,98596.77,159.39
1783574990,4430,98598.0,27.56,159.28,98596.98,159.37
1783574990,4431,98600.0,27.56,159.1,98597.51,159.32
1783574991,4432,98600.0,27.56,159.1,98597.51,159.32
1783574991,4433,98596.0,27.56,159.46,98596.81,159.38
1783574991,4434,98596.0,27.56,159.46,98596.67,159.4
1783574991,4435,98598.0,27.55,159.28,98596.9,159.38
1783574991,4436,98599.0,27.55,159.19,98597.26,159.35
1783574991,4437,98598.0,27.55,159.28,98597.38,159.33
1783574991,4438,98596.0,27.55,159.46,98597.14,159.36
1783574991,4439,98596.0,27.55,159.46,98596.95,159.37
1783574992,4440,98597.0,27.55,159.37,98596.95,159.37
1783574992,4441,98597.0,27.55,159.37,98596.95,159.37
1783574992,4442,98595.0,27.54,159.54,98596.8,159.38
1783574992,4443,98597.0,27.54,159.36,98596.84,159.38
1783574992,4444,98597.0,27.54,159.36,98596.87,159.37
1783574992,4445,98596.0,27.54,159.45,98596.72,159.39
1783574992,4446,98597.0,27.54,159.36,98596.77,159.38
1783574992,4447,98598.0,27.53,159.27,98596.98,159.37
1783574992,4448,98595.0,27.53,159.54,98596.63,159.4
1783574993,4449,98600.0,27.53,159.1,98597.21,159.34
1783574993,4450,98600.0,27.53,159.1,98597.21,159.34
1783574993,4451,98597.0,27.52,159.36,98596.62,159.4
1783574993,4452,98594.0,27.52,159.63,98596.16,159.44
1783574993,4453,98597.0,27.52,159.36,98596.3,159.42
1783574993,4454,98595.0,27.52,159.54,98596.08,159.44
1783574993,4455,98596.0,27.52,159.45,98596.06,159.45
1783574993,4456,98599.0,27.52,159.19,98596.57,159.4
1783574994,4457,98596.0,27.52,159.45,98596.47,159.41
1783574994,4458,98598.0,27.52,159.27,98596.73,159.39
1783574994,4459,98598.0,27.52,159.27,98596.73,159.39
1783574994,4460,98598.0,27.51,159.27,98597.05,159.36
1783574994,4461,98593.0,27.51,159.72,98596.35,159.42
1783574994,4462,98596.0,27.51,159.45,98596.29,159.43
1783574994,4463,98594.0,27.52,159.63,98595.89,159.46
1783574994,4464,98597.0,27.52,159.36,98596.08,159.44
1783574995,4465,98599.0,27.52,159.19,98596.58,159.4
1783574995,4466,98598.0,27.51,159.27,98596.82,159.38
1783574995,4467,98597.0,27.52,159.36,98596.85,159.38
1783574995,4468,98597.0,27.52,159.36,98596.85,159.38
1783574995,4469,98595.0,27.52,159.55,98596.42,159.42
1783574995,4470,98598.0,27.52,159.28,98596.7,159.4
1783574995,4471,98597.0,27.52,159.37,98596.75,159.39
1783574995,4472,98598.0,27.52,159.28,98596.97,159.37
1783574995,4473,98596.0,27.52,159.46,98596.8,159.39
1783574996,4474,98596.0,27.52,159.46,98596.66,159.4
1783574996,4475,98598.0,27.52,159.28,98596.89,159.38
1783574996,4476,98595.0,27.52,159.55,98596.56,159.41
1783574996,4477,98595.0,27.52,159.55,98596.56,159.41
1783574996,4478,98595.0,27.52,159.55,98596.48,159.42
1783574996,4479,98596.0,27.52,159.46,98596.39,159.42
1783574996,4480,98595.0,27.52,159.55,98596.15,159.45
1783574996,4481,98598.0,27.52,159.29,98596.47,159.42
1783574997,4482,98595.0,27.52,159.55,98596.22,159.44
1783574997,4483,98595.0,27.52,159.55,98596.01,159.46
1783574997,4484,98597.0,27.52,159.37,98596.18,159.45
1783574997,4485,98595.0,27.52,159.55,98595.98,159.46
1783574997,4486,98595.0,27.52,159.55,98595.98,159.46
1783574997,4487,98597.0,27.52,159.37,98596.08,159.46
1783574997,4488,98597.0,27.52,159.37,98596.23,159.44
1783574997,4489,98598.0,27.52,159.29,98596.54,159.41
1783574998,4490,98597.0,27.52,159.37,98596.62,159.41
1783574998,4491,98597.0,27.52,159.37,98596.68,159.4
1783574998,4492,98596.0,27.52,159.46,98596.56,159.41
1783574998,4493,98597.0,27.52,159.37,98596.64,159.41
1783574998,4494,98598.0,27.52,159.29,98596.88,159.38
1783574998,4495,98598.0,27.52,159.29,98596.88,159.38
1783574998,4496,98596.0,27.52,159.47,98596.51,159.42
1783574998,4497,98597.0,27.52,159.38,98596.59,159.42
1783574998,4498,98596.0,27.52,159.47,98596.49,159.42
1783574999,4499,98598.0,27.52,159.29,98596.75,159.4
1783574999,4500,98596.0,27.52,159.47,98596.62,159.41
1783574999,4501,98597.0,27.52,159.38,98596.68,159.41
1783574999,4502,98595.0,27.51,159.56,98596.39,159.43
1783574999,4503,98598.0,27.51,159.29,98596.67,159.41
1783574999,4504,98598.0,27.51,159.29,98596.67,159.41
1783574999,4505,98595.0,27.52,159.56,98596.2,159.45
1783574999,4506,98597.0,27.52,159.38,98596.34,159.44
1783575000,4507,98596.0,27.52,159.47,98596.28,159.44
1783575000,4508,98596.0,27.52,159.47,98596.23,159.45
1783575000,4509,98593.0,27.51,159.73,98595.68,159.5
1783575000,4510,98595.0,27.51,159.56,98595.56,159.51
1783575000,4511,98595.0,27.51,159.56,98595.47,159.51
1783575000,4512,98595.0,27.51,159.56,98595.39,159.52
1783575000,4513,98595.0,27.51,159.56,98595.39,159.52
1783575000,4514,98596.0,27.5,159.47,98595.59,159.5
1783575000,4515,98595.0,27.5,159.56,98595.49,159.51
1783575001,4516,98595.0,27.5,159.56,98595.41,159.52
1783575001,4517,98595.0,27.5,159.56,98595.34,159.53
1783575001,4518,98596.0,27.5,159.47,98595.45,159.52
1783575001,4519,98596.0,27.5,159.47,98595.55,159.51
1783575001,4520,98595.0,27.5,159.56,98595.45,159.52
1783575001,4521,98597.0,27.5,159.38,98595.72,159.5
1783575001,4522,98597.0,27.5,159.38,98595.72,159.5
1783575001,4523,98595.0,27.51,159.56,98595.52,159.52
1783575002,4524,98596.0,27.51,159.47,98595.61,159.51
1783575002,4525,98595.0,27.51,159.56,98595.51,159.52
1783575002,4526,98596.0,27.51,159.47,98595.59,159.51
1783575002,4527,98594.0,27.51,159.65,98595.32,159.53
1783575002,4528,98595.0,27.51,159.56,98595.27,159.54
1783575002,4529,98596.0,27.51,159.47,98595.39,159.53
1783575002,4530,98595.0,27.51,159.56,98595.32,159.53
1783575002,4531,98595.0,27.51,159.56,98595.32,159.53
1783575003,4532,98593.0,27.51,159.74,98594.92,159.57
1783575003,4533,98595.0,27.51,159.56,98594.94,159.57
1783575003,4534,98594.0,27.51,159.65,98594.77,159.58
1783575003,4535,98595.0,27.51,159.56,98594.81,159.58
1783575003,4536,98595.0,27.51,159.56,98594.84,159.58
1783575003,4537,98594.0,27.51,159.65,98594.7,159.59
1783575003,4538,98595.0,27.51,159.56,98594.75,159.58
1783575003,4539,98594.0,27.51,159.65,98594.62,159.6
1783575003,4540,98594.0,27.51,159.65,98594.62,159.6
1783575004,4541,98594.0,27.52,159.65,98594.75,159.58
1783575004,4542,98596.0,27.52,159.47,98594.97,159.56
1783575004,4543,98595.0,27.52,159.56,98594.98,159.56
1783575004,4544,98595.0,27.52,159.56,98594.98,159.56
1783575004,4545,98596.0,27.52,159.47,98595.16,159.55
1783575004,4546,98597.0,27.52,159.38,98595.48,159.52
1783575004,4547,98595.0,27.52,159.56,98595.39,159.53
1783575004,4548,98596.0,27.52,159.47,98595.49,159.52
1783575004,4549,98596.0,27.52,159.47,98595.49,159.52
1783575005,4550,98597.0,27.52,159.38,98595.59,159.51
1783575005,4551,98597.0,27.52,159.38,98595.84,159.49
1783575005,4552,98598.0,27.52,159.3,98596.21,159.45
1783575005,4553,98595.0,27.52,159.56,98596.0,159.47
1783575005,4554,98595.0,27.52,159.56,98595.83,159.49
1783575005,4555,98596.0,27.52,159.47,98595.86,159.49
1783575005,4556,98598.0,27.52,159.3,98596.23,159.45
1783575005,4557,98594.0,27.52,159.65,98595.84,159.49
1783575006,4558,98594.0,27.52,159.65,98595.84,159.49
1783575006,4559,98596.0,27.52,159.47,98595.61,159.5
1783575006,4560,98592.0,27.52,159.82,98594.98,159.56
1783575006,4561,98597.0,27.52,159.38,98595.33,159.53
1783575006,4562,98598.0,27.52,159.29,98595.79,159.49
1783575006,4563,98593.0,27.53,159.73,98595.3,159.53
1783575006,4564,98594.0,27.53,159.64,98595.08,159.55
1783575006,4565,98596.0,27.53,159.47,98595.23,159.54
1783575006,4566,98595.0,27.53,159.56,98595.2,159.54
1783575007,4567,98595.0,27.53,159.56,98595.2,159.54
1783575007,4568,98594.0,27.53,159.64,98595.2,159.54
1783575007,4569,98596.0,27.53,159.47,98595.34,159.53
1783575007,4570,98596.0,27.53,159.47,98595.45,159.52
1783575007,4571,98596.0,27.53,159.47,98595.55,159.51
1783575007,4572,98596.0,27.54,159.47,98595.63,159.5
1783575007,4573,98594.0,27.54,159.64,98595.34,159.53
1783575007,4574,98595.0,27.54,159.56,98595.28,159.53
1783575008,4575,98597.0,27.54,159.38,98595.58,159.51
1783575008,4576,98597.0,27.54,159.38,98595.58,159.51
1783575008,4577,98597.0,27.54,159.38,98595.88,159.48
1783575008,4578,98595.0,27.54,159.56,98595.73,159.49
1783575008,4579,98596.0,27.54,159.47,98595.77,159.49
1783575008,4580,98595.0,27.55,159.56,98595.64,159.5
1783575008,4581,98595.0,27.55,159.56,98595.53,159.51
1783575008,4582,98595.0,27.55,159.56,98595.44,159.52
1783575009,4583,98595.0,27.55,159.56,98595.36,159.52
1783575009,4584,98596.0,27.55,159.47,98595.47,159.51
1783575009,4585,98596.0,27.55,159.47,98595.47,159.51
1783575009,4586,98598.0,27.55,159.29,98596.48,159.43
1783575009,4587,98596.0,27.55,159.47,98596.39,159.43
1783575009,4588,98595.0,27.55,159.56,98596.15,159.45
1783575009,4589,98595.0,27.55,159.56,98595.95,159.47
1783575009,4590,98595.0,27.55,159.56,98595.79,159.49
1783575009,4591,98598.0,27.54,159.29,98596.17,159.45
1783575010,4592,98595.0,27.55,159.56,98595.97,159.47
1783575010,4593,98595.0,27.55,159.56,98595.8,159.49
1783575010,4594,98595.0,27.55,159.56,98595.8,159.49
1783575010,4595,98596.0,27.54,159.47,98595.34,159.53
1783575010,4596,98597.0,27.54,159.38,98595.63,159.5
1783575010,4597,98599.0,27.54,159.2,98596.2,159.45
1783575010,4598,98594.0,27.54,159.64,98595.82,159.48
1783575010,4599,98594.0,27.54,159.64,98595.51,159.51
1783575011,4600,98596.0,27.54,159.47,98595.59,159.5
1783575011,4601,98596.0,27.54,159.47,98595.66,159.5
1783575011,4602,98597.0,27.54,159.38,98595.89,159.48
1783575011,4603,98597.0,27.54,159.38,98595.89,159.48
1783575011,4604,98596.0,27.54,159.47,98595.61,159.5
1783575011,4605,98597.0,27.53,159.38,98595.85,159.48
1783575011,4606,98595.0,27.54,159.56,98595.7,159.49
1783575011,4607,98596.0,27.53,159.47,98595.76,159.49
1783575011,4608,98595.0,27.53,159.56,98595.63,159.5
1783575012,4609,98598.0,27.53,159.29,98596.03,159.46
1783575012,4610,98598.0,27.53,159.29,98596.37,159.44
1783575012,4611,98596.0,27.53,159.47,98596.3,159.44
1783575012,4612,98596.0,27.53,159.47,98596.3,159.44
1783575012,4613,98597.0,27.53,159.38,98596.75,159.4
1783575012,4614,98596.0,27.53,159.47,98596.62,159.41
1783575012,4615,98597.0,27.53,159.38,98596.68,159.41
1783575012,4616,98597.0,27.53,159.38,98596.73,159.4
1783575013,4617,98596.0,27.53,159.47,98596.61,159.41
1783575013,4618,98595.0,27.53,159.56,98596.33,159.44
1783575013,4619,98595.0,27.53,159.56,98596.1,159.46
1783575013,4620,98594.0,27.53,159.64,98595.74,159.49
1783575013,4621,98594.0,27.53,159.64,98595.74,159.49
1783575013,4622,98596.0,27.53,159.47,98596.5,159.42
1783575013,4623,98595.0,27.53,159.56,98596.24,159.45
1783575013,4624,98595.0,27.54,159.56,98596.03,159.46
1783575014,4625,98596.0,27.54,159.47,98596.02,159.47
1783575014,4626,98596.0,27.53,159.47,98596.02,159.47
1783575014,4627,98596.0,27.54,159.47,98596.02,159.47
1783575014,4628,98595.0,27.54,159.56,98595.84,159.48
1783575014,4629,98595.0,27.54,159.56,98595.7,159.49
1783575014,4630,98595.0,27.54,159.56,98595.7,159.49
1783575014,4631,98597.0,27.54,159.38,98596.32,159.44
1783575014,4632,98594.0,27.54,159.64,98595.92,159.47
1783575014,4633,98597.0,27.54,159.38,98596.11,159.46
1783575015,4634,98593.0,27.54,159.73,98595.57,159.51
1783575015,4635,98596.0,27.54,159.47,98595.64,159.5
1783575015,4636,98596.0,27.54,159.47,98595.7,159.49
1783575015,4637,98597.0,27.54,159.38,98595.93,159.48
1783575015,4638,98596.0,27.54,159.47,98595.95,159.48
1783575015,4639,98596.0,27.54,159.47,98595.95,159.48
1783575015,4640,98595.0,27.54,159.56,98596.01,159.47
1783575015,4641,98594.0,27.54,159.65,98595.66,159.5
1783575016,4642,98594.0,27.54,159.65,98595.38,159.53
1783575016,4643,98595.0,27.54,159.56,98595.31,159.53
1783575016,4644,98594.0,27.54,159.65,98595.09,159.55
1783575016,4645,98594.0,27.54,159.65,98594.9,159.57
1783575016,4646,98596.0,27.54,159.47,98595.09,159.55
1783575016,4647,98597.0,27.54,159.38,98595.41,159.52
1783575016,4648,98597.0,27.54,159.38,98595.41,159.52
1783575016,4649,98596.0,27.53,159.47,98595.13,159.55
1783575017,4650,98594.0,27.53,159.65,98594.93,159.57
1783575017,4651,98596.0,27.53,159.47,98595.12,159.55
1783575017,4652,98595.0,27.54,159.56,98595.09,159.55
1783575017,4653,98594.0,27.53,159.65,98594.91,159.57
1783575017,4654,98597.0,27.53,159.38,98595.27,159.54
1783575017,4655,98596.0,27.53,159.47,98595.39,159.53
1783575017,4656,98596.0,27.53,159.47,98595.49,159.52
1783575017,4657,98596.0,27.53,159.47,98595.49,159.52
1783575017,4658,98595.0,27.53,159.56,98595.61,159.51
1783575018,4659,98593.0,27.54,159.74,98595.16,159.55
1783575018,4660,98596.0,27.54,159.47,98595.3,159.53
1783575018,4661,98594.0,27.53,159.65,98595.08,159.55
1783575018,4662,98594.0,27.54,159.65,98594.89,159.57
1783575018,4663,98596.0,27.54,159.47,98595.08,159.55
1783575018,4664,98593.0,27.54,159.74,98594.72,159.59
1783575018,4665,98596.0,27.54,159.47,98594.94,159.57
1783575018,4666,98596.0,27.54,159.47,98594.94,159.57
1783575019,4667,98594.0,27.54,159.65,98594.82,159.58
1783575019,4668,98595.0,27.54,159.56,98594.85,159.57
1783575019,4669,98597.0,27.54,159.38,98595.22,159.54
1783575019,4670,98596.0,27.54,159.47,98595.35,159.53
1783575019,4671,98595.0,27.54,159.56,98595.29,159.54
1783575019,4672,98592.0,27.54,159.83,98594.72,159.59
1783575019,4673,98594.0,27.54,159.65,98594.59,159.6
1783575019,4674,98594.0,27.54,159.65,98594.49,159.61
1783575019,4675,98594.0,27.54,159.65,98594.49,159.61
1783575020,4676,98596.0,27.54,159.47,98595.42,159.52
1783575020,4677,98597.0,27.54,159.38,98595.7,159.5
1783575020,4678,98598.0,27.54,159.3,98596.09,159.46
1783575020,4679,98595.0,27.54,159.56,98595.91,159.48
1783575020,4680,98596.0,27.54,159.47,98595.92,159.48
1783575020,4681,98598.0,27.54,159.3,98596.28,159.45
1783575020,4682,98596.0,27.54,159.47,98596.23,159.45
1783575020,4683,98594.0,27.54,159.64,98595.85,159.48
1783575020,4684,98594.0,27.54,159.64,98595.85,159.48
1783575021,4685,98593.0,27.54,159.73,98595.16,159.54
1783575021,4686,98596.0,27.54,159.47,98595.3,159.53
1783575021,4687,98594.0,27.54,159.64,98595.08,159.55
1783575021,4688,98596.0,27.54,159.47,98595.23,159.54
1783575021,4689,98595.0,27.54,159.56,98595.2,159.54
1783575021,4690,98597.0,27.53,159.38,98595.51,159.51
1783575021,4691,98598.0,27.54,159.29,98595.94,159.47
1783575021,4692,98596.0,27.54,159.47,98595.95,159.47
1783575022,4693,98596.0,27.54,159.47,98595.95,159.47
1783575022,4694,98595.0,27.53,159.55,98595.19,159.53
1783575022,4695,98597.0,27.53,159.37,98595.5,159.51
1783575022,4696,98597.0,27.53,159.37,98595.76,159.48
1783575022,4697,98597.0,27.53,159.37,98595.97,159.46
1783575022,4698,98595.0,27.53,159.55,98595.8,159.48
1783575022,4699,98596.0,27.53,159.46,98595.84,159.48
1783575022,4700,98597.0,27.53,159.37,98596.04,159.46
1783575022,4701,98595.0,27.53,159.55,98595.86,159.47
1783575023,4702,98595.0,27.53,159.55,98595.86,159.47
1783575023,4703,98596.0,27.53,159.46,98595.83,159.48
1783575023,4704,98596.0,27.53,159.46,98595.86,159.47
1783575023,4705,98595.0,27.53,159.55,98595.71,159.49
1783575023,4706,98595.0,27.54,159.55,98595.59,159.5
1783575023,4707,98595.0,27.53,159.55,98595.48,159.5
1783575023,4708,98596.0,27.54,159.46,98595.57,159.5
1783575023,4709,98594.0,27.53,159.63,98595.3,159.52
1783575024,4710,98593.0,27.53,159.72,98594.9,159.55
1783575024,4711,98593.0,27.53,159.72,98594.9,159.55
1783575024,4712,98594.0,27.54,159.63,98594.95,159.55
1783575024,4713,98597.0,27.54,159.37,98595.3,159.52
1783575024,4714,98595.0,27.54,159.55,98595.24,159.52
1783575024,4715,98598.0,27.54,159.28,98595.72,159.48
1783575024,4716,98595.0,27.54,159.55,98595.59,159.49
1783575024,4717,98594.0,27.54,159.63,98595.32,159.52
1783575025,4718,98595.0,27.54,159.55,98595.27,159.52
1783575025,4719,98597.0,27.54,159.37,98595.56,159.5
1783575025,4720,98597.0,27.54,159.37,98595.56,159.5
1783575025,4721,98595.0,27.54,159.55,98595.24,159.52
1783575025,4722,98595.0,27.54,159.55,98595.2,159.53
1783575025,4723,98597.0,27.55,159.37,98595.52,159.5
1783575025,4724,98598.0,27.54,159.28,98595.95,159.46
1783575025,4725,98593.0,27.54,159.72,98595.44,159.51
1783575025,4726,98597.0,27.55,159.37,98595.7,159.48
1783575026,4727,98594.0,27.54,159.63,98595.41,159.51
1783575026,4728,98593.0,27.55,159.72,98594.99,159.55
1783575026,4729,98593.0,27.55,159.72,98594.99,159.55
1783575026,4730,98595.0,27.54,159.55,98595.02,159.54
1783575026,4731,98595.0,27.55,159.55,98595.02,159.54
1783575026,4732,98596.0,27.55,159.46,98595.19,159.53
1783575026,4733,98596.0,27.55,159.46,98595.33,159.52
1783575026,4734,98594.0,27.55,159.63,98595.1,159.54
1783575027,4735,98594.0,27.55,159.63,98594.91,159.55
1783575027,4736,98595.0,27.55,159.55,98594.93,159.55
1783575027,4737,98594.0,27.55,159.63,98594.77,159.57
1783575027,4738,98594.0,27.55,159.63,98594.77,159.57
1783575027,4739,98595.0,27.54,159.55,98595.07,159.54
1783575027,4740,98596.0,27.54,159.46,98595.23,159.52
1783575027,4741,98595.0,27.54,159.55,98595.2,159.53
1783575027,4742,98596.0,27.54,159.46,98595.34,159.52
1783575028,4743,98595.0,27.54,159.55,98595.28,159.52
1783575028,4744,98594.0,27.54,159.63,98595.06,159.54
1783575028,4745,98596.0,27.54,159.46,98595.23,159.53
1783575028,4746,98594.0,27.53,159.63,98595.02,159.54
1783575028,4747,98594.0,27.53,159.63,98595.02,159.54
1783575028,4748,98595.0,27.53,159.55,98595.34,159.52
1783575028,4749,98596.0,27.53,159.46,98595.45,159.51
1783575028,4750,98596.0,27.53,159.46,98595.55,159.5
1783575028,4751,98595.0,27.53,159.55,98595.45,159.51
1783575029,4752,98594.0,27.52,159.63,98595.2,159.53
1783575029,4753,98594.0,27.52,159.63,98594.99,159.55
1783575029,4754,98595.0,27.52,159.55,98594.99,159.55
1783575029,4755,98594.0,27.51,159.63,98594.82,159.56
1783575029,4756,98594.0,27.51,159.63,98594.82,159.56
1783575029,4757,98594.0,27.5,159.63,98594.66,159.58
1783575029,4758,98593.0,27.5,159.72,98594.37,159.6
1783575029,4759,98595.0,27.5,159.55,98594.48,159.59
1783575030,4760,98595.0,27.5,159.55,98594.57,159.58
1783575030,4761,98595.0,27.5,159.55,98594.64,159.58
1783575030,4762,98594.0,27.5,159.63,98594.53,159.59
1783575030,4763,98595.0,27.5,159.55,98594.61,159.58
1783575030,4764,98596.0,27.5,159.46,98594.85,159.56
1783575030,4765,98596.0,27.5,159.46,98594.85,159.56
1783575030,4766,98594.0,27.5,159.63,98594.85,159.56
1783575030,4767,98595.0,27.51,159.55,98594.88,159.56
1783575031,4768,98593.0,27.5,159.72,98594.55,159.59
1783575031,4769,98595.0,27.51,159.55,98594.63,159.58
1783575031,4770,98595.0,27.51,159.55,98594.7,159.57
1783575031,4771,98594.0,27.51,159.63,98594.58,159.58
1783575031,4772,98594.0,27.51,159.63,98594.48,159.59
1783575031,4773,98594.0,27.5,159.63,98594.39,159.59
1783575031,4774,98594.0,27.5,159.63,98594.39,159.59
1783575031,4775,98595.0,27.5,159.54,98594.38,159.6
1783575031,4776,98595.0,27.5,159.54,98594.48,159.59
1783575032,4777,98593.0,27.49,159.72,98594.23,159.61
1783575032,4778,98596.0,27.49,159.46,98594.53,159.59
1783575032,4779,98593.0,27.49,159.72,98594.27,159.61
1783575032,4780,98595.0,27.49,159.55,98594.39,159.6
1783575032,4781,98596.0,27.49,159.46,98594.67,159.57
1783575032,4782,98592.0,27.49,159.81,98594.21,159.62
1783575032,4783,98592.0,27.49,159.81,98594.21,159.62
1783575032,4784,98593.0,27.48,159.72,98593.73,159.66
1783575033,4785,98593.0,27.48,159.72,98593.61,159.67
1783575033,4786,98592.0,27.48,159.81,98593.33,159.69
1783575033,4787,98593.0,27.48,159.72,98593.27,159.7
1783575033,4788,98593.0,27.48,159.72,98593.23,159.7
1783575033,4789,98592.0,27.48,159.81,98593.02,159.72
1783575033,4790,98595.0,27.48,159.55,98593.36,159.69
1783575033,4791,98595.0,27.48,159.55,98593.64,159.67
1783575033,4792,98595.0,27.48,159.55,98593.64,159.67
1783575034,4793,98595.0,27.48,159.55,98594.48,159.59
1783575034,4794,98595.0,27.48,159.55,98594.57,159.58
1783575034,4795,98596.0,27.48,159.46,98594.82,159.56
1783575034,4796,98594.0,27.47,159.63,98594.68,159.57
1783575034,4797,98595.0,27.47,159.55,98594.73,159.57
1783575034,4798,98594.0,27.47,159.63,98594.61,159.58
1783575034,4799,98596.0,27.47,159.46,98594.85,159.56
1783575034,4800,98591.0,27.47,159.9,98594.19,159.62
1783575034,4801,98591.0,27.47,159.9,98594.19,159.62
1783575035,4802,98596.0,27.47,159.46,98594.87,159.56
1783575035,4803,98595.0,27.46,159.55,98594.89,159.56
1783575035,4804,98594.0,27.46,159.63,98594.73,159.57
1783575035,4805,98592.0,27.46,159.81,98594.27,159.61
1783575035,4806,98594.0,27.46,159.63,98594.22,159.61
1783575035,4807,98593.0,27.46,159.72,98594.01,159.63
1783575035,4808,98596.0,27.46,159.46,98594.35,159.6
1783575035,4809,98593.0,27.46,159.72,98594.12,159.62
1783575035,4810,98593.0,27.46,159.72,98594.12,159.62
1783575036,4811,98595.0,27.46,159.55,98594.45,159.59
1783575036,4812,98593.0,27.46,159.72,98594.2,159.62
1783575036,4813,98594.0,27.46,159.63,98594.17,159.62
1783575036,4814,98595.0,27.46,159.55,98594.31,159.61
1783575036,4815,98594.0,27.46,159.63,98594.26,159.61
1783575036,4816,98595.0,27.46,159.55,98594.38,159.6
1783575036,4817,98595.0,27.46,159.55,98594.49,159.59
1783575036,4818,98591.0,27.46,159.9,98593.89,159.64
1783575036,4819,98591.0,27.46,159.9,98593.89,159.64
1783575037,4820,98597.0,27.47,159.37,98594.02,159.63
1783575037,4821,98594.0,27.46,159.63,98594.02,159.63
1783575037,4822,98593.0,27.46,159.72,98593.84,159.65
1783575037,4823,98593.0,27.47,159.72,98593.7,159.66
1783575037,4824,98595.0,27.47,159.55,98593.92,159.64
1783575037,4825,98594.0,27.46,159.63,98593.94,159.64
1783575037,4826,98593.0,27.47,159.72,98593.77,159.65
1783575037,4827,98595.0,27.46,159.55,98593.98,159.64
1783575038,4828,98595.0,27.46,159.55,98593.98,159.64
1783575038,4829,98593.0,27.46,159.72,98594.12,159.62
1783575038,4830,98595.0,27.46,159.55,98594.27,159.61
1783575038,4831,98594.0,27.46,159.63,98594.22,159.61
1783575038,4832,98594.0,27.46,159.63,98594.18,159.62
1783575038,4833,98595.0,27.46,159.55,98594.32,159.61
1783575038,4834,98595.0,27.46,159.55,98594.44,159.6
1783575038,4835,98596.0,27.46,159.46,98594.7,159.57
1783575039,4836,98593.0,27.46,159.72,98594.41,159.6
1783575039,4837,98593.0,27.46,159.72,98594.41,159.6
1783575039,4838,98594.0,27.46,159.63,98594.25,159.61
1783575039,4839,98594.0,27.46,159.63,98594.2,159.62
1783575039,4840,98595.0,27.46,159.55,98594.34,159.6
1783575039,4841,98594.0,27.47,159.63,98594.28,159.61
1783575039,4842,98593.0,27.47,159.72,98594.06,159.63
1783575039,4843,98596.0,27.46,159.46,98594.4,159.6
1783575039,4844,98594.0,27.47,159.63,98594.33,159.61
1783575040,4845,98595.0,27.46,159.55,98594.45,159.59
1783575040,4846,98595.0,27.46,159.55,98594.45,159.59
1783575040,4847,98593.0,27.47,159.72,98593.84,159.65
1783575040,4848,98593.0,27.47,159.72,98593.7,159.66
1783575040,4849,98592.0,27.47,159.81,98593.41,159.69
1783575040,4850,98595.0,27.47,159.55,98593.68,159.66
1783575040,4851,98596.0,27.46,159.46,98594.08,159.63
1783575040,4852,98594.0,27.46,159.63,98594.06,159.62
1783575041,4853,98593.0,27.47,159.72,98593.88,159.64
1783575041,4854,98596.0,27.47,159.45,98594.25,159.61
1783575041,4855,98596.0,27.47,159.45,98594.25,159.61
1783575041,4856,98593.0,27.47,159.72,98593.77,159.65
1783575041,4857,98596.0,27.47,159.45,98594.16,159.61
1783575041,4858,98595.0,27.47,159.54,98594.3,159.6
1783575041,4859,98594.0,27.47,159.63,98594.25,159.61
1783575041,4860,98595.0,27.47,159.54,98594.38,159.59
1783575042,4861,98593.0,27.47,159.72,98594.14,159.62
1783575042,4862,98593.0,27.47,159.72,98593.95,159.63
1783575042,4863,98596.0,27.47,159.45,98594.3,159.6
1783575042,4864,98596.0,27.47,159.45,98594.3,159.6
1783575042,4865,98596.0,27.47,159.45,98595.18,159.52
1783575042,4866,98592.0,27.47,159.81,98594.63,159.57
1783575042,4867,98594.0,27.47,159.63,98594.52,159.58
1783575042,4868,98595.0,27.47,159.54,98594.61,159.58
1783575042,4869,98595.0,27.47,159.54,98594.68,159.57
1783575043,4870,98592.0,27.48,159.81,98594.22,159.61
1783575043,4871,98594.0,27.48,159.63,98594.18,159.61
1783575043,4872,98594.0,27.48,159.63,98594.15,159.62
1783575043,4873,98594.0,27.48,159.63,98594.15,159.62
1783575043,4874,98595.0,27.48,159.54,98594.48,159.59
1783575043,4875,98593.0,27.48,159.72,98594.22,159.61
1783575043,4876,98593.0,27.48,159.72,98594.01,159.63
1783575043,4877,98596.0,27.48,159.45,98594.35,159.6
1783575044,4878,98592.0,27.48,159.81,98593.95,159.63
1783575044,4879,98595.0,27.48,159.54,98594.13,159.62
1783575044,4880,98593.0,27.48,159.72,98593.93,159.64
1783575044,4881,98596.0,27.48,159.45,98594.29,159.6
1783575044,4882,98596.0,27.48,159.45,98594.29,159.6
1783575044,4883,98593.0,27.47,159.71,98594.05,159.62
1783575044,4884,98595.0,27.47,159.53,98594.21,159.6
1783575044,4885,98595.0,27.47,159.53,98594.34,159.59
1783575044,4886,98594.0,27.47,159.62,98594.28,159.6
1783575045,4887,98595.0,27.47,159.53,98594.41,159.59
1783575045,4888,98596.0,27.47,159.45,98594.68,159.56
1783575045,4889,98593.0,27.47,159.71,98594.39,159.59
1783575045,4890,98593.0,27.47,159.71,98594.15,159.61
1783575045,4891,98593.0,27.47,159.71,98594.15,159.61
1783575045,4892,98594.0,27.47,159.62,98594.33,159.59
1783575045,4893,98596.0,27.47,159.44,98594.62,159.56
1783575045,4894,98592.0,27.47,159.8,98594.16,159.6
1783575046,4895,98594.0,27.47,159.62,98594.13,159.61
1783575046,4896,98593.0,27.47,159.71,98593.94,159.62
1783575046,4897,98595.0,27.47,159.53,98594.12,159.61
1783575046,4898,98596.0,27.47,159.44,98594.45,159.58
1783575046,4899,98595.0,27.47,159.53,98594.54,159.57
1783575046,4900,98595.0,27.47,159.53,98594.54,159.57
1783575046,4901,98592.0,27.46,159.8,98594.19,159.6
1783575046,4902,98594.0,27.46,159.62,98594.16,159.6
1783575047,4903,98592.0,27.46,159.8,98593.78,159.64
1783575047,4904,98595.0,27.46,159.53,98593.99,159.62
1783575047,4905,98594.0,27.46,159.62,98593.99,159.62
1783575047,4906,98594.0,27.45,159.61,98593.99,159.61
1783575047,4907,98594.0,27.45,159.61,98593.99,159.61
1783575047,4908,98598.0,27.45,159.26,98594.68,159.55
1783575047,4909,98598.0,27.45,159.26,98594.68,159.55
1783575047,4910,98594.0,27.45,159.61,98593.96,159.62
1783575047,4911,98593.0,27.44,159.7,98593.8,159.63
1783575048,4912,98594.0,27.45,159.61,98593.83,159.63
1783575048,4913,98593.0,27.44,159.7,98593.69,159.64
1783575048,4914,98594.0,27.45,159.61,98593.74,159.64
1783575048,4915,98595.0,27.44,159.52,98593.96,159.61
1783575048,4916,98593.0,27.45,159.7,98593.8,159.63
1783575048,4917,98594.0,27.44,159.61,98593.83,159.62
1783575048,4918,98594.0,27.44,159.61,98593.83,159.62
1783575048,4919,98592.0,27.45,159.78,98593.24,159.67
1783575049,4920,98593.0,27.45,159.7,98593.2,159.68
1783575049,4921,98594.0,27.45,159.61,98593.34,159.67
1783575049,4922,98593.0,27.45,159.7,98593.28,159.67
1783575049,4923,98592.0,27.45,159.78,98593.06,159.69
1783575049,4924,98594.0,27.45,159.61,98593.23,159.68
1783575049,4925,98594.0,27.46,159.61,98593.36,159.66
1783575049,4926,98596.0,27.46,159.43,98593.81,159.62
1783575049,4927,98596.0,27.46,159.43,98593.81,159.62
1783575050,4928,98595.0,27.46,159.52,98593.92,159.61
1783575050,4929,98593.0,27.46,159.7,98593.77,159.63
1783575050,4930,98594.0,27.47,159.61,98593.8,159.62
1783575050,4931,98594.0,27.47,159.61,98593.84,159.62
1783575050,4932,98595.0,27.47,159.52,98594.04,159.6
1783575050,4933,98595.0,27.47,159.52,98594.2,159.59
1783575050,4934,98593.0,27.47,159.7,98593.99,159.61
1783575050,4935,98593.0,27.47,159.7,98593.82,159.62
1783575050,4936,98593.0,27.47,159.7,98593.82,159.62
1783575051,4937,98594.0,27.48,159.61,98593.96,159.61
1783575051,4938,98592.0,27.48,159.78,98593.63,159.64
1783575051,4939,98595.0,27.48,159.52,98593.86,159.62
1783575051,4940,98593.0,27.48,159.7,98593.71,159.63
1783575051,4941,98595.0,27.47,159.52,98593.93,159.61
1783575051,4942,98595.0,27.47,159.52,98594.12,159.6
1783575051,4943,98594.0,27.48,159.61,98594.09,159.6
1783575051,4944,98595.0,27.48,159.52,98594.25,159.59
1783575051,4945,98595.0,27.48,159.52,98594.25,159.59
1783575052,4946,98592.0,27.48,159.78,98593.76,159.62
1783575052,4947,98595.0,27.48,159.51,98593.97,159.61
1783575052,4948,98593.0,27.49,159.69,98593.8,159.62
1783575052,4949,98595.0,27.48,159.51,98594.01,159.6
1783575052,4950,98595.0,27.48,159.51,98594.18,159.59
1783575052,4951,98593.0,27.49,159.69,98593.98,159.6
1783575052,4952,98595.0,27.48,159.51,98594.16,159.59
1783575052,4953,98593.0,27.49,159.69,98593.95,159.61
1783575053,4954,98593.0,27.49,159.69,98593.95,159.61
1783575053,4955,98596.0,27.49,159.42,98594.6,159.55
1783575053,4956,98592.0,27.49,159.78,98594.16,159.59
1783575053,4957,98595.0,27.49,159.51,98594.3,159.57
1783575053,4958,98592.0,27.49,159.78,98593.91,159.61
1783575053,4959,98596.0,27.49,159.42,98594.27,159.58
1783575053,4960,98596.0,27.49,159.42,98594.56,159.55
1783575053,4961,98592.0,27.49,159.78,98594.12,159.59
1783575053,4962,98593.0,27.49,159.69,98593.92,159.61
1783575054,4963,98593.0,27.49,159.69,98593.92,159.61
1783575054,4964,98595.0,27.5,159.51,98594.56,159.55
1783575054,4965,98592.0,27.49,159.78,98594.12,159.59
1783575054,4966,98595.0,27.49,159.51,98594.27,159.58
1783575054,4967,98592.0,27.5,159.78,98593.88,159.61
1783575054,4968,98594.0,27.5,159.6,98593.9,159.61
1783575054,4969,98594.0,27.5,159.6,98593.91,159.61
1783575054,4970,98596.0,27.49,159.42,98594.27,159.58
1783575055,4971,98594.0,27.5,159.6,98594.23,159.58
1783575055,4972,98594.0,27.5,159.6,98594.23,159.58
1783575055,4973,98593.0,27.5,159.69,98593.66,159.63
1783575055,4974,98594.0,27.5,159.6,98593.72,159.63
1783575055,4975,98596.0,27.5,159.42,98594.11,159.59
1783575055,4976,98592.0,27.5,159.78,98593.74,159.62
1783575055,4977,98595.0,27.5,159.51,98593.96,159.61
1783575055,4978,98595.0,27.5,159.51,98594.14,159.59
1783575055,4979,98593.0,27.5,159.69,98593.95,159.61
1783575056,4980,98592.0,27.5,159.78,98593.61,159.64
1783575056,4981,98592.0,27.5,159.78,98593.61,159.64
1783575056,4982,98592.0,27.5,159.78,98593.33,159.66
1783575056,4983,98592.0,27.51,159.78,98593.1,159.68
1783575056,4984,98593.0,27.51,159.69,98593.09,159.68
1783575056,4985,98593.0,27.51,159.69,98593.07,159.68
1783575056,4986,98593.0,27.51,159.69,98593.05,159.69
1783575056,4987,98592.0,27.51,159.78,98592.88,159.7
1783575057,4988,98593.0,27.51,159.69,98592.9,159.7
1783575057,4989,98594.0,27.51,159.6,98593.09,159.68
1783575057,4990,98594.0,27.51,159.6,98593.09,159.68
1783575057,4991,98593.0,27.51,159.69,98592.91,159.7
1783575057,4992,98594.0,27.51,159.6,98593.09,159.68
1783575057,4993,98594.0,27.51,159.6,98593.25,159.67
1783575057,4994,98592.0,27.52,159.78,98593.03,159.69
1783575057,4995,98595.0,27.51,159.51,98593.37,159.66
1783575058,4996,98594.0,27.52,159.6,98593.48,159.65
1783575058,4997,98595.0,27.52,159.51,98593.74,159.62
1783575058,4998,98594.0,27.51,159.6,98593.79,159.62
1783575058,4999,98594.0,27.51,159.6,98593.79,159.62
1783575058,5000,98596.0,27.52,159.42,98594.25,159.58
1783575058,5001,98596.0,27.52,159.42,98594.55,159.55
1783575058,5002,98593.0,27.52,159.69,98594.29,159.58
1783575058,5003,98593.0,27.51,159.69,98594.07,159.6
1783575058,5004,98593.0,27.51,159.69,98593.88,159.61
1783575059,5005,98593.0,27.51,159.69,98593.73,159.63
1783575059,5006,98592.0,27.51,159.78,98593.44,159.65
1783575059,5007,98595.0,27.51,159.51,98593.7,159.63
1783575059,5008,98595.0,27.51,159.51,98593.7,159.63
1783575059,5009,98593.0,27.51,159.69,98593.47,159.64
1783575059,5010,98592.0,27.51,159.77,98593.22,159.67
1783575059,5011,98593.0,27.51,159.69,98593.18,159.67
1783575059,5012,98592.0,27.51,159.77,98592.98,159.69
1783575060,5013,98592.0,27.51,159.77,98592.8,159.7
1783575060,5014,98593.0,27.51,159.69,98592.84,159.7
1783575060,5015,98594.0,27.51,159.6,98593.04,159.68
1783575060,5016,98595.0,27.51,159.51,98593.38,159.65
1783575060,5017,98595.0,27.51,159.51,98593.38,159.65
1783575060,5018,98595.0,27.51,159.5,98594.27,159.57
1783575060,5019,98594.0,27.51,159.59,98594.22,159.57
1783575060,5020,98593.0,27.51,159.68,98594.01,159.59
1783575061,5021,98592.0,27.51,159.77,98593.66,159.62
1783575061,5022,98593.0,27.52,159.68,98593.55,159.63
1783575061,5023,98589.0,27.51,160.03,98592.77,159.7
1783575061,5024,98593.0,27.52,159.68,98592.8,159.7
1783575061,5025,98591.0,27.52,159.86,98592.49,159.72
1783575061,5026,98591.0,27.52,159.86,98592.49,159.72
1783575061,5027,98592.0,27.51,159.77,98592.38,159.74
1783575061,5028,98593.0,27.51,159.68,98592.48,159.73
1783575061,5029,98596.0,27.51,159.41,98593.09,159.67
1783575062,5030,98595.0,27.51,159.5,98593.42,159.64
1783575062,5031,98593.0,27.51,159.68,98593.35,159.65
1783575062,5032,98592.0,27.51,159.77,98593.12,159.67
1783575062,5033,98593.0,27.51,159.68,98593.09,159.67
1783575062,5034,98593.0,27.51,159.68,98593.08,159.67
1783575062,5035,98593.0,27.51,159.68,98593.08,159.67
1783575062,5036,98594.0,27.51,159.59,98593.57,159.63
1783575062,5037,98591.0,27.51,159.86,98593.13,159.67
1783575063,5038,98593.0,27.51,159.68,98593.1,159.67
1783575063,5039,98593.0,27.51,159.68,98593.09,159.67
1783575063,5040,98594.0,27.51,159.59,98593.24,159.66
1783575063,5041,98592.0,27.51,159.77,98593.03,159.68
1783575063,5042,98594.0,27.5,159.59,98593.2,159.66
1783575063,5043,98593.0,27.5,159.68,98593.16,159.67
1783575063,5044,98593.0,27.5,159.68,98593.16,159.67
1783575063,5045,98593.0,27.5,159.67,98593.55,159.63
1783575064,5046,98593.0,27.5,159.67,98593.45,159.63
1783575064,5047,98594.0,27.5,159.59,98593.55,159.63
1783575064,5048,98593.0,27.5,159.67,98593.45,159.63
1783575064,5049,98594.0,27.5,159.59,98593.55,159.63
1783575064,5050,98592.0,27.5,159.76,98593.28,159.65
1783575064,5051,98594.0,27.5,159.59,98593.41,159.64
1783575064,5052,98593.0,27.5,159.67,98593.34,159.64
1783575064,5053,98593.0,27.5,159.67,98593.34,159.64
1783575064,5054,98591.0,27.5,159.85,98592.89,159.68
1783575065,5055,98595.0,27.5,159.5,98593.26,159.65
1783575065,5056,98594.0,27.5,159.59,98593.38,159.64
1783575065,5057,98594.0,27.5,159.59,98593.49,159.63
1783575065,5058,98595.0,27.51,159.5,98593.75,159.61
1783575065,5059,98594.0,27.51,159.59,98593.8,159.6
1783575065,5060,98594.0,27.51,159.59,98593.83,159.6
1783575065,5061,98596.0,27.51,159.41,98594.2,159.57
1783575065,5062,98596.0,27.51,159.41,98594.2,159.57
1783575066,5063,98591.0,27.51,159.85,98593.3,159.65
1783575066,5064,98592.0,27.51,159.76,98593.08,159.67
1783575066,5065,98593.0,27.51,159.67,98593.06,159.67
1783575066,5066,98593.0,27.51,159.67,98593.05,159.67
1783575066,5067,98594.0,27.51,159.59,98593.22,159.66
1783575066,5068,98590.0,27.51,159.94,98592.66,159.7
1783575066,5069,98595.0,27.51,159.5,98593.07,159.67
1783575066,5070,98595.0,27.51,159.49,98593.41,159.63
1783575066,5071,98595.0,27.51,159.49,98593.41,159.63
1783575067,5072,98595.0,27.51,159.49,98593.97,159.58
1783575067,5073,98595.0,27.51,159.49,98594.15,159.57
1783575067,5074,98593.0,27.51,159.67,98593.95,159.58
1783575067,5075,98593.0,27.51,159.67,98593.79,159.6
1783575067,5076,98591.0,27.51,159.85,98593.3,159.64
1783575067,5077,98594.0,27.51,159.58,98593.42,159.63
1783575067,5078,98595.0,27.51,159.49,98593.7,159.61
1783575067,5079,98594.0,27.51,159.58,98593.75,159.6
1783575067,5080,98594.0,27.51,159.58,98593.75,159.6
1783575068,5081,98595.0,27.51,159.49,98593.59,159.62
1783575068,5082,98593.0,27.51,159.67,98593.49,159.63
1783575068,5083,98592.0,27.51,159.76,98593.23,159.65
1783575068,5084,98594.0,27.51,159.58,98593.37,159.64
1783575068,5085,98594.0,27.51,159.58,98593.48,159.63
1783575068,5086,98591.0,27.51,159.85,98593.05,159.67
1783575068,5087,98593.0,27.51,159.67,98593.04,159.67
1783575068,5088,98594.0,27.51,159.58,98593.2,159.65
1783575069,5089,98594.0,27.51,159.58,98593.2,159.65
1783575069,5090,98593.0,27.52,159.67,98592.88,159.68
1783575069,5091,98592.0,27.51,159.76,98592.73,159.69
1783575069,5092,98594.0,27.51,159.58,98592.95,159.67
1783575069,5093,98594.0,27.51,159.58,98593.13,159.66
1783575069,5094,98592.0,27.51,159.76,98592.93,159.68
1783575069,5095,98593.0,27.51,159.67,98592.95,159.67
1783575069,5096,98594.0,27.51,159.58,98593.13,159.66
1783575069,5097,98594.0,27.51,159.58,98593.27,159.65
1783575070,5098,98594.0,27.51,159.58,98593.27,159.65
1783575070,5099,98593.0,27.52,159.67,98593.27,159.65
1783575070,5100,98594.0,27.52,159.58,98593.4,159.63
1783575070,5101,98594.0,27.52,159.58,98593.5,159.63
1783575070,5102,98594.0,27.52,159.58,98593.59,159.62
1783575070,5103,98594.0,27.52,159.58,98593.66,159.61
1783575070,5104,98597.0,27.51,159.31,98594.23,159.55
1783575070,5105,98593.0,27.52,159.66,98594.02,159.57
1783575071,5106,98594.0,27.52,159.58,98594.02,159.57
1783575071,5107,98594.0,27.52,159.58,98594.02,159.57
1783575071,5108,98593.0,27.52,159.66,98593.92,159.58
1783575071,5109,98595.0,27.52,159.49,98594.11,159.57
1783575071,5110,98594.0,27.52,159.58,98594.09,159.57
1783575071,5111,98591.0,27.52,159.84,98593.56,159.61
1783575071,5112,98594.0,27.52,159.58,98593.64,159.61
1783575071,5113,98594.0,27.52,159.58,98593.7,159.6
1783575072,5114,98592.0,27.52,159.75,98593.41,159.63
1783575072,5115,98592.0,27.52,159.75,98593.16,159.65
1783575072,5116,98592.0,27.52,159.75,98593.16,159.65
1783575072,5117,98593.0,27.52,159.66,98593.27,159.64
1783575072,5118,98591.0,27.52,159.84,98592.88,159.67
1783575072,5119,98593.0,27.52,159.66,98592.9,159.67
1783575072,5120,98595.0,27.52,159.49,98593.26,159.64
1783575072,5121,98594.0,27.52,159.58,98593.38,159.63
1783575072,5122,98594.0,27.52,159.58,98593.49,159.62
1783575073,5123,98594.0,27.52,159.58,98593.58,159.61
1783575073,5124,98594.0,27.52,159.58,98593.65,159.61
1783575073,5125,98594.0,27.52,159.58,98593.65,159.61
1783575073,5126,98591.0,27.52,159.84,98593.45,159.62
1783575073,5127,98592.0,27.52,159.75,98593.2,159.65
1783575073,5128,98595.0,27.53,159.49,98593.52,159.62
1783575073,5129,98594.0,27.53,159.58,98593.6,159.61
1783575073,5130,98593.0,27.53,159.66,98593.5,159.62
1783575074,5131,98594.0,27.53,159.58,98593.59,159.61
1783575074,5132,98593.0,27.53,159.66,98593.48,159.62
1783575074,5133,98593.0,27.53,159.66,98593.4,159.63
1783575074,5134,98593.0,27.53,159.66,98593.4,159.63
1783575074,5135,98591.0,27.53,159.84,98592.78,159.68
1783575074,5136,98594.0,27.53,159.58,98592.99,159.66
1783575074,5137,98593.0,27.53,159.66,98592.99,159.66
1783575074,5138,98592.0,27.53,159.75,98592.82,159.68
1783575075,5139,98592.0,27.53,159.75,98592.68,159.69
1783575075,5140,98593.0,27.53,159.66,98592.73,159.69
1783575075,5141,98592.0,27.53,159.75,98592.61,159.7
1783575075,5142,98594.0,27.54,159.58,98592.85,159.68
1783575075,5143,98594.0,27.54,159.58,98592.85,159.68
1783575075,5144,98593.0,27.54,159.66,98592.74,159.69
1783575075,5145,98591.0,27.54,159.84,98592.45,159.71
1783575075,5146,98593.0,27.54,159.66,98592.54,159.7
1783575075,5147,98594.0,27.54,159.58,98592.79,159.68
1783575076,5148,98592.0,27.54,159.75,98592.66,159.69
1783575076,5149,98592.0,27.54,159.75,98592.55,159.7
1783575076,5150,98595.0,27.54,159.49,98592.97,159.67
1783575076,5151,98592.0,27.54,159.75,98592.8,159.68
1783575076,5152,98592.0,27.54,159.75,98592.8,159.68
1783575076,5153,98593.0,27.55,159.66,98592.2,159.74
1783575076,5154,98594.0,27.55,159.58,98592.51,159.71
1783575076,5155,98594.0,27.55,159.58,98592.77,159.68
1783575077,5156,98591.0,27.55,159.84,98592.46,159.71
1783575077,5157,98593.0,27.55,159.66,98592.55,159.7
1783575077,5158,98594.0,27.55,159.58,98592.8,159.68
1783575077,5159,98590.0,27.55,159.93,98592.32,159.72
1783575077,5160,98594.0,27.56,159.58,98592.61,159.7
1783575077,5161,98594.0,27.56,159.58,98592.61,159.7
1783575077,5162,98593.0,27.55,159.66,98592.82,159.68
1783575077,5163,98592.0,27.55,159.75,98592.68,159.69
1783575077,5164,98592.0,27.55,159.75,98592.56,159.7
1783575078,5165,98594.0,27.55,159.58,98592.81,159.68
1783575078,5166,98591.0,27.55,159.84,98592.5,159.71
1783575078,5167,98592.0,27.55,159.75,98592.41,159.72
1783575078,5168,98592.0,27.55,159.75,98592.34,159.72
1783575078,5169,98592.0,27.55,159.75,98592.28,159.73
1783575078,5170,98592.0,27.55,159.75,98592.28,159.73
1783575078,5171,98594.0,27.55,159.58,98593.43,159.63
1783575078,5172,98592.0,27.55,159.75,98593.18,159.65
1783575079,5173,98592.0,27.56,159.75,98592.98,159.67
1783575079,5174,98594.0,27.55,159.58,98593.16,159.65
1783575079,5175,98594.0,27.55,159.58,98593.3,159.64
1783575079,5176,98593.0,27.55,159.66,98593.25,159.64
1783575079,5177,98592.0,27.55,159.75,98593.03,159.66
1783575079,5178,98595.0,27.55,159.49,98593.37,159.63
1783575079,5179,98595.0,27.55,159.49,98593.37,159.63
1783575079,5180,98593.0,27.55,159.66,98593.08,159.66
1783575080,5181,98592.0,27.55,159.75,98592.89,159.67
1783575080,5182,98593.0,27.55,159.66,98592.91,159.67
1783575080,5183,98593.0,27.55,159.66,98592.92,159.67
1783575080,5184,98592.0,27.55,159.75,98592.77,159.68
1783575080,5185,98592.0,27.55,159.75,98592.63,159.7
1783575080,5186,98591.0,27.55,159.84,98592.35,159.72
1783575080,5187,98593.0,27.55,159.66,98592.46,159.71
1783575080,5188,98593.0,27.55,159.66,98592.46,159.71
1783575080,5189,98592.0,27.55,159.75,98592.79,159.68
1783575081,5190,98589.0,27.55,160.02,98592.13,159.74
1783575081,5191,98593.0,27.55,159.66,98592.28,159.73
1783575081,5192,98594.0,27.55,159.58,98592.58,159.7
1783575081,5193,98594.0,27.55,159.58,98592.82,159.68
1783575081,5194,98593.0,27.55,159.67,98592.85,159.68
1783575081,5195,98592.0,27.54,159.76,98592.7,159.7
1783575081,5196,98592.0,27.54,159.76,98592.58,159.71
1783575081,5197,98592.0,27.54,159.76,98592.58,159.71
1783575082,5198,98592.0,27.54,159.76,98592.55,159.71
1783575082,5199,98594.0,27.54,159.58,98592.8,159.69
1783575082,5200,98592.0,27.54,159.76,98592.66,159.7
1783575082,5201,98589.0,27.54,160.02,98592.03,159.75
1783575082,5202,98593.0,27.54,159.67,98592.2,159.74
1783575082,5203,98595.0,27.54,159.49,98592.68,159.7
1783575082,5204,98595.0,27.54,159.49,98593.08,159.66
1783575082,5205,98594.0,27.54,159.58,98593.23,159.65
1783575082,5206,98594.0,27.54,159.58,98593.23,159.65
1783575083,5207,98592.0,27.54,159.76,98592.63,159.7
1783575083,5208,98594.0,27.53,159.58,98592.87,159.68
1783575083,5209,98595.0,27.54,159.49,98593.23,159.65
1783575083,5210,98592.0,27.53,159.76,98593.02,159.67
1783575083,5211,98593.0,27.54,159.67,98593.02,159.67
1783575083,5212,98591.0,27.53,159.85,98592.67,159.7
1783575083,5213,98593.0,27.53,159.67,98592.73,159.69
1783575083,5214,98594.0,27.53,159.58,98592.95,159.67
1783575083,5215,98594.0,27.53,159.58,98592.95,159.67
1783575084,5216,98591.0,27.54,159.85,98592.77,159.69
1783575084,5217,98595.0,27.53,159.49,98593.15,159.66
1783575084,5218,98593.0,27.53,159.67,98593.13,159.66
1783575084,5219,98594.0,27.53,159.58,98593.27,159.65
1783575084,5220,98593.0,27.53,159.67,98593.23,159.65
1783575084,5221,98594.0,27.53,159.58,98593.36,159.63
1783575084,5222,98592.0,27.53,159.75,98593.13,159.65
1783575084,5223,98593.0,27.53,159.66,98593.1,159.65
1783575085,5224,98593.0,27.53,159.66,98593.1,159.65
1783575085,5225,98593.0,27.53,159.66,98593.05,159.66
1783575085,5226,98592.0,27.53,159.75,98592.88,159.67
1783575085,5227,98593.0,27.53,159.66,98592.9,159.67
1783575085,5228,98592.0,27.53,159.75,98592.74,159.69
1783575085,5229,98592.0,27.53,159.75,98592.62,159.7
1783575085,5230,98593.0,27.53,159.66,98592.68,159.69
1783575085,5231,98592.0,27.53,159.75,98592.56,159.7
1783575086,5232,98594.0,27.53,159.58,98592.81,159.68
1783575086,5233,98594.0,27.53,159.58,98592.81,159.68
1783575086,5234,98594.0,27.53,159.58,98592.98,159.67
1783575086,5235,98592.0,27.53,159.75,98592.81,159.68
1783575086,5236,98590.0,27.53,159.93,98592.33,159.72
1783575086,5237,98594.0,27.53,159.58,98592.62,159.7
1783575086,5238,98592.0,27.53,159.75,98592.51,159.71
1783575086,5239,98594.0,27.53,159.58,98592.77,159.68
1783575086,5240,98593.0,27.53,159.66,98592.8,159.68
1783575087,5241,98594.0,27.53,159.58,98593.01,159.66
1783575087,5242,98594.0,27.53,159.58,98593.01,159.66
1783575087,5243,98595.0,27.53,159.48,98593.52,159.61
1783575087,5244,98593.0,27.53,159.66,98593.43,159.62
1783575087,5245,98595.0,27.53,159.48,98593.7,159.6
1783575087,5246,98595.0,27.53,159.48,98593.93,159.58
1783575087,5247,98593.0,27.53,159.66,98593.77,159.59
1783575087,5248,98590.0,27.53,159.92,98593.12,159.65
1783575088,5249,98592.0,27.53,159.75,98592.92,159.67
1783575088,5250,98592.0,27.53,159.75,98592.77,159.68
1783575088,5251,98592.0,27.53,159.75,98592.77,159.68
1783575088,5252,98592.0,27.53,159.75,98592.43,159.71
1783575088,5253,98592.0,27.53,159.75,98592.36,159.72
1783575088,5254,98591.0,27.53,159.84,98592.13,159.74
1783575088,5255,98592.0,27.53,159.75,98592.1,159.74
1783575088,5256,98592.0,27.53,159.75,98592.09,159.74
1783575088,5257,98594.0,27.53,159.57,98592.41,159.71
1783575089,5258,98593.0,27.53,159.66,98592.52,159.7
1783575089,5259,98593.0,27.53,159.66,98592.6,159.69
1783575089,5260,98593.0,27.53,159.66,98592.6,159.69
1783575089,5261,98594.0,27.53,159.57,98593.13,159.65
1783575089,5262,98592.0,27.54,159.75,98592.93,159.66
1783575089,5263,98593.0,27.53,159.66,98592.95,159.66
1783575089,5264,98595.0,27.54,159.48,98593.3,159.63
1783575089,5265,98593.0,27.54,159.66,98593.24,159.64
1783575090,5266,98593.0,27.54,159.66,98593.2,159.64
1783575090,5267,98594.0,27.54,159.57,98593.34,159.63
1783575090,5268,98594.0,27.54,159.57,98593.45,159.62
1783575090,5269,98594.0,27.54,159.57,98593.45,159.62
1783575090,5270,98592.0,27.54,159.75,98592.66,159.69
1783575090,5271,98592.0,27.54,159.75,98592.55,159.7
1783575090,5272,98594.0,27.54,159.57,98592.8,159.68
1783575090,5273,98595.0,27.54,159.48,98593.18,159.64
1783575091,5274,98592.0,27.54,159.75,98592.98,159.66
1783575091,5275,98592.0,27.54,159.75,98592.8,159.68
1783575091,5276,98593.0,27.54,159.66,98592.84,159.67
1783575091,5277,98592.0,27.54,159.75,98592.7,159.69
1783575091,5278,98592.0,27.54,159.75,98592.7,159.69
1783575091,5279,98595.0,27.54,159.48,98593.25,159.64
1783575091,5280,98595.0,27.54,159.48,98593.55,159.61
1783575091,5281,98591.0,27.54,159.84,98593.12,159.65
1783575091,5282,98593.0,27.54,159.66,98593.09,159.65
1783575092,5283,98595.0,27.54,159.48,98593.42,159.62
1783575092,5284,98591.0,27.54,159.84,98593.01,159.66
1783575092,5285,98594.0,27.54,159.57,98593.18,159.64
1783575092,5286,98592.0,27.54,159.75,98592.98,159.66
1783575092,5287,98592.0,27.54,159.75,98592.98,159.66
1783575092,5288,98595.0,27.54,159.48,98593.19,159.64
1783575092,5289,98593.0,27.54,159.66,98593.16,159.64
1783575092,5290,98593.0,27.54,159.66,98593.13,159.65
1783575093,5291,98595.0,27.54,159.48,98593.45,159.62
1783575093,5292,98592.0,27.54,159.75,98593.2,159.64
1783575093,5293,98593.0,27.54,159.66,98593.17,159.64
1783575093,5294,98594.0,27.54,159.57,98593.31,159.63
1783575093,5295,98593.0,27.54,159.66,98593.26,159.64
1783575093,5296,98593.0,27.54,159.66,98593.26,159.64
1783575093,5297,98594.0,27.54,159.57,98592.89,159.67
1783575093,5298,98593.0,27.54,159.66,98592.91,159.67
1783575094,5299,98592.0,27.54,159.75,98592.75,159.68
1783575094,5300,98593.0,27.54,159.66,98592.8,159.68
1783575094,5301,98593.0,27.54,159.66,98592.83,159.67
1783575094,5302,98593.0,27.54,159.66,98592.86,159.67
1783575094,5303,98596.0,27.54,159.39,98593.4,159.62
1783575094,5304,98593.0,27.54,159.66,98593.33,159.64
1783575094,5305,98593.0,27.54,159.66,98593.33,159.64
1783575094,5306,98593.0,27.54,159.66,98593.16,159.65
1783575094,5307,98591.0,27.54,159.84,98592.78,159.68
1783575095,5308,98592.0,27.54,159.75,98592.65,159.7
1783575095,5309,98592.0,27.54,159.75,98592.54,159.7
1783575095,5310,98592.0,27.54,159.75,98592.45,159.71
1783575095,5311,98593.0,27.54,159.66,98592.54,159.7
1783575095,5312,98592.0,27.54,159.75,98592.45,159.71
1783575095,5313,98591.0,27.54,159.84,98592.2,159.74
1783575095,5314,98591.0,27.54,159.84,98592.2,159.74
1783575095,5315,98594.0,27.54,159.58,98593.09,159.66
1783575096,5316,98593.0,27.54,159.66,98593.07,159.66
1783575096,5317,98592.0,27.54,159.75,98592.88,159.67
1783575096,5318,98593.0,27.54,159.66,98592.91,159.67
1783575096,5319,98593.0,27.54,159.66,98592.92,159.67
1783575096,5320,98590.0,27.54,159.93,98592.42,159.72
1783575096,5321,98595.0,27.54,159.49,98592.87,159.68
1783575096,5322,98590.0,27.54,159.93,98592.38,159.72
1783575096,5323,98590.0,27.54,159.93,98592.38,159.72
1783575097,5324,98594.0,27.53,159.58,98592.64,159.7
1783575097,5325,98591.0,27.53,159.84,98592.36,159.72
1783575097,5326,98590.0,27.53,159.94,98591.95,159.76
1783575097,5327,98593.0,27.53,159.67,98592.13,159.75
1783575097,5328,98591.0,27.53,159.85,98591.94,159.76
1783575097,5329,98593.0,27.53,159.67,98592.12,159.75
1783575097,5330,98592.0,27.53,159.76,98592.09,159.75
1783575097,5331,98591.0,27.53,159.85,98591.91,159.77
1783575097,5332,98591.0,27.53,159.85,98591.91,159.77
1783575098,5333,98593.0,27.53,159.67,98592.13,159.75
1783575098,5334,98594.0,27.53,159.58,98592.45,159.72
1783575098,5335,98593.0,27.53,159.67,98592.54,159.71
1783575098,5336,98593.0,27.53,159.67,98592.62,159.7
1783575098,5337,98593.0,27.53,159.67,98592.68,159.7
1783575098,5338,98594.0,27.53,159.58,98592.91,159.68
1783575098,5339,98590.0,27.53,159.94,98592.41,159.72
1783575098,5340,98591.0,27.53,159.85,98592.16,159.74
1783575098,5341,98591.0,27.53,159.85,98592.16,159.74
1783575099,5342,98593.0,27.53,159.67,98592.27,159.73
1783575099,5343,98594.0,27.53,159.58,98592.56,159.71
1783575099,5344,98594.0,27.53,159.58,98592.81,159.69
1783575099,5345,98592.0,27.53,159.76,98592.67,159.7
1783575099,5346,98592.0,27.53,159.76,98592.55,159.71
1783575099,5347,98591.0,27.53,159.85,98592.29,159.73
1783575099,5348,98591.0,27.53,159.85,98592.07,159.75
1783575099,5349,98593.0,27.54,159.67,98592.23,159.74
1783575099,5350,98593.0,27.54,159.67,98592.23,159.74
1783575100,5351,98593.0,27.54,159.67,98593.2,159.65
1783575100,5352,98592.0,27.53,159.76,98592.99,159.67
1783575100,5353,98593.0,27.53,159.67,98592.99,159.67
1783575100,5354,98592.0,27.53,159.76,98592.82,159.68
1783575100,5355,98591.0,27.53,159.85,98592.51,159.71
1783575100,5356,98594.0,27.53,159.58,98592.77,159.69
1783575100,5357,98591.0,27.53,159.85,98592.46,159.72
1783575100,5358,98593.0,27.53,159.67,98592.55,159.71
1783575101,5359,98593.0,27.53,159.67,98592.55,159.71
1783575101,5360,98594.0,27.53,159.58,98592.48,159.72
1783575101,5361,98592.0,27.53,159.76,98592.4,159.72
1783575101,5362,98594.0,27.53,159.58,98592.67,159.7
1783575101,5363,98592.0,27.53,159.76,98592.55,159.71
1783575101,5364,98592.0,27.53,159.76,98592.46,159.72
1783575101,5365,98593.0,27.53,159.67,98592.55,159.71
1783575101,5366,98590.0,27.53,159.94,98592.12,159.75
1783575102,5367,98591.0,27.53,159.85,98591.92,159.77
1783575102,5368,98591.0,27.53,159.85,98591.92,159.77
1783575102,5369,98592.0,27.53,159.76,98592.37,159.73
1783575102,5370,98592.0,27.53,159.76,98592.3,159.73
1783575102,5371,98593.0,27.53,159.67,98592.42,159.72
1783575102,5372,98593.0,27.53,159.67,98592.52,159.71
1783575102,5373,98593.0,27.53,159.67,98592.61,159.7
1783575102,5374,98594.0,27.53,159.58,98592.85,159.68
1783575102,5375,98592.0,27.53,159.76,98592.7,159.7
1783575103,5376,98593.0,27.53,159.67,98592.76,159.69
1783575103,5377,98593.0,27.53,159.67,98592.76,159.69
1783575103,5378,98592.0,27.53,159.75,98591.98,159.75
1783575103,5379,98591.0,27.53,159.84,98591.81,159.77
1783575103,5380,98594.0,27.53,159.58,98592.19,159.74
1783575103,5381,98593.0,27.53,159.66,98592.33,159.72
1783575103,5382,98593.0,27.53,159.66,98592.45,159.71
1783575103,5383,98593.0,27.53,159.66,98592.54,159.7
1783575104,5384,98592.0,27.53,159.75,98592.45,159.71
1783575104,5385,98592.0,27.53,159.75,98592.37,159.72
1783575104,5386,98592.0,27.53,159.75,98592.37,159.72
1783575104,5387,98592.0,27.53,159.75,98591.86,159.76
1783575104,5388,98590.0,27.53,159.93,98591.54,159.79
1783575104,5389,98594.0,27.53,159.58,98591.96,159.76
1783575104,5390,98594.0,27.53,159.58,98592.31,159.72
1783575104,5391,98590.0,27.53,159.93,98591.91,159.76
1783575105,5392,98591.0,27.53,159.84,98591.76,159.77
1783575105,5393,98593.0,27.53,159.66,98591.97,159.76
1783575105,5394,98593.0,27.53,159.66,98592.15,159.74
1783575105,5395,98593.0,27.53,159.66,98592.15,159.74
1783575105,5396,98593.0,27.54,159.66,98592.48,159.71
1783575105,5397,98595.0,27.53,159.49,98592.92,159.67
1783575105,5398,98593.0,27.54,159.66,98592.94,159.67
1783575105,5399,98593.0,27.54,159.66,98592.95,159.67
1783575105,5400,98590.0,27.53,159.93,98592.44,159.71
1783575106,5401,98592.0,27.54,159.75,98592.36,159.72
1783575106,5402,98593.0,27.54,159.66,98592.47,159.71
1783575106,5403,98593.0,27.54,159.66,98592.56,159.7
1783575106,5404,98593.0,27.54,159.66,98592.56,159.7
1783575106,5405,98590.0,27.54,159.93,98592.02,159.75
1783575106,5406,98594.0,27.54,159.58,98592.36,159.72
1783575106,5407,98593.0,27.54,159.66,98592.47,159.71
1783575106,5408,98589.0,27.54,160.02,98591.87,159.76
1783575107,5409,98592.0,27.54,159.75,98591.89,159.76
1783575107,5410,98594.0,27.54,159.58,98592.26,159.73
1783575107,5411,98592.0,27.54,159.75,98592.21,159.73
1783575107,5412,98591.0,27.54,159.84,98592.0,159.75
1783575107,5413,98591.0,27.54,159.84,98592.0,159.75
1783575107,5414,98592.0,27.54,159.75,98592.05,159.75
1783575107,5415,98590.0,27.54,159.93,98591.7,159.78
1783575107,5416,98592.0,27.54,159.75,98591.75,159.77
1783575108,5417,98594.0,27.54,159.58,98592.14,159.74
1783575108,5418,98593.0,27.54,159.66,98592.29,159.73
1783575108,5419,98593.0,27.54,159.66,98592.41,159.72
1783575108,5420,98591.0,27.54,159.84,98592.17,159.74
1783575108,5421,98592.0,27.54,159.75,98592.14,159.74
1783575108,5422,98592.0,27.54,159.75,98592.14,159.74
1783575108,5423,98594.0,27.54,159.58,98592.46,159.71
1783575108,5424,98591.0,27.54,159.84,98592.21,159.73
1783575108,5425,98591.0,27.54,159.84,98592.0,159.75
1783575109,5426,98593.0,27.53,159.66,98592.17,159.74
1783575109,5427,98593.0,27.53,159.66,98592.31,159.72
1783575109,5428,98591.0,27.53,159.84,98592.09,159.74
1783575109,5429,98591.0,27.53,159.84,98591.9,159.76
1783575109,5430,98590.0,27.53,159.93,98591.57,159.79
1783575109,5431,98590.0,27.53,159.93,98591.57,159.79
1783575109,5432,98590.0,27.53,159.93,98591.69,159.78
1783575109,5433,98591.0,27.53,159.84,98591.57,159.79
1783575110,5434,98595.0,27.53,159.49,98592.16,159.74
1783575110,5435,98594.0,27.53,159.58,98592.48,159.71
1783575110,5436,98591.0,27.53,159.84,98592.23,159.73
1783575110,5437,98591.0,27.53,159.84,98592.02,159.75
1783575110,5438,98590.0,27.52,159.93,98591.67,159.78
1783575110,5439,98592.0,27.53,159.75,98591.73,159.78
1783575110,5440,98592.0,27.53,159.75,98591.73,159.78
1783575110,5441,98592.0,27.53,159.75,98592.16,159.74
1783575110,5442,98591.0,27.53,159.84,98591.95,159.76
1783575111,5443,98592.0,27.53,159.75,98591.96,159.76
1783575111,5444,98591.0,27.53,159.84,98591.8,159.77
1783575111,5445,98590.0,27.53,159.93,98591.48,159.8
1783575111,5446,98590.0,27.53,159.93,98591.23,159.82
1783575111,5447,98591.0,27.53,159.84,98591.19,159.82
1783575111,5448,98593.0,27.53,159.66,98591.5,159.8
1783575111,5449,98593.0,27.53,159.66,98591.5,159.8
1783575111,5450,98594.0,27.54,159.57,98591.88,159.76
1783575112,5451,98591.0,27.54,159.84,98591.73,159.77
1783575112,5452,98593.0,27.54,159.66,98591.95,159.75
1783575112,5453,98591.0,27.54,159.84,98591.78,159.77
1783575112,5454,98592.0,27.54,159.75,98591.82,159.76
